model_type,data_profile,median_mse,std_dev_mse,cv_mse,leakage_rate,lambda_reg,window_size,n_layers,lag,base_seed,representative_seed,num_trials,eval_protocol,reservoir_size,spectral_radius,sparsity
QRC,Mackey_Glass_(tau=17),0.037999846639545455,1.2552931385097095e-17,3.3034163280105413e-16,0.1,1e-08,1,1.0,0,2025,2026,11,cold_start,,,
QRC,Mackey_Glass_(tau=17),0.03799984663954545,1.4793771510285994e-17,3.8931134776976974e-16,0.1,1e-08,1,2.0,0,2025,2026,11,cold_start,,,
QRC,Mackey_Glass_(tau=17),0.03799984663954545,1.355871555195335e-17,3.5680974401204946e-16,0.1,1e-08,1,4.0,0,2025,2027,11,cold_start,,,
QRC,Mackey_Glass_(tau=17),0.0012328454075626427,0.00831906728055336,6.747859244574958,0.1,1e-08,2,1.0,0,2025,2030,11,cold_start,,,
QRC,Mackey_Glass_(tau=17),0.0006964208977900383,0.00027616340486066464,0.39654669430084255,0.1,1e-08,2,2.0,0,2025,2027,11,cold_start,,,
QRC,Mackey_Glass_(tau=17),0.0006756350263717956,0.00014885154366492287,0.22031353890023347,0.1,1e-08,2,4.0,0,2025,2035,11,cold_start,,,
QRC,Mackey_Glass_(tau=17),0.0006478603596686706,0.0002062349192978426,0.318332363170538,0.1,1e-08,4,1.0,0,2025,2029,11,cold_start,,,
QRC,Mackey_Glass_(tau=17),0.0008293637037618024,0.0001444964169406701,0.17422563380247735,0.1,1e-08,4,2.0,0,2025,2026,11,cold_start,,,
QRC,Mackey_Glass_(tau=17),0.0008359512777892776,0.00018031201335580238,0.21569679734523298,0.1,1e-08,4,4.0,0,2025,2029,11,cold_start,,,
QRC,Mackey_Glass_(tau=17),0.0004928348146814334,8.494678051810601e-05,0.17236359524035513,0.1,1e-08,6,1.0,0,2025,2029,11,cold_start,,,
QRC,Mackey_Glass_(tau=17),0.0004796299265059643,4.050889060052358e-05,0.08445863854998598,0.1,1e-08,6,2.0,0,2025,2026,11,cold_start,,,
QRC,Mackey_Glass_(tau=17),0.0005021873865200047,6.990596453641797e-05,0.1392029477698426,0.1,1e-08,6,4.0,0,2025,2030,11,cold_start,,,
QRC,Mackey_Glass_(tau=17),0.00026280700554439653,5.962502936180619e-05,0.22687762542058115,0.1,1e-08,8,1.0,0,2025,2027,11,cold_start,,,
QRC,Mackey_Glass_(tau=17),0.00026512207632206327,3.658779297757262e-05,0.13800356984654397,0.1,1e-08,8,2.0,0,2025,2027,11,cold_start,,,
QRC,Mackey_Glass_(tau=17),0.0002822885894339654,1.76691753963865e-05,0.0625925951587915,0.1,1e-08,8,4.0,0,2025,2028,11,cold_start,,,
QRC,Mackey_Glass_(tau=17),0.00016578417608642385,4.1660070990947784e-05,0.25129099757524653,0.1,1e-08,10,1.0,0,2025,2035,11,cold_start,,,
QRC,Mackey_Glass_(tau=17),0.00011842241427370766,3.44833766704009e-05,0.2911896103612621,0.1,1e-08,10,2.0,0,2025,2025,11,cold_start,,,
QRC,Mackey_Glass_(tau=17),0.00014579348928244168,1.62824353226147e-05,0.11168149828056582,0.1,1e-08,10,4.0,0,2025,2028,11,cold_start,,,
QRC,Mackey_Glass_(tau=17),0.010854425485931773,7.396885755142997e-19,6.814626683586311e-17,0.3,1e-08,1,1.0,0,2025,2032,11,cold_start,,,
QRC,Mackey_Glass_(tau=17),0.010854425485931773,1.957032018446458e-18,1.8029807482514224e-16,0.3,1e-08,1,2.0,0,2025,2031,11,cold_start,,,
QRC,Mackey_Glass_(tau=17),0.010854425485931777,2.279873306368262e-18,2.1004090076652738e-16,0.3,1e-08,1,4.0,0,2025,2032,11,cold_start,,,
QRC,Mackey_Glass_(tau=17),0.0009057481766865954,0.0034425480621677433,3.800778351838653,0.3,1e-08,2,1.0,0,2025,2033,11,cold_start,,,
QRC,Mackey_Glass_(tau=17),0.0003794891379187198,3.495630868059431e-05,0.09211412182258921,0.3,1e-08,2,2.0,0,2025,2028,11,cold_start,,,
QRC,Mackey_Glass_(tau=17),0.00040787990472398897,4.9907196362957566e-05,0.12235757580832428,0.3,1e-08,2,4.0,0,2025,2033,11,cold_start,,,
QRC,Mackey_Glass_(tau=17),0.00018772689755645555,0.00014979726146984669,0.7979531085831629,0.3,1e-08,4,1.0,0,2025,2031,11,cold_start,,,
QRC,Mackey_Glass_(tau=17),0.0001838772491823621,4.683863488671899e-05,0.2547277332839927,0.3,1e-08,4,2.0,0,2025,2034,11,cold_start,,,
QRC,Mackey_Glass_(tau=17),0.00015806624704943988,3.0358756763820953e-05,0.1920635007822091,0.3,1e-08,4,4.0,0,2025,2026,11,cold_start,,,
QRC,Mackey_Glass_(tau=17),0.0001017122084908972,6.436873959161453e-05,0.6328516561251863,0.3,1e-08,6,1.0,0,2025,2026,11,cold_start,,,
QRC,Mackey_Glass_(tau=17),4.911160485685317e-05,1.7391194507696723e-05,0.354115785024482,0.3,1e-08,6,2.0,0,2025,2033,11,cold_start,,,
QRC,Mackey_Glass_(tau=17),7.228208557877258e-05,3.010229204498094e-05,0.4164557760605239,0.3,1e-08,6,4.0,0,2025,2029,11,cold_start,,,
QRC,Mackey_Glass_(tau=17),5.578621324205667e-05,7.50812553233717e-05,1.345874741445413,0.3,1e-08,8,1.0,0,2025,2033,11,cold_start,,,
QRC,Mackey_Glass_(tau=17),2.0265454448381815e-05,8.962389602263738e-06,0.44224962361894526,0.3,1e-08,8,2.0,0,2025,2027,11,cold_start,,,
QRC,Mackey_Glass_(tau=17),2.717971496562624e-05,9.956626788717507e-06,0.3663256513657151,0.3,1e-08,8,4.0,0,2025,2029,11,cold_start,,,
QRC,Mackey_Glass_(tau=17),4.90246335974372e-05,4.78174114237346e-05,0.9753751923244214,0.3,1e-08,10,1.0,0,2025,2035,11,cold_start,,,
QRC,Mackey_Glass_(tau=17),1.7058612099144613e-05,1.8293324393965997e-05,1.072380583346713,0.3,1e-08,10,2.0,0,2025,2031,11,cold_start,,,
QRC,Mackey_Glass_(tau=17),2.7512823532916743e-05,1.2330590743696218e-05,0.44817612881294133,0.3,1e-08,10,4.0,0,2025,2033,11,cold_start,,,
QRC,Mackey_Glass_(tau=17),0.004812103188243343,2.0425318392111054e-18,4.2445719871537735e-16,0.5,1e-08,1,1.0,0,2025,2028,11,cold_start,,,
QRC,Mackey_Glass_(tau=17),0.004812103188243342,1.6948394439941687e-18,3.522034706435441e-16,0.5,1e-08,1,2.0,0,2025,2025,11,cold_start,,,
QRC,Mackey_Glass_(tau=17),0.004812103188243342,2.2648244732202215e-18,4.706516848502984e-16,0.5,1e-08,1,4.0,0,2025,2026,11,cold_start,,,
QRC,Mackey_Glass_(tau=17),0.000708763555007485,0.0016695777355582577,2.3556201835753616,0.5,1e-08,2,1.0,0,2025,2033,11,cold_start,,,
QRC,Mackey_Glass_(tau=17),0.00019724200333727,1.9580159605048835e-05,0.09926972588880136,0.5,1e-08,2,2.0,0,2025,2030,11,cold_start,,,
QRC,Mackey_Glass_(tau=17),0.00021435157957598914,2.8828087930529498e-05,0.1344897387159666,0.5,1e-08,2,4.0,0,2025,2033,11,cold_start,,,
QRC,Mackey_Glass_(tau=17),8.80778871507686e-05,8.13078363302908e-05,0.923135635521217,0.5,1e-08,4,1.0,0,2025,2029,11,cold_start,,,
QRC,Mackey_Glass_(tau=17),8.910525982779609e-05,2.4272969651697996e-05,0.27240782080213544,0.5,1e-08,4,2.0,0,2025,2033,11,cold_start,,,
QRC,Mackey_Glass_(tau=17),7.403888554698184e-05,1.7410023179180676e-05,0.2351470183614938,0.5,1e-08,4,4.0,0,2025,2032,11,cold_start,,,
QRC,Mackey_Glass_(tau=17),5.235193292865012e-05,3.8597514418823114e-05,0.7372700922318809,0.5,1e-08,6,1.0,0,2025,2026,11,cold_start,,,
QRC,Mackey_Glass_(tau=17),3.622251907398583e-05,9.492302342818521e-06,0.2620552790221504,0.5,1e-08,6,2.0,0,2025,2031,11,cold_start,,,
QRC,Mackey_Glass_(tau=17),4.114154418952959e-05,1.5562326666306782e-05,0.3782630665153145,0.5,1e-08,6,4.0,0,2025,2031,11,cold_start,,,
QRC,Mackey_Glass_(tau=17),4.966200080580086e-05,6.696762373602199e-05,1.3484680973264314,0.5,1e-08,8,1.0,0,2025,2033,11,cold_start,,,
QRC,Mackey_Glass_(tau=17),2.4842855988788833e-05,4.606153081967556e-06,0.18541157602999575,0.5,1e-08,8,2.0,0,2025,2034,11,cold_start,,,
QRC,Mackey_Glass_(tau=17),2.446135517409814e-05,4.5773576843095616e-06,0.18712608732146105,0.5,1e-08,8,4.0,0,2025,2031,11,cold_start,,,
QRC,Mackey_Glass_(tau=17),3.113369958515455e-05,5.3905029622630344e-05,1.7314045661420148,0.5,1e-08,10,1.0,0,2025,2029,11,cold_start,,,
QRC,Mackey_Glass_(tau=17),1.1804059752257657e-05,1.0857081288224859e-05,0.919775188883496,0.5,1e-08,10,2.0,0,2025,2034,11,cold_start,,,
QRC,Mackey_Glass_(tau=17),1.2252078313863353e-05,3.5017880324086352e-06,0.28581175721398433,0.5,1e-08,10,4.0,0,2025,2027,11,cold_start,,,
QRC,Mackey_Glass_(tau=17),0.002715343708414782,1.6279451604677132e-18,5.995355782852654e-16,0.7,1e-08,1,1.0,0,2025,2029,11,cold_start,,,
QRC,Mackey_Glass_(tau=17),0.0027153437084147807,1.9916724425495297e-18,7.334881534066527e-16,0.7,1e-08,1,2.0,0,2025,2031,11,cold_start,,,
QRC,Mackey_Glass_(tau=17),0.002715343708414782,1.4442881142956035e-18,5.318988199614623e-16,0.7,1e-08,1,4.0,0,2025,2031,11,cold_start,,,
QRC,Mackey_Glass_(tau=17),0.0005760577392754073,0.0010130233641086792,1.7585448385484899,0.7,1e-08,2,1.0,0,2025,2033,11,cold_start,,,
QRC,Mackey_Glass_(tau=17),9.96447769085537e-05,1.2912324038321746e-05,0.1295835510793675,0.7,1e-08,2,2.0,0,2025,2030,11,cold_start,,,
QRC,Mackey_Glass_(tau=17),0.00011296571820043143,2.074532220798996e-05,0.18364263546912704,0.7,1e-08,2,4.0,0,2025,2025,11,cold_start,,,
QRC,Mackey_Glass_(tau=17),4.519259258797441e-05,4.9034066601028564e-05,1.0850022933642527,0.7,1e-08,4,1.0,0,2025,2028,11,cold_start,,,
QRC,Mackey_Glass_(tau=17),4.144596741201906e-05,1.6164795721430265e-05,0.3900209533230145,0.7,1e-08,4,2.0,0,2025,2035,11,cold_start,,,
QRC,Mackey_Glass_(tau=17),3.148498351916662e-05,1.0293108785151487e-05,0.3269212060690936,0.7,1e-08,4,4.0,0,2025,2025,11,cold_start,,,
QRC,Mackey_Glass_(tau=17),2.272783422581341e-05,2.948120762383065e-05,1.2971410883641088,0.7,1e-08,6,1.0,0,2025,2026,11,cold_start,,,
QRC,Mackey_Glass_(tau=17),1.597357432520591e-05,7.1815652272620146e-06,0.44959037226437665,0.7,1e-08,6,2.0,0,2025,2028,11,cold_start,,,
QRC,Mackey_Glass_(tau=17),1.7616532657030505e-05,9.319774514240945e-06,0.5290356902623262,0.7,1e-08,6,4.0,0,2025,2034,11,cold_start,,,
QRC,Mackey_Glass_(tau=17),3.8500197476346874e-05,6.647407974879149e-05,1.7265906178697072,0.7,1e-08,8,1.0,0,2025,2033,11,cold_start,,,
QRC,Mackey_Glass_(tau=17),1.2154772278749382e-05,4.258600740217564e-06,0.3503645023167588,0.7,1e-08,8,2.0,0,2025,2028,11,cold_start,,,
QRC,Mackey_Glass_(tau=17),1.3485674269413722e-05,2.8641218443523897e-06,0.21238254662937997,0.7,1e-08,8,4.0,0,2025,2029,11,cold_start,,,
QRC,Mackey_Glass_(tau=17),2.4541576937130033e-05,5.492939455343627e-05,2.2382178086662057,0.7,1e-08,10,1.0,0,2025,2029,11,cold_start,,,
QRC,Mackey_Glass_(tau=17),6.6098535890533175e-06,1.0229957162704596e-05,1.5476828684445583,0.7,1e-08,10,2.0,0,2025,2028,11,cold_start,,,
QRC,Mackey_Glass_(tau=17),8.851120888105523e-06,2.8865040347831496e-06,0.3261173439244452,0.7,1e-08,10,4.0,0,2025,2030,11,cold_start,,,
QRC,Mackey_Glass_(tau=17),0.0017777123805470666,2.3852447794681098e-18,1.3417495459721575e-15,0.9,1e-08,1,1.0,0,2025,2029,11,cold_start,,,
QRC,Mackey_Glass_(tau=17),0.0017777123805470662,1.5277076297499633e-18,8.593671543648881e-16,0.9,1e-08,1,2.0,0,2025,2025,11,cold_start,,,
QRC,Mackey_Glass_(tau=17),0.0017777123805470657,1.8744757874484854e-18,1.0544314186930746e-15,0.9,1e-08,1,4.0,0,2025,2030,11,cold_start,,,
QRC,Mackey_Glass_(tau=17),0.0005028769492362387,0.0007031406910690094,1.3982360737292254,0.9,1e-08,2,1.0,0,2025,2033,11,cold_start,,,
QRC,Mackey_Glass_(tau=17),5.2704875531447556e-05,1.0026630065397691e-05,0.19024103490036848,0.9,1e-08,2,2.0,0,2025,2030,11,cold_start,,,
QRC,Mackey_Glass_(tau=17),6.280433152777595e-05,1.65262450452267e-05,0.26313861867820015,0.9,1e-08,2,4.0,0,2025,2025,11,cold_start,,,
QRC,Mackey_Glass_(tau=17),2.3032504325808365e-05,3.3059546658832835e-05,1.4353431216677979,0.9,1e-08,4,1.0,0,2025,2035,11,cold_start,,,
QRC,Mackey_Glass_(tau=17),2.00786874576937e-05,1.1633156756653224e-05,0.5793783473727842,0.9,1e-08,4,2.0,0,2025,2035,11,cold_start,,,
QRC,Mackey_Glass_(tau=17),1.3121248961673009e-05,6.815887339670234e-06,0.5194541586383543,0.9,1e-08,4,4.0,0,2025,2028,11,cold_start,,,
QRC,Mackey_Glass_(tau=17),9.702721623890706e-06,2.3885708716419138e-05,2.461753479313073,0.9,1e-08,6,1.0,0,2025,2026,11,cold_start,,,
QRC,Mackey_Glass_(tau=17),6.365039412590381e-06,5.9177915594389925e-06,0.9297336867597852,0.9,1e-08,6,2.0,0,2025,2027,11,cold_start,,,
QRC,Mackey_Glass_(tau=17),8.25559080491452e-06,6.585418736747218e-06,0.7976919995631256,0.9,1e-08,6,4.0,0,2025,2034,11,cold_start,,,
QRC,Mackey_Glass_(tau=17),3.0015168684956584e-05,6.212773477088938e-05,2.0698779148300246,0.9,1e-08,8,1.0,0,2025,2033,11,cold_start,,,
QRC,Mackey_Glass_(tau=17),6.689440692690964e-06,4.1944310526900375e-06,0.6270226832675218,0.9,1e-08,8,2.0,0,2025,2031,11,cold_start,,,
QRC,Mackey_Glass_(tau=17),8.774849566591311e-06,2.3102715407935723e-06,0.26328332164115076,0.9,1e-08,8,4.0,0,2025,2032,11,cold_start,,,
QRC,Mackey_Glass_(tau=17),1.972976995872231e-05,5.160693355508718e-05,2.6156885591193797,0.9,1e-08,10,1.0,0,2025,2029,11,cold_start,,,
QRC,Mackey_Glass_(tau=17),3.1859017009628284e-06,9.310582935941474e-06,2.9224325826272897,0.9,1e-08,10,2.0,0,2025,2031,11,cold_start,,,
QRC,Mackey_Glass_(tau=17),5.861498828772112e-06,2.4575394696217282e-06,0.4192680987256194,0.9,1e-08,10,4.0,0,2025,2030,11,cold_start,,,
QRC,Mackey_Glass_(tau=17),0.001501312576395858,1.7173881883068607e-18,1.1439244667021487e-15,1.0,1e-08,1,1.0,0,2025,2029,11,cold_start,,,
QRC,Mackey_Glass_(tau=17),0.0015013125763958584,1.8352998748760006e-18,1.2224635320660087e-15,1.0,1e-08,1,2.0,0,2025,2030,11,cold_start,,,
QRC,Mackey_Glass_(tau=17),0.001501312576395859,2.0695588809949835e-18,1.378499663250201e-15,1.0,1e-08,1,4.0,0,2025,2028,11,cold_start,,,
QRC,Mackey_Glass_(tau=17),0.0004457843393880407,0.0006065796223217994,1.3607019554668378,1.0,1e-08,2,1.0,0,2025,2025,11,cold_start,,,
QRC,Mackey_Glass_(tau=17),4.1850817348457234e-05,9.272560911855654e-06,0.22156224177536818,1.0,1e-08,2,2.0,0,2025,2030,11,cold_start,,,
QRC,Mackey_Glass_(tau=17),5.0416503982611374e-05,1.5102400261280346e-05,0.29955270731364386,1.0,1e-08,2,4.0,0,2025,2025,11,cold_start,,,
QRC,Mackey_Glass_(tau=17),1.8398356131161567e-05,2.804822285268886e-05,1.524496137194734,1.0,1e-08,4,1.0,0,2025,2035,11,cold_start,,,
QRC,Mackey_Glass_(tau=17),1.558511801459134e-05,1.0075299810143094e-05,0.6464692664316204,1.0,1e-08,4,2.0,0,2025,2035,11,cold_start,,,
QRC,Mackey_Glass_(tau=17),9.481053892506095e-06,5.732663800607647e-06,0.6046441530238313,1.0,1e-08,4,4.0,0,2025,2028,11,cold_start,,,
QRC,Mackey_Glass_(tau=17),7.285392122297553e-06,2.189568744119952e-05,3.005423328441846,1.0,1e-08,6,1.0,0,2025,2026,11,cold_start,,,
QRC,Mackey_Glass_(tau=17),4.88403657688283e-06,5.411681912343515e-06,1.1080346813859137,1.0,1e-08,6,2.0,0,2025,2027,11,cold_start,,,
QRC,Mackey_Glass_(tau=17),6.502967019081249e-06,5.632892659545356e-06,0.8662034795835672,1.0,1e-08,6,4.0,0,2025,2034,11,cold_start,,,
QRC,Mackey_Glass_(tau=17),2.7239338557997942e-05,5.9711368994062056e-05,2.192100548510924,1.0,1e-08,8,1.0,0,2025,2033,11,cold_start,,,
QRC,Mackey_Glass_(tau=17),5.653416750012099e-06,4.099058543076065e-06,0.7250586192973112,1.0,1e-08,8,2.0,0,2025,2031,11,cold_start,,,
QRC,Mackey_Glass_(tau=17),7.790599548366894e-06,2.091094734999653e-06,0.2684125556726888,1.0,1e-08,8,4.0,0,2025,2032,11,cold_start,,,
QRC,Mackey_Glass_(tau=17),1.797981185759e-05,4.9432876638954764e-05,2.749354499951965,1.0,1e-08,10,1.0,0,2025,2029,11,cold_start,,,
QRC,Mackey_Glass_(tau=17),2.728478966293918e-06,8.779327800685965e-06,3.217663727351687,1.0,1e-08,10,2.0,0,2025,2031,11,cold_start,,,
QRC,Mackey_Glass_(tau=17),5.1291551127276315e-06,2.262433245005336e-06,0.4410927716713557,1.0,1e-08,10,4.0,0,2025,2029,11,cold_start,,,
Classical_ESN,Mackey_Glass_(tau=17),0.0007148937392574613,5.203567992946557e-05,0.07278799221757554,0.1,1e-08,1,,0,2025,2025,11,cold_start,50.0,0.9,0.1
Classical_ESN,Mackey_Glass_(tau=17),0.00041466803035229553,0.0004231513156419324,1.0204580162170438,0.1,1e-08,2,,0,2025,2025,11,cold_start,50.0,0.9,0.1
Classical_ESN,Mackey_Glass_(tau=17),0.000120087151883905,0.000153733865325181,1.28018578934909,0.1,1e-08,4,,0,2025,2029,11,cold_start,50.0,0.9,0.1
Classical_ESN,Mackey_Glass_(tau=17),0.00033380960624517175,0.00019145109717289737,0.5735338156574292,0.1,1e-08,6,,0,2025,2026,11,cold_start,50.0,0.9,0.1
Classical_ESN,Mackey_Glass_(tau=17),7.824453725954481e-05,0.00020294472750990932,2.5937239150219744,0.1,1e-08,8,,0,2025,2035,11,cold_start,50.0,0.9,0.1
Classical_ESN,Mackey_Glass_(tau=17),0.00011109339250446479,0.0002833110870737738,2.5502064586099276,0.1,1e-08,10,,0,2025,2026,11,cold_start,50.0,0.9,0.1
Classical_ESN,Mackey_Glass_(tau=17),0.00012307260822042214,1.9337344120871892e-05,0.15712142937800466,0.3,1e-08,1,,0,2025,2026,11,cold_start,50.0,0.9,0.1
Classical_ESN,Mackey_Glass_(tau=17),1.2246629013821104e-05,6.4031144226001726e-06,0.5228470965662345,0.3,1e-08,2,,0,2025,2035,11,cold_start,50.0,0.9,0.1
Classical_ESN,Mackey_Glass_(tau=17),3.1563976690281857e-06,2.515286974768489e-06,0.7968853226098451,0.3,1e-08,4,,0,2025,2027,11,cold_start,50.0,0.9,0.1
Classical_ESN,Mackey_Glass_(tau=17),7.465628541431155e-06,1.4452019709615836e-05,1.935807498245204,0.3,1e-08,6,,0,2025,2031,11,cold_start,50.0,0.9,0.1
Classical_ESN,Mackey_Glass_(tau=17),5.840415571238466e-06,9.81277008418734e-06,1.6801492915180576,0.3,1e-08,8,,0,2025,2033,11,cold_start,50.0,0.9,0.1
Classical_ESN,Mackey_Glass_(tau=17),1.029657905818225e-05,1.911183494043359e-05,1.8561344338191852,0.3,1e-08,10,,0,2025,2035,11,cold_start,50.0,0.9,0.1
Classical_ESN,Mackey_Glass_(tau=17),0.00010056457751340702,6.377726474890807e-06,0.06341921412676889,0.5,1e-08,1,,0,2025,2034,11,cold_start,50.0,0.9,0.1
Classical_ESN,Mackey_Glass_(tau=17),2.20512031374633e-06,1.0405860215541392e-06,0.47189534968559765,0.5,1e-08,2,,0,2025,2032,11,cold_start,50.0,0.9,0.1
Classical_ESN,Mackey_Glass_(tau=17),1.929529665685864e-06,2.8359328623594298e-06,1.4697534392928748,0.5,1e-08,4,,0,2025,2028,11,cold_start,50.0,0.9,0.1
Classical_ESN,Mackey_Glass_(tau=17),4.9412229858598994e-06,3.132527908956721e-06,0.633958013617469,0.5,1e-08,6,,0,2025,2027,11,cold_start,50.0,0.9,0.1
Classical_ESN,Mackey_Glass_(tau=17),3.4521310755458036e-06,1.448887099860809e-06,0.4197080203948313,0.5,1e-08,8,,0,2025,2029,11,cold_start,50.0,0.9,0.1
Classical_ESN,Mackey_Glass_(tau=17),6.65393606680096e-06,8.697819815650236e-06,1.307169129419051,0.5,1e-08,10,,0,2025,2029,11,cold_start,50.0,0.9,0.1
Classical_ESN,Mackey_Glass_(tau=17),9.671472433168245e-05,1.4215475343417524e-05,0.1469835688583018,0.7,1e-08,1,,0,2025,2032,11,cold_start,50.0,0.9,0.1
Classical_ESN,Mackey_Glass_(tau=17),1.5794793116686106e-06,1.7839463459019063e-06,1.1294521762474308,0.7,1e-08,2,,0,2025,2027,11,cold_start,50.0,0.9,0.1
Classical_ESN,Mackey_Glass_(tau=17),3.2240076197697304e-06,1.778357695113843e-06,0.5515984776862467,0.7,1e-08,4,,0,2025,2034,11,cold_start,50.0,0.9,0.1
Classical_ESN,Mackey_Glass_(tau=17),3.8032812831098687e-06,2.332708877244981e-06,0.613341139821657,0.7,1e-08,6,,0,2025,2025,11,cold_start,50.0,0.9,0.1
Classical_ESN,Mackey_Glass_(tau=17),3.1408695904027e-06,1.334866214652292e-06,0.42499892982858445,0.7,1e-08,8,,0,2025,2032,11,cold_start,50.0,0.9,0.1
Classical_ESN,Mackey_Glass_(tau=17),5.244967507193902e-06,7.272123464378296e-06,1.3864954271697554,0.7,1e-08,10,,0,2025,2027,11,cold_start,50.0,0.9,0.1
Classical_ESN,Mackey_Glass_(tau=17),0.00011108292247351854,2.4937729747023702e-05,0.22449652198310407,0.9,1e-08,1,,0,2025,2035,11,cold_start,50.0,0.9,0.1
Classical_ESN,Mackey_Glass_(tau=17),1.7295138142868295e-06,7.60204186065895e-07,0.43954791212776034,0.9,1e-08,2,,0,2025,2032,11,cold_start,50.0,0.9,0.1
Classical_ESN,Mackey_Glass_(tau=17),5.470080522874955e-06,5.66271065893658e-06,1.0352152285978384,0.9,1e-08,4,,0,2025,2027,11,cold_start,50.0,0.9,0.1
Classical_ESN,Mackey_Glass_(tau=17),4.179032350670851e-06,2.4061166047893583e-06,0.5757592674302006,0.9,1e-08,6,,0,2025,2030,11,cold_start,50.0,0.9,0.1
Classical_ESN,Mackey_Glass_(tau=17),3.640536351685963e-06,3.65432230996688e-06,1.0037867931945064,0.9,1e-08,8,,0,2025,2029,11,cold_start,50.0,0.9,0.1
Classical_ESN,Mackey_Glass_(tau=17),7.434546910971921e-06,6.381953980481056e-06,0.858418684676339,0.9,1e-08,10,,0,2025,2026,11,cold_start,50.0,0.9,0.1
Classical_ESN,Mackey_Glass_(tau=17),0.0006688341745444676,5.555561969731793e-05,0.08306336878667418,0.1,1e-08,1,,0,2025,2025,11,cold_start,50.0,0.9,0.2
Classical_ESN,Mackey_Glass_(tau=17),0.0004960471803374077,0.0002631061724546129,0.5304055398029881,0.1,1e-08,2,,0,2025,2032,11,cold_start,50.0,0.9,0.2
Classical_ESN,Mackey_Glass_(tau=17),0.00014267441607713287,0.00022935113489804494,1.6075140954076361,0.1,1e-08,4,,0,2025,2026,11,cold_start,50.0,0.9,0.2
Classical_ESN,Mackey_Glass_(tau=17),0.00017223692322838763,0.00016422131832229087,0.9534617505012674,0.1,1e-08,6,,0,2025,2031,11,cold_start,50.0,0.9,0.2
Classical_ESN,Mackey_Glass_(tau=17),0.00012835436052144515,0.0002867699855742975,2.2342052456128645,0.1,1e-08,8,,0,2025,2029,11,cold_start,50.0,0.9,0.2
Classical_ESN,Mackey_Glass_(tau=17),0.00016236561666557798,0.0006272466583461873,3.8631741819951806,0.1,1e-08,10,,0,2025,2028,11,cold_start,50.0,0.9,0.2
Classical_ESN,Mackey_Glass_(tau=17),0.00011795994713822096,1.4483996334212489e-05,0.12278740950299592,0.3,1e-08,1,,0,2025,2027,11,cold_start,50.0,0.9,0.2
Classical_ESN,Mackey_Glass_(tau=17),9.661592878503419e-06,1.0632838875739961e-05,1.1005264876558314,0.3,1e-08,2,,0,2025,2034,11,cold_start,50.0,0.9,0.2
Classical_ESN,Mackey_Glass_(tau=17),3.6969101131858334e-06,2.028650061723372e-06,0.5487420574516406,0.3,1e-08,4,,0,2025,2030,11,cold_start,50.0,0.9,0.2
Classical_ESN,Mackey_Glass_(tau=17),6.53127923543518e-06,1.144085451112001e-05,1.7517019405705603,0.3,1e-08,6,,0,2025,2025,11,cold_start,50.0,0.9,0.2
Classical_ESN,Mackey_Glass_(tau=17),7.799828380159233e-06,4.0095692181203656e-06,0.5140586462542795,0.3,1e-08,8,,0,2025,2025,11,cold_start,50.0,0.9,0.2
Classical_ESN,Mackey_Glass_(tau=17),2.0373959057167256e-05,1.5521927467121576e-05,0.7618513134128044,0.3,1e-08,10,,0,2025,2035,11,cold_start,50.0,0.9,0.2
Classical_ESN,Mackey_Glass_(tau=17),0.00010460667075291977,1.9230974707322064e-05,0.18384080641229367,0.5,1e-08,1,,0,2025,2033,11,cold_start,50.0,0.9,0.2
Classical_ESN,Mackey_Glass_(tau=17),2.306650361968293e-06,1.1331209255956609e-06,0.49124086783085535,0.5,1e-08,2,,0,2025,2031,11,cold_start,50.0,0.9,0.2
Classical_ESN,Mackey_Glass_(tau=17),2.45366979671908e-06,2.1996834359354984e-06,0.8964871470793669,0.5,1e-08,4,,0,2025,2027,11,cold_start,50.0,0.9,0.2
Classical_ESN,Mackey_Glass_(tau=17),3.13558372123438e-06,1.009167703757496e-05,3.2184364809759205,0.5,1e-08,6,,0,2025,2025,11,cold_start,50.0,0.9,0.2
Classical_ESN,Mackey_Glass_(tau=17),5.128206118129824e-06,2.2055476026495777e-06,0.43008169949571107,0.5,1e-08,8,,0,2025,2032,11,cold_start,50.0,0.9,0.2
Classical_ESN,Mackey_Glass_(tau=17),6.605163110403486e-06,8.637762883333801e-06,1.307728929468655,0.5,1e-08,10,,0,2025,2027,11,cold_start,50.0,0.9,0.2
Classical_ESN,Mackey_Glass_(tau=17),9.643691570066981e-05,2.701643425345227e-05,0.2801461873512056,0.7,1e-08,1,,0,2025,2033,11,cold_start,50.0,0.9,0.2
Classical_ESN,Mackey_Glass_(tau=17),1.5694053648742927e-06,4.894843981574067e-07,0.3118916304944667,0.7,1e-08,2,,0,2025,2031,11,cold_start,50.0,0.9,0.2
Classical_ESN,Mackey_Glass_(tau=17),1.929858249729248e-06,1.16488017164829e-06,0.603609188297492,0.7,1e-08,4,,0,2025,2030,11,cold_start,50.0,0.9,0.2
Classical_ESN,Mackey_Glass_(tau=17),3.2641109496934007e-06,3.2572125232793355e-06,0.9978865833544313,0.7,1e-08,6,,0,2025,2035,11,cold_start,50.0,0.9,0.2
Classical_ESN,Mackey_Glass_(tau=17),3.7084602513855695e-06,1.4777513878440044e-06,0.3984811182193152,0.7,1e-08,8,,0,2025,2033,11,cold_start,50.0,0.9,0.2
Classical_ESN,Mackey_Glass_(tau=17),7.13358928422264e-06,1.5684337024487112e-05,2.1986599451661957,0.7,1e-08,10,,0,2025,2032,11,cold_start,50.0,0.9,0.2
Classical_ESN,Mackey_Glass_(tau=17),0.00012962358328667863,3.331111265331732e-05,0.25698342700221194,0.9,1e-08,1,,0,2025,2035,11,cold_start,50.0,0.9,0.2
Classical_ESN,Mackey_Glass_(tau=17),1.8360663693644941e-06,3.2735866215324383e-07,0.17829347980843982,0.9,1e-08,2,,0,2025,2025,11,cold_start,50.0,0.9,0.2
Classical_ESN,Mackey_Glass_(tau=17),7.320574485797474e-06,3.9388362670382485e-06,0.5380501591343575,0.9,1e-08,4,,0,2025,2030,11,cold_start,50.0,0.9,0.2
Classical_ESN,Mackey_Glass_(tau=17),6.291834191629866e-06,8.442664201177733e-06,1.3418446742301557,0.9,1e-08,6,,0,2025,2033,11,cold_start,50.0,0.9,0.2
Classical_ESN,Mackey_Glass_(tau=17),4.9006752433061935e-06,3.5493494506208337e-06,0.7242572246485566,0.9,1e-08,8,,0,2025,2026,11,cold_start,50.0,0.9,0.2
Classical_ESN,Mackey_Glass_(tau=17),5.0487181956437904e-06,4.424343071445427e-06,0.8763299712911099,0.9,1e-08,10,,0,2025,2028,11,cold_start,50.0,0.9,0.2
Classical_ESN,Mackey_Glass_(tau=17),0.0017095030810662583,0.0010116900667633461,0.5918035936690623,0.1,1e-08,1,,0,2025,2029,11,cold_start,50.0,1.1,0.1
Classical_ESN,Mackey_Glass_(tau=17),0.0008667226099254438,0.0015597357235838858,1.7995789030103362,0.1,1e-08,2,,0,2025,2030,11,cold_start,50.0,1.1,0.1
Classical_ESN,Mackey_Glass_(tau=17),0.0002581800353866325,0.0037772020236810804,14.630108861921121,0.1,1e-08,4,,0,2025,2027,11,cold_start,50.0,1.1,0.1
Classical_ESN,Mackey_Glass_(tau=17),0.0005126453226075784,0.0018632594784674268,3.6345976375828974,0.1,1e-08,6,,0,2025,2029,11,cold_start,50.0,1.1,0.1
Classical_ESN,Mackey_Glass_(tau=17),0.0005208109450773362,0.00046126040024130647,0.8856580388739969,0.1,1e-08,8,,0,2025,2025,11,cold_start,50.0,1.1,0.1
Classical_ESN,Mackey_Glass_(tau=17),0.000441288019484171,0.001121011057105332,2.540316092006533,0.1,1e-08,10,,0,2025,2033,11,cold_start,50.0,1.1,0.1
Classical_ESN,Mackey_Glass_(tau=17),0.0002623770777467598,0.0003180237346341523,1.2120865792289268,0.3,1e-08,1,,0,2025,2030,11,cold_start,50.0,1.1,0.1
Classical_ESN,Mackey_Glass_(tau=17),4.7812526545636495e-05,6.938917755627223e-05,1.4512761104569756,0.3,1e-08,2,,0,2025,2025,11,cold_start,50.0,1.1,0.1
Classical_ESN,Mackey_Glass_(tau=17),4.418603551399498e-05,0.003448294097355181,78.04035952179977,0.3,1e-08,4,,0,2025,2034,11,cold_start,50.0,1.1,0.1
Classical_ESN,Mackey_Glass_(tau=17),0.00017505614292733946,0.000902566687074151,5.155869836848737,0.3,1e-08,6,,0,2025,2035,11,cold_start,50.0,1.1,0.1
Classical_ESN,Mackey_Glass_(tau=17),0.00012932496568578977,0.00014410477021748822,1.114284233158876,0.3,1e-08,8,,0,2025,2032,11,cold_start,50.0,1.1,0.1
Classical_ESN,Mackey_Glass_(tau=17),0.0002391704536993356,0.000759672823416595,3.1762820685685114,0.3,1e-08,10,,0,2025,2034,11,cold_start,50.0,1.1,0.1
Classical_ESN,Mackey_Glass_(tau=17),0.0002531214566006901,0.00026559986658448173,1.049298112263461,0.5,1e-08,1,,0,2025,2032,11,cold_start,50.0,1.1,0.1
Classical_ESN,Mackey_Glass_(tau=17),1.735149461760713e-05,0.00043404195565430664,25.014672523591717,0.5,1e-08,2,,0,2025,2034,11,cold_start,50.0,1.1,0.1
Classical_ESN,Mackey_Glass_(tau=17),1.364415005693834e-05,0.0008256959721773602,60.5164827953117,0.5,1e-08,4,,0,2025,2026,11,cold_start,50.0,1.1,0.1
Classical_ESN,Mackey_Glass_(tau=17),3.805798973452696e-05,0.0002119938329742897,5.570284569759204,0.5,1e-08,6,,0,2025,2035,11,cold_start,50.0,1.1,0.1
Classical_ESN,Mackey_Glass_(tau=17),5.6642975330702545e-05,0.00012583419197658132,2.2215321713224805,0.5,1e-08,8,,0,2025,2029,11,cold_start,50.0,1.1,0.1
Classical_ESN,Mackey_Glass_(tau=17),6.109604035115478e-05,0.0005715383092220938,9.354752058187861,0.5,1e-08,10,,0,2025,2028,11,cold_start,50.0,1.1,0.1
Classical_ESN,Mackey_Glass_(tau=17),0.00021170564817537998,0.00010677862543714062,0.5043730592803253,0.7,1e-08,1,,0,2025,2032,11,cold_start,50.0,1.1,0.1
Classical_ESN,Mackey_Glass_(tau=17),1.46038260228558e-05,6.389605642597414e-05,4.37529564690604,0.7,1e-08,2,,0,2025,2034,11,cold_start,50.0,1.1,0.1
Classical_ESN,Mackey_Glass_(tau=17),5.937773294974796e-06,0.0002826568677741021,47.6031760952069,0.7,1e-08,4,,0,2025,2027,11,cold_start,50.0,1.1,0.1
Classical_ESN,Mackey_Glass_(tau=17),3.063501663139527e-05,9.06389434920528e-05,2.95867126767493,0.7,1e-08,6,,0,2025,2035,11,cold_start,50.0,1.1,0.1
Classical_ESN,Mackey_Glass_(tau=17),1.9224922062471156e-05,0.00013613418525056093,7.081130670293201,0.7,1e-08,8,,0,2025,2034,11,cold_start,50.0,1.1,0.1
Classical_ESN,Mackey_Glass_(tau=17),2.179936748998998e-05,0.0002970673082967037,13.627336134092587,0.7,1e-08,10,,0,2025,2028,11,cold_start,50.0,1.1,0.1
Classical_ESN,Mackey_Glass_(tau=17),0.0001695377867107539,8.669036255532501e-05,0.5113335748757075,0.9,1e-08,1,,0,2025,2031,11,cold_start,50.0,1.1,0.1
Classical_ESN,Mackey_Glass_(tau=17),1.6892629444731113e-05,1.5853166502328793e-05,0.9384664805557235,0.9,1e-08,2,,0,2025,2032,11,cold_start,50.0,1.1,0.1
Classical_ESN,Mackey_Glass_(tau=17),1.2303958137743462e-05,6.765701041383659e-05,5.498800439371849,0.9,1e-08,4,,0,2025,2034,11,cold_start,50.0,1.1,0.1
Classical_ESN,Mackey_Glass_(tau=17),4.60249041080205e-05,4.399535087246385e-05,0.9559031512419172,0.9,1e-08,6,,0,2025,2025,11,cold_start,50.0,1.1,0.1
Classical_ESN,Mackey_Glass_(tau=17),2.542867979441769e-05,5.4252703485817974e-05,2.133524190969913,0.9,1e-08,8,,0,2025,2028,11,cold_start,50.0,1.1,0.1
Classical_ESN,Mackey_Glass_(tau=17),1.871512637172376e-05,8.506693629427128e-05,4.545357301075824,0.9,1e-08,10,,0,2025,2025,11,cold_start,50.0,1.1,0.1
Classical_ESN,Mackey_Glass_(tau=17),0.0008056140416170543,0.003576105003456915,4.438980477895895,0.1,1e-08,1,,0,2025,2035,11,cold_start,50.0,1.1,0.2
Classical_ESN,Mackey_Glass_(tau=17),0.001018956034051796,0.00097135676671513,0.9532862402832128,0.1,1e-08,2,,0,2025,2035,11,cold_start,50.0,1.1,0.2
Classical_ESN,Mackey_Glass_(tau=17),0.00029249088034346107,0.00122443500347584,4.186233095671331,0.1,1e-08,4,,0,2025,2034,11,cold_start,50.0,1.1,0.2
Classical_ESN,Mackey_Glass_(tau=17),0.0011412865952105495,0.0017556196066999753,1.5382811066628632,0.1,1e-08,6,,0,2025,2034,11,cold_start,50.0,1.1,0.2
Classical_ESN,Mackey_Glass_(tau=17),0.0003677105488185271,0.0002439237486126719,0.6633580390783225,0.1,1e-08,8,,0,2025,2034,11,cold_start,50.0,1.1,0.2
Classical_ESN,Mackey_Glass_(tau=17),0.0005785767223114704,0.0015851876221780674,2.739805389759008,0.1,1e-08,10,,0,2025,2025,11,cold_start,50.0,1.1,0.2
Classical_ESN,Mackey_Glass_(tau=17),0.00023635406176421156,0.0031554877303833586,13.35068120611058,0.3,1e-08,1,,0,2025,2034,11,cold_start,50.0,1.1,0.2
Classical_ESN,Mackey_Glass_(tau=17),5.82388498320601e-05,0.0005645232118853655,9.693241084143102,0.3,1e-08,2,,0,2025,2031,11,cold_start,50.0,1.1,0.2
Classical_ESN,Mackey_Glass_(tau=17),1.2493380625147805e-05,0.0006374169900933792,51.02037704753257,0.3,1e-08,4,,0,2025,2032,11,cold_start,50.0,1.1,0.2
Classical_ESN,Mackey_Glass_(tau=17),6.160568797623635e-05,0.00021334248797946157,3.4630323106164456,0.3,1e-08,6,,0,2025,2031,11,cold_start,50.0,1.1,0.2
Classical_ESN,Mackey_Glass_(tau=17),0.00010233115713465484,0.00010832694983437182,1.0585920541465907,0.3,1e-08,8,,0,2025,2029,11,cold_start,50.0,1.1,0.2
Classical_ESN,Mackey_Glass_(tau=17),0.00012651695570111543,0.0005761686076525945,4.554082134364183,0.3,1e-08,10,,0,2025,2031,11,cold_start,50.0,1.1,0.2
Classical_ESN,Mackey_Glass_(tau=17),0.00019051574911144729,0.00023089678284673903,1.211956407402675,0.5,1e-08,1,,0,2025,2028,11,cold_start,50.0,1.1,0.2
Classical_ESN,Mackey_Glass_(tau=17),2.1906887540590725e-05,0.00017491454973066892,7.984454633574675,0.5,1e-08,2,,0,2025,2033,11,cold_start,50.0,1.1,0.2
Classical_ESN,Mackey_Glass_(tau=17),7.295938034368904e-06,0.000181570776225875,24.886556789620656,0.5,1e-08,4,,0,2025,2027,11,cold_start,50.0,1.1,0.2
Classical_ESN,Mackey_Glass_(tau=17),2.5537667164572743e-05,7.481118859924844e-05,2.92944489084072,0.5,1e-08,6,,0,2025,2035,11,cold_start,50.0,1.1,0.2
Classical_ESN,Mackey_Glass_(tau=17),4.335066362288733e-05,0.0006133126287026068,14.14771026432,0.5,1e-08,8,,0,2025,2033,11,cold_start,50.0,1.1,0.2
Classical_ESN,Mackey_Glass_(tau=17),6.448326319770827e-05,0.0005166641398059183,8.012375834979153,0.5,1e-08,10,,0,2025,2031,11,cold_start,50.0,1.1,0.2
Classical_ESN,Mackey_Glass_(tau=17),0.00022115802822631343,0.00011848651946430658,0.5357550002347553,0.7,1e-08,1,,0,2025,2025,11,cold_start,50.0,1.1,0.2
Classical_ESN,Mackey_Glass_(tau=17),6.042932451104155e-06,1.5936362020552663e-05,2.6371901637988353,0.7,1e-08,2,,0,2025,2031,11,cold_start,50.0,1.1,0.2
Classical_ESN,Mackey_Glass_(tau=17),1.085271082938686e-05,0.0001500150075022294,13.822814397304338,0.7,1e-08,4,,0,2025,2026,11,cold_start,50.0,1.1,0.2
Classical_ESN,Mackey_Glass_(tau=17),2.8909971274595257e-05,4.5903511324730906e-05,1.5878089565958435,0.7,1e-08,6,,0,2025,2031,11,cold_start,50.0,1.1,0.2
Classical_ESN,Mackey_Glass_(tau=17),6.187425603591343e-05,0.00015569877742320251,2.516374133578768,0.7,1e-08,8,,0,2025,2031,11,cold_start,50.0,1.1,0.2
Classical_ESN,Mackey_Glass_(tau=17),5.3871749708877444e-05,0.00010527908570507522,1.9542540621754938,0.7,1e-08,10,,0,2025,2025,11,cold_start,50.0,1.1,0.2
Classical_ESN,Mackey_Glass_(tau=17),0.00023067197707972166,0.00012164368165461952,0.5273448608479162,0.9,1e-08,1,,0,2025,2026,11,cold_start,50.0,1.1,0.2
Classical_ESN,Mackey_Glass_(tau=17),1.786856911302688e-05,4.008763360461473e-05,2.2434719507220806,0.9,1e-08,2,,0,2025,2027,11,cold_start,50.0,1.1,0.2
Classical_ESN,Mackey_Glass_(tau=17),3.999296894357758e-05,9.839380142295189e-05,2.460277494320732,0.9,1e-08,4,,0,2025,2035,11,cold_start,50.0,1.1,0.2
Classical_ESN,Mackey_Glass_(tau=17),2.2266266369044775e-05,2.8239843036258554e-05,1.2682792241953247,0.9,1e-08,6,,0,2025,2029,11,cold_start,50.0,1.1,0.2
Classical_ESN,Mackey_Glass_(tau=17),3.0634927985940416e-05,4.6250133138044425e-05,1.5097190095981439,0.9,1e-08,8,,0,2025,2025,11,cold_start,50.0,1.1,0.2
Classical_ESN,Mackey_Glass_(tau=17),3.528972939298022e-05,5.168728044581283e-05,1.464655052189048,0.9,1e-08,10,,0,2025,2034,11,cold_start,50.0,1.1,0.2
Classical_ESN,Mackey_Glass_(tau=17),0.024376542006108996,0.05479877880883879,2.2480128147423732,0.1,1e-08,1,,0,2025,2028,11,cold_start,50.0,1.25,0.1
Classical_ESN,Mackey_Glass_(tau=17),0.0069046903807510815,0.023403635035183525,3.3895270815369587,0.1,1e-08,2,,0,2025,2026,11,cold_start,50.0,1.25,0.1
Classical_ESN,Mackey_Glass_(tau=17),0.0031107303323138252,0.03741739601374785,12.028492352763996,0.1,1e-08,4,,0,2025,2035,11,cold_start,50.0,1.25,0.1
Classical_ESN,Mackey_Glass_(tau=17),0.006399811760661778,0.027400100663022616,4.281391654586616,0.1,1e-08,6,,0,2025,2026,11,cold_start,50.0,1.25,0.1
Classical_ESN,Mackey_Glass_(tau=17),0.005244708129799098,0.0058042016314043135,1.1066777192855242,0.1,1e-08,8,,0,2025,2029,11,cold_start,50.0,1.25,0.1
Classical_ESN,Mackey_Glass_(tau=17),0.0038627440357811883,0.013408035044146099,3.4711166258870434,0.1,1e-08,10,,0,2025,2034,11,cold_start,50.0,1.25,0.1
Classical_ESN,Mackey_Glass_(tau=17),0.00842298521150285,0.006937315217351825,0.8236171669728067,0.3,1e-08,1,,0,2025,2027,11,cold_start,50.0,1.25,0.1
Classical_ESN,Mackey_Glass_(tau=17),0.000569568306905186,0.007933596185554462,13.929139120578105,0.3,1e-08,2,,0,2025,2026,11,cold_start,50.0,1.25,0.1
Classical_ESN,Mackey_Glass_(tau=17),0.0015545808084953237,0.08318702960970716,53.51090734885872,0.3,1e-08,4,,0,2025,2028,11,cold_start,50.0,1.25,0.1
Classical_ESN,Mackey_Glass_(tau=17),0.0018431541154135154,0.017654048396721442,9.578172681865357,0.3,1e-08,6,,0,2025,2033,11,cold_start,50.0,1.25,0.1
Classical_ESN,Mackey_Glass_(tau=17),0.0008914643092384042,0.021562784526243238,24.188051392281487,0.3,1e-08,8,,0,2025,2035,11,cold_start,50.0,1.25,0.1
Classical_ESN,Mackey_Glass_(tau=17),0.0006122743489526096,0.08610264882488138,140.62756176569104,0.3,1e-08,10,,0,2025,2033,11,cold_start,50.0,1.25,0.1
Classical_ESN,Mackey_Glass_(tau=17),0.0010340884220305516,0.0025062406092194777,2.4236231214137236,0.5,1e-08,1,,0,2025,2026,11,cold_start,50.0,1.25,0.1
Classical_ESN,Mackey_Glass_(tau=17),0.0001826259231840797,0.0018586572996387284,10.177401254066629,0.5,1e-08,2,,0,2025,2027,11,cold_start,50.0,1.25,0.1
Classical_ESN,Mackey_Glass_(tau=17),0.00047535339006348864,0.02098381313983704,44.14360679542945,0.5,1e-08,4,,0,2025,2035,11,cold_start,50.0,1.25,0.1
Classical_ESN,Mackey_Glass_(tau=17),0.00040752766176042443,0.0011111527916949496,2.7265702330365227,0.5,1e-08,6,,0,2025,2032,11,cold_start,50.0,1.25,0.1
Classical_ESN,Mackey_Glass_(tau=17),0.0005137360155744733,0.011794548011651907,22.95838262081534,0.5,1e-08,8,,0,2025,2031,11,cold_start,50.0,1.25,0.1
Classical_ESN,Mackey_Glass_(tau=17),0.00018146817399843004,0.04845956018031505,267.04164764855295,0.5,1e-08,10,,0,2025,2035,11,cold_start,50.0,1.25,0.1
Classical_ESN,Mackey_Glass_(tau=17),0.0007042562881111369,0.0012199199350430194,1.7322102132945483,0.7,1e-08,1,,0,2025,2026,11,cold_start,50.0,1.25,0.1
Classical_ESN,Mackey_Glass_(tau=17),0.00015603968877375026,0.00017995969680027058,1.1532943843614245,0.7,1e-08,2,,0,2025,2034,11,cold_start,50.0,1.25,0.1
Classical_ESN,Mackey_Glass_(tau=17),0.0001808723032634056,0.0009883627814703546,5.464423041215962,0.7,1e-08,4,,0,2025,2034,11,cold_start,50.0,1.25,0.1
Classical_ESN,Mackey_Glass_(tau=17),0.00028969688206815987,0.0004613873698456651,1.5926556287102527,0.7,1e-08,6,,0,2025,2032,11,cold_start,50.0,1.25,0.1
Classical_ESN,Mackey_Glass_(tau=17),0.00030120450776141485,0.001297005668006996,4.306063271252098,0.7,1e-08,8,,0,2025,2026,11,cold_start,50.0,1.25,0.1
Classical_ESN,Mackey_Glass_(tau=17),0.00011192538612639365,0.005141791505842543,45.93945738133159,0.7,1e-08,10,,0,2025,2028,11,cold_start,50.0,1.25,0.1
Classical_ESN,Mackey_Glass_(tau=17),0.0006361125925875255,0.0013643628937316018,2.1448449686898363,0.9,1e-08,1,,0,2025,2033,11,cold_start,50.0,1.25,0.1
Classical_ESN,Mackey_Glass_(tau=17),0.0001802175301792029,0.0004684200386132021,2.599192421222393,0.9,1e-08,2,,0,2025,2025,11,cold_start,50.0,1.25,0.1
Classical_ESN,Mackey_Glass_(tau=17),0.0004371724311155674,0.0013313132991927478,3.0452819172415118,0.9,1e-08,4,,0,2025,2033,11,cold_start,50.0,1.25,0.1
Classical_ESN,Mackey_Glass_(tau=17),0.00048691396817207436,0.0009141725490994503,1.8774826947999643,0.9,1e-08,6,,0,2025,2029,11,cold_start,50.0,1.25,0.1
Classical_ESN,Mackey_Glass_(tau=17),0.0003868452515939411,0.0005264647026442977,1.3609180944449348,0.9,1e-08,8,,0,2025,2030,11,cold_start,50.0,1.25,0.1
Classical_ESN,Mackey_Glass_(tau=17),0.0002566809366667455,0.010340399864359058,40.28503245562107,0.9,1e-08,10,,0,2025,2032,11,cold_start,50.0,1.25,0.1
Classical_ESN,Mackey_Glass_(tau=17),0.009523105171090392,0.040211208755592184,4.222489202121036,0.1,1e-08,1,,0,2025,2029,11,cold_start,50.0,1.25,0.2
Classical_ESN,Mackey_Glass_(tau=17),0.00760594289960349,0.012819927261652,1.6855145286878663,0.1,1e-08,2,,0,2025,2032,11,cold_start,50.0,1.25,0.2
Classical_ESN,Mackey_Glass_(tau=17),0.0015583227188307697,0.019644675486198384,12.606294735238183,0.1,1e-08,4,,0,2025,2029,11,cold_start,50.0,1.25,0.2
Classical_ESN,Mackey_Glass_(tau=17),0.002354691102524761,0.011075792838550539,4.703713717130364,0.1,1e-08,6,,0,2025,2025,11,cold_start,50.0,1.25,0.2
Classical_ESN,Mackey_Glass_(tau=17),0.006495667625174714,0.004745210362126599,0.7305192685253761,0.1,1e-08,8,,0,2025,2027,11,cold_start,50.0,1.25,0.2
Classical_ESN,Mackey_Glass_(tau=17),0.005190672575652009,0.007907812927521364,1.5234659501766108,0.1,1e-08,10,,0,2025,2027,11,cold_start,50.0,1.25,0.2
Classical_ESN,Mackey_Glass_(tau=17),0.0008329575385903694,0.015185725361328123,18.231091811747365,0.3,1e-08,1,,0,2025,2034,11,cold_start,50.0,1.25,0.2
Classical_ESN,Mackey_Glass_(tau=17),0.0005274932281798033,0.020282386888630034,38.45051614902724,0.3,1e-08,2,,0,2025,2025,11,cold_start,50.0,1.25,0.2
Classical_ESN,Mackey_Glass_(tau=17),0.0001486047953865692,0.006571388048428655,44.220565233674634,0.3,1e-08,4,,0,2025,2029,11,cold_start,50.0,1.25,0.2
Classical_ESN,Mackey_Glass_(tau=17),0.0006147976998110479,0.0008206122852841022,1.3347679822749978,0.3,1e-08,6,,0,2025,2033,11,cold_start,50.0,1.25,0.2
Classical_ESN,Mackey_Glass_(tau=17),0.0024140488942836127,0.032783863759502097,13.580447288011934,0.3,1e-08,8,,0,2025,2026,11,cold_start,50.0,1.25,0.2
Classical_ESN,Mackey_Glass_(tau=17),0.001087790667134742,0.005089879889301598,4.6790986934172025,0.3,1e-08,10,,0,2025,2025,11,cold_start,50.0,1.25,0.2
Classical_ESN,Mackey_Glass_(tau=17),0.0009509837558348087,0.025784354330100668,27.11334885785321,0.5,1e-08,1,,0,2025,2031,11,cold_start,50.0,1.25,0.2
Classical_ESN,Mackey_Glass_(tau=17),0.00017789442400243074,0.0016791627838045108,9.439097336640337,0.5,1e-08,2,,0,2025,2027,11,cold_start,50.0,1.25,0.2
Classical_ESN,Mackey_Glass_(tau=17),0.00018357998977825896,0.002576488917761089,14.034693655191704,0.5,1e-08,4,,0,2025,2026,11,cold_start,50.0,1.25,0.2
Classical_ESN,Mackey_Glass_(tau=17),0.00030087044698187584,0.002472126553348449,8.21658151588869,0.5,1e-08,6,,0,2025,2029,11,cold_start,50.0,1.25,0.2
Classical_ESN,Mackey_Glass_(tau=17),0.0011256976145471032,0.008760010659916688,7.781850602429377,0.5,1e-08,8,,0,2025,2032,11,cold_start,50.0,1.25,0.2
Classical_ESN,Mackey_Glass_(tau=17),0.0011211763650316121,0.0023571372093332955,2.102378611296212,0.5,1e-08,10,,0,2025,2034,11,cold_start,50.0,1.25,0.2
Classical_ESN,Mackey_Glass_(tau=17),0.0005362714325837576,0.008777790977069442,16.368186787011968,0.7,1e-08,1,,0,2025,2030,11,cold_start,50.0,1.25,0.2
Classical_ESN,Mackey_Glass_(tau=17),0.00015826982104307798,0.0006909351951464156,4.3655523876428495,0.7,1e-08,2,,0,2025,2027,11,cold_start,50.0,1.25,0.2
Classical_ESN,Mackey_Glass_(tau=17),0.00022028968062353199,0.0004607353133349883,2.09149748654078,0.7,1e-08,4,,0,2025,2032,11,cold_start,50.0,1.25,0.2
Classical_ESN,Mackey_Glass_(tau=17),0.0002568149395528009,0.0006177514734676286,2.4054343354920733,0.7,1e-08,6,,0,2025,2027,11,cold_start,50.0,1.25,0.2
Classical_ESN,Mackey_Glass_(tau=17),0.0006655448951687373,0.003462543585722191,5.202569519888397,0.7,1e-08,8,,0,2025,2032,11,cold_start,50.0,1.25,0.2
Classical_ESN,Mackey_Glass_(tau=17),0.0005942610562289633,0.009089473581497056,15.295421913016904,0.7,1e-08,10,,0,2025,2025,11,cold_start,50.0,1.25,0.2
Classical_ESN,Mackey_Glass_(tau=17),0.0007699071743821009,0.0029837543171456647,3.875472805588954,0.9,1e-08,1,,0,2025,2035,11,cold_start,50.0,1.25,0.2
Classical_ESN,Mackey_Glass_(tau=17),0.0002427868411804994,0.00044336167467060234,1.826135520833215,0.9,1e-08,2,,0,2025,2034,11,cold_start,50.0,1.25,0.2
Classical_ESN,Mackey_Glass_(tau=17),0.0006080355750041849,0.0014161222689425734,2.3290121946118476,0.9,1e-08,4,,0,2025,2033,11,cold_start,50.0,1.25,0.2
Classical_ESN,Mackey_Glass_(tau=17),0.0004329111430619152,0.00042705770318295403,0.9864788883982966,0.9,1e-08,6,,0,2025,2030,11,cold_start,50.0,1.25,0.2
Classical_ESN,Mackey_Glass_(tau=17),0.0007580748180612827,0.0006687752742937093,0.8822022026850198,0.9,1e-08,8,,0,2025,2030,11,cold_start,50.0,1.25,0.2
Classical_ESN,Mackey_Glass_(tau=17),0.0006028899878903443,0.00167796649439205,2.7832051088850465,0.9,1e-08,10,,0,2025,2028,11,cold_start,50.0,1.25,0.2
Classical_ESN,Mackey_Glass_(tau=17),0.0004782430985011222,0.00010699607827325636,0.22372738594366834,0.1,1e-08,1,,0,2025,2028,11,cold_start,100.0,0.9,0.1
Classical_ESN,Mackey_Glass_(tau=17),0.0005911698409662319,0.00037270058060585686,0.6304458630648342,0.1,1e-08,2,,0,2025,2025,11,cold_start,100.0,0.9,0.1
Classical_ESN,Mackey_Glass_(tau=17),0.0002465453466643368,0.0002987279507256349,1.2116551975825485,0.1,1e-08,4,,0,2025,2028,11,cold_start,100.0,0.9,0.1
Classical_ESN,Mackey_Glass_(tau=17),0.0007945673794607402,0.0008192117766997282,1.0310161200623587,0.1,1e-08,6,,0,2025,2035,11,cold_start,100.0,0.9,0.1
Classical_ESN,Mackey_Glass_(tau=17),0.00020036913945719665,0.003490250330680796,17.419101265474026,0.1,1e-08,8,,0,2025,2034,11,cold_start,100.0,0.9,0.1
Classical_ESN,Mackey_Glass_(tau=17),0.00037035544756523005,0.0020781347773310395,5.611189982469534,0.1,1e-08,10,,0,2025,2029,11,cold_start,100.0,0.9,0.1
Classical_ESN,Mackey_Glass_(tau=17),0.00011695663342315716,1.4419723724816818e-05,0.12329120036009641,0.3,1e-08,1,,0,2025,2027,11,cold_start,100.0,0.9,0.1
Classical_ESN,Mackey_Glass_(tau=17),1.563437464794579e-05,2.1509036006028976e-05,1.3757528836533963,0.3,1e-08,2,,0,2025,2025,11,cold_start,100.0,0.9,0.1
Classical_ESN,Mackey_Glass_(tau=17),4.811280244894069e-06,3.842257676991127e-05,7.985936136371793,0.3,1e-08,4,,0,2025,2029,11,cold_start,100.0,0.9,0.1
Classical_ESN,Mackey_Glass_(tau=17),1.691901239480758e-05,2.1154210367653294e-05,1.2503218198566655,0.3,1e-08,6,,0,2025,2034,11,cold_start,100.0,0.9,0.1
Classical_ESN,Mackey_Glass_(tau=17),2.0437749529596193e-05,2.726061108326231e-05,1.3338362447286984,0.3,1e-08,8,,0,2025,2026,11,cold_start,100.0,0.9,0.1
Classical_ESN,Mackey_Glass_(tau=17),2.7898840085402426e-05,8.56389064880087e-05,3.0696224726854413,0.3,1e-08,10,,0,2025,2026,11,cold_start,100.0,0.9,0.1
Classical_ESN,Mackey_Glass_(tau=17),7.845578834489424e-05,1.1166674964389467e-05,0.1423307980196489,0.5,1e-08,1,,0,2025,2027,11,cold_start,100.0,0.9,0.1
Classical_ESN,Mackey_Glass_(tau=17),2.351394261524961e-06,1.221164225145263e-05,5.193362274998901,0.5,1e-08,2,,0,2025,2031,11,cold_start,100.0,0.9,0.1
Classical_ESN,Mackey_Glass_(tau=17),3.8680957856377105e-06,2.654150292717155e-05,6.8616457290743655,0.5,1e-08,4,,0,2025,2025,11,cold_start,100.0,0.9,0.1
Classical_ESN,Mackey_Glass_(tau=17),8.558648272895692e-06,6.015968491559627e-06,0.7029110555473514,0.5,1e-08,6,,0,2025,2034,11,cold_start,100.0,0.9,0.1
Classical_ESN,Mackey_Glass_(tau=17),1.620929971126349e-05,6.998695255093421e-05,4.317703651460143,0.5,1e-08,8,,0,2025,2029,11,cold_start,100.0,0.9,0.1
Classical_ESN,Mackey_Glass_(tau=17),3.282250018126852e-05,2.7335455867892993e-05,0.8328267413185383,0.5,1e-08,10,,0,2025,2035,11,cold_start,100.0,0.9,0.1
Classical_ESN,Mackey_Glass_(tau=17),6.965452352966613e-05,8.763412542633146e-06,0.12581254021356955,0.7,1e-08,1,,0,2025,2028,11,cold_start,100.0,0.9,0.1
Classical_ESN,Mackey_Glass_(tau=17),1.8294015826825491e-06,3.0036624343160606e-06,1.6418824946634354,0.7,1e-08,2,,0,2025,2033,11,cold_start,100.0,0.9,0.1
Classical_ESN,Mackey_Glass_(tau=17),4.667941207838918e-06,1.8831129765782138e-05,4.034140304543434,0.7,1e-08,4,,0,2025,2035,11,cold_start,100.0,0.9,0.1
Classical_ESN,Mackey_Glass_(tau=17),7.706119879782322e-06,7.190273905957939e-06,0.9330602194266729,0.7,1e-08,6,,0,2025,2028,11,cold_start,100.0,0.9,0.1
Classical_ESN,Mackey_Glass_(tau=17),1.2532447621604048e-05,2.2005139936829262e-05,1.7558533337810023,0.7,1e-08,8,,0,2025,2031,11,cold_start,100.0,0.9,0.1
Classical_ESN,Mackey_Glass_(tau=17),2.2629606288411517e-05,2.3720863083029036e-05,1.0482225267514418,0.7,1e-08,10,,0,2025,2034,11,cold_start,100.0,0.9,0.1
Classical_ESN,Mackey_Glass_(tau=17),8.758885038563332e-05,1.6004398867680158e-05,0.18272187381403587,0.9,1e-08,1,,0,2025,2029,11,cold_start,100.0,0.9,0.1
Classical_ESN,Mackey_Glass_(tau=17),3.3600230376983618e-06,7.553780862823974e-07,0.2248133652083042,0.9,1e-08,2,,0,2025,2031,11,cold_start,100.0,0.9,0.1
Classical_ESN,Mackey_Glass_(tau=17),7.718709873169108e-06,4.657517499308486e-06,0.6034062137117516,0.9,1e-08,4,,0,2025,2031,11,cold_start,100.0,0.9,0.1
Classical_ESN,Mackey_Glass_(tau=17),4.600545624616082e-06,2.480242024353536e-06,0.539119101674057,0.9,1e-08,6,,0,2025,2025,11,cold_start,100.0,0.9,0.1
Classical_ESN,Mackey_Glass_(tau=17),9.63420136115667e-06,5.884059502322353e-06,0.6107469920699187,0.9,1e-08,8,,0,2025,2028,11,cold_start,100.0,0.9,0.1
Classical_ESN,Mackey_Glass_(tau=17),9.59162209920518e-06,4.885260687740653e-06,0.5093258092544612,0.9,1e-08,10,,0,2025,2030,11,cold_start,100.0,0.9,0.1
Classical_ESN,Mackey_Glass_(tau=17),0.0005189185143450244,8.181844911230935e-05,0.15767109257140316,0.1,1e-08,1,,0,2025,2034,11,cold_start,100.0,0.9,0.2
Classical_ESN,Mackey_Glass_(tau=17),0.0006859455642213272,0.001166911286293096,1.7011718526349133,0.1,1e-08,2,,0,2025,2033,11,cold_start,100.0,0.9,0.2
Classical_ESN,Mackey_Glass_(tau=17),0.00026748501233533895,0.00022454925482606375,0.8394835017692589,0.1,1e-08,4,,0,2025,2030,11,cold_start,100.0,0.9,0.2
Classical_ESN,Mackey_Glass_(tau=17),0.00038059365990274256,0.0021014407911945643,5.521481339787871,0.1,1e-08,6,,0,2025,2035,11,cold_start,100.0,0.9,0.2
Classical_ESN,Mackey_Glass_(tau=17),0.000536903287496983,0.0017378978304930398,3.2368917661037893,0.1,1e-08,8,,0,2025,2029,11,cold_start,100.0,0.9,0.2
Classical_ESN,Mackey_Glass_(tau=17),0.0004159769543166481,0.00046401071218084056,1.1154721610554137,0.1,1e-08,10,,0,2025,2034,11,cold_start,100.0,0.9,0.2
Classical_ESN,Mackey_Glass_(tau=17),0.00011527811595933005,1.4988045634660275e-05,0.13001639998998626,0.3,1e-08,1,,0,2025,2027,11,cold_start,100.0,0.9,0.2
Classical_ESN,Mackey_Glass_(tau=17),1.8224161751983085e-05,2.036427632458289e-05,1.1174328126431892,0.3,1e-08,2,,0,2025,2032,11,cold_start,100.0,0.9,0.2
Classical_ESN,Mackey_Glass_(tau=17),5.319535188387096e-06,6.408167866802782e-06,1.2046480829363144,0.3,1e-08,4,,0,2025,2030,11,cold_start,100.0,0.9,0.2
Classical_ESN,Mackey_Glass_(tau=17),1.0905715610946441e-05,5.693574833544682e-05,5.220725568737412,0.3,1e-08,6,,0,2025,2027,11,cold_start,100.0,0.9,0.2
Classical_ESN,Mackey_Glass_(tau=17),1.8732783035810098e-05,5.334533170104096e-05,2.8476992232849,0.3,1e-08,8,,0,2025,2026,11,cold_start,100.0,0.9,0.2
Classical_ESN,Mackey_Glass_(tau=17),3.926031133221266e-05,1.636639999296374e-05,0.41686882853461443,0.3,1e-08,10,,0,2025,2028,11,cold_start,100.0,0.9,0.2
Classical_ESN,Mackey_Glass_(tau=17),8.203475681964921e-05,1.6153794394235132e-05,0.1969140279131775,0.5,1e-08,1,,0,2025,2035,11,cold_start,100.0,0.9,0.2
Classical_ESN,Mackey_Glass_(tau=17),2.591189641266223e-06,2.8529370866603934e-06,1.1010143917008959,0.5,1e-08,2,,0,2025,2031,11,cold_start,100.0,0.9,0.2
Classical_ESN,Mackey_Glass_(tau=17),5.381246843260405e-06,3.514884505791743e-06,0.6531728813358308,0.5,1e-08,4,,0,2025,2034,11,cold_start,100.0,0.9,0.2
Classical_ESN,Mackey_Glass_(tau=17),1.0149581382033479e-05,1.5261583023436e-05,1.503666254694174,0.5,1e-08,6,,0,2025,2027,11,cold_start,100.0,0.9,0.2
Classical_ESN,Mackey_Glass_(tau=17),1.5641776318491138e-05,3.471893440221752e-05,2.219628621154367,0.5,1e-08,8,,0,2025,2034,11,cold_start,100.0,0.9,0.2
Classical_ESN,Mackey_Glass_(tau=17),3.699269860539123e-05,2.7834909332535443e-05,0.7524433302218955,0.5,1e-08,10,,0,2025,2035,11,cold_start,100.0,0.9,0.2
Classical_ESN,Mackey_Glass_(tau=17),6.882164356154779e-05,9.92032981106402e-06,0.14414549402895593,0.7,1e-08,1,,0,2025,2028,11,cold_start,100.0,0.9,0.2
Classical_ESN,Mackey_Glass_(tau=17),2.7226201667945864e-06,2.290994057978728e-06,0.841466645226527,0.7,1e-08,2,,0,2025,2027,11,cold_start,100.0,0.9,0.2
Classical_ESN,Mackey_Glass_(tau=17),4.898110779121293e-06,2.0509918938591375e-06,0.4187312182896524,0.7,1e-08,4,,0,2025,2026,11,cold_start,100.0,0.9,0.2
Classical_ESN,Mackey_Glass_(tau=17),7.7076484116654e-06,8.908746553217314e-06,1.1558319836870181,0.7,1e-08,6,,0,2025,2035,11,cold_start,100.0,0.9,0.2
Classical_ESN,Mackey_Glass_(tau=17),2.212712912775869e-05,2.3714850831414844e-05,1.0717545278688838,0.7,1e-08,8,,0,2025,2025,11,cold_start,100.0,0.9,0.2
Classical_ESN,Mackey_Glass_(tau=17),2.2763058699740654e-05,2.5733276134796255e-05,1.1304841091100575,0.7,1e-08,10,,0,2025,2027,11,cold_start,100.0,0.9,0.2
Classical_ESN,Mackey_Glass_(tau=17),9.609527795595728e-05,2.1385775860435972e-05,0.22254762476713555,0.9,1e-08,1,,0,2025,2028,11,cold_start,100.0,0.9,0.2
Classical_ESN,Mackey_Glass_(tau=17),2.830036456534781e-06,6.842861488653455e-07,0.24179411091516997,0.9,1e-08,2,,0,2025,2028,11,cold_start,100.0,0.9,0.2
Classical_ESN,Mackey_Glass_(tau=17),8.07167731340085e-06,7.245632018253604e-06,0.8976612588593178,0.9,1e-08,4,,0,2025,2027,11,cold_start,100.0,0.9,0.2
Classical_ESN,Mackey_Glass_(tau=17),5.663232275368745e-06,4.390683415780052e-06,0.7752963682730398,0.9,1e-08,6,,0,2025,2029,11,cold_start,100.0,0.9,0.2
Classical_ESN,Mackey_Glass_(tau=17),7.407136271019191e-06,2.0360189131977855e-06,0.2748726145573717,0.9,1e-08,8,,0,2025,2029,11,cold_start,100.0,0.9,0.2
Classical_ESN,Mackey_Glass_(tau=17),6.604046852021542e-06,4.447341405278983e-06,0.67342668895779,0.9,1e-08,10,,0,2025,2025,11,cold_start,100.0,0.9,0.2
Classical_ESN,Mackey_Glass_(tau=17),0.0044560495919149954,0.009028495382583204,2.0261209388163905,0.1,1e-08,1,,0,2025,2028,11,cold_start,100.0,1.1,0.1
Classical_ESN,Mackey_Glass_(tau=17),0.0038368159362222364,0.007926294000587314,2.065852032607958,0.1,1e-08,2,,0,2025,2033,11,cold_start,100.0,1.1,0.1
Classical_ESN,Mackey_Glass_(tau=17),0.002229222125700136,0.0039817383118372915,1.7861559267391263,0.1,1e-08,4,,0,2025,2026,11,cold_start,100.0,1.1,0.1
Classical_ESN,Mackey_Glass_(tau=17),0.002864175735209778,0.00501830509638505,1.7520939915432594,0.1,1e-08,6,,0,2025,2028,11,cold_start,100.0,1.1,0.1
Classical_ESN,Mackey_Glass_(tau=17),0.004488152901535144,0.005547045120875403,1.235930513636929,0.1,1e-08,8,,0,2025,2031,11,cold_start,100.0,1.1,0.1
Classical_ESN,Mackey_Glass_(tau=17),0.0018577703883247264,0.01092170777173359,5.878933069647219,0.1,1e-08,10,,0,2025,2027,11,cold_start,100.0,1.1,0.1
Classical_ESN,Mackey_Glass_(tau=17),0.0003972096188376136,0.005904297420091625,14.864437163857824,0.3,1e-08,1,,0,2025,2034,11,cold_start,100.0,1.1,0.1
Classical_ESN,Mackey_Glass_(tau=17),8.606017300562682e-05,0.0013522139344107154,15.712424077073427,0.3,1e-08,2,,0,2025,2026,11,cold_start,100.0,1.1,0.1
Classical_ESN,Mackey_Glass_(tau=17),0.00013303259027345782,0.0037629934105459966,28.286252284578534,0.3,1e-08,4,,0,2025,2030,11,cold_start,100.0,1.1,0.1
Classical_ESN,Mackey_Glass_(tau=17),0.00013673651560931388,0.0004132766745383733,3.0224309336592654,0.3,1e-08,6,,0,2025,2032,11,cold_start,100.0,1.1,0.1
Classical_ESN,Mackey_Glass_(tau=17),0.0006451324872909599,0.002122720509906364,3.2903636876513396,0.3,1e-08,8,,0,2025,2030,11,cold_start,100.0,1.1,0.1
Classical_ESN,Mackey_Glass_(tau=17),0.00019533534328000694,0.0037421015783186797,19.15731948700393,0.3,1e-08,10,,0,2025,2035,11,cold_start,100.0,1.1,0.1
Classical_ESN,Mackey_Glass_(tau=17),0.00038076933491202605,0.0010654743484461702,2.7982146952362648,0.5,1e-08,1,,0,2025,2035,11,cold_start,100.0,1.1,0.1
Classical_ESN,Mackey_Glass_(tau=17),1.2627180186530203e-05,0.00309078804112494,244.77262504117726,0.5,1e-08,2,,0,2025,2030,11,cold_start,100.0,1.1,0.1
Classical_ESN,Mackey_Glass_(tau=17),7.396468123164598e-05,0.0008716828438391199,11.785122700781251,0.5,1e-08,4,,0,2025,2035,11,cold_start,100.0,1.1,0.1
Classical_ESN,Mackey_Glass_(tau=17),8.748270528527573e-05,0.00033844551459119267,3.8687134044099647,0.5,1e-08,6,,0,2025,2035,11,cold_start,100.0,1.1,0.1
Classical_ESN,Mackey_Glass_(tau=17),0.00032421390623401676,0.003980679983689701,12.277943379814364,0.5,1e-08,8,,0,2025,2028,11,cold_start,100.0,1.1,0.1
Classical_ESN,Mackey_Glass_(tau=17),0.000152585685869746,0.0007187191234474783,4.710265706450402,0.5,1e-08,10,,0,2025,2032,11,cold_start,100.0,1.1,0.1
Classical_ESN,Mackey_Glass_(tau=17),0.00027751691082290126,0.0004555468301557132,1.6415101652901527,0.7,1e-08,1,,0,2025,2029,11,cold_start,100.0,1.1,0.1
Classical_ESN,Mackey_Glass_(tau=17),1.7780842767277632e-05,0.0004521216939573879,25.4274614468463,0.7,1e-08,2,,0,2025,2026,11,cold_start,100.0,1.1,0.1
Classical_ESN,Mackey_Glass_(tau=17),2.7188804901367404e-05,0.0009011396774477659,33.14377666531584,0.7,1e-08,4,,0,2025,2028,11,cold_start,100.0,1.1,0.1
Classical_ESN,Mackey_Glass_(tau=17),5.119345820525397e-05,0.0001639074114334068,3.2017257122236185,0.7,1e-08,6,,0,2025,2035,11,cold_start,100.0,1.1,0.1
Classical_ESN,Mackey_Glass_(tau=17),9.467329601368364e-05,0.0016364089520520895,17.28479963151986,0.7,1e-08,8,,0,2025,2034,11,cold_start,100.0,1.1,0.1
Classical_ESN,Mackey_Glass_(tau=17),3.597393609042168e-05,0.0005149000268176208,14.3131412009907,0.7,1e-08,10,,0,2025,2027,11,cold_start,100.0,1.1,0.1
Classical_ESN,Mackey_Glass_(tau=17),0.0002998644111782351,0.0002536371910363982,0.8458395914333424,0.9,1e-08,1,,0,2025,2035,11,cold_start,100.0,1.1,0.1
Classical_ESN,Mackey_Glass_(tau=17),1.8335938599037888e-05,9.298722686232188e-05,5.07130989559493,0.9,1e-08,2,,0,2025,2035,11,cold_start,100.0,1.1,0.1
Classical_ESN,Mackey_Glass_(tau=17),2.1380527372305855e-05,3.896863038288913e-05,1.8226225061859374,0.9,1e-08,4,,0,2025,2035,11,cold_start,100.0,1.1,0.1
Classical_ESN,Mackey_Glass_(tau=17),1.588574707749056e-05,2.542516287833249e-05,1.600501553644832,0.9,1e-08,6,,0,2025,2026,11,cold_start,100.0,1.1,0.1
Classical_ESN,Mackey_Glass_(tau=17),4.447722985003618e-05,0.00038388610757179696,8.631070524539078,0.9,1e-08,8,,0,2025,2030,11,cold_start,100.0,1.1,0.1
Classical_ESN,Mackey_Glass_(tau=17),2.0367624716759802e-05,0.00010281899181693417,5.048158204345156,0.9,1e-08,10,,0,2025,2031,11,cold_start,100.0,1.1,0.1
Classical_ESN,Mackey_Glass_(tau=17),0.004557545996834877,0.009695063463717415,2.127255209371543,0.1,1e-08,1,,0,2025,2034,11,cold_start,100.0,1.1,0.2
Classical_ESN,Mackey_Glass_(tau=17),0.0037680420576953035,0.018676238898665178,4.956483662522698,0.1,1e-08,2,,0,2025,2030,11,cold_start,100.0,1.1,0.2
Classical_ESN,Mackey_Glass_(tau=17),0.0013081004203816678,0.0013240191735825614,1.0121693663214701,0.1,1e-08,4,,0,2025,2031,11,cold_start,100.0,1.1,0.2
Classical_ESN,Mackey_Glass_(tau=17),0.003463233412923597,0.024538439409404967,7.085413104942897,0.1,1e-08,6,,0,2025,2027,11,cold_start,100.0,1.1,0.2
Classical_ESN,Mackey_Glass_(tau=17),0.004167964438382663,0.014115822551888996,3.386742559964475,0.1,1e-08,8,,0,2025,2032,11,cold_start,100.0,1.1,0.2
Classical_ESN,Mackey_Glass_(tau=17),0.004445519082649396,0.00849983371554662,1.9120002765753452,0.1,1e-08,10,,0,2025,2030,11,cold_start,100.0,1.1,0.2
Classical_ESN,Mackey_Glass_(tau=17),0.0004562557176327959,0.001211249883888565,2.6547609971288164,0.3,1e-08,1,,0,2025,2033,11,cold_start,100.0,1.1,0.2
Classical_ESN,Mackey_Glass_(tau=17),0.00013081540668016274,0.007270553274567588,55.57872317244508,0.3,1e-08,2,,0,2025,2027,11,cold_start,100.0,1.1,0.2
Classical_ESN,Mackey_Glass_(tau=17),5.1286474499329886e-05,0.0017993897225947954,35.08507340699167,0.3,1e-08,4,,0,2025,2032,11,cold_start,100.0,1.1,0.2
Classical_ESN,Mackey_Glass_(tau=17),0.00015168639061372062,0.017629695867292173,116.22463818911318,0.3,1e-08,6,,0,2025,2035,11,cold_start,100.0,1.1,0.2
Classical_ESN,Mackey_Glass_(tau=17),0.00048427743132663985,0.008244793357233816,17.02493823560568,0.3,1e-08,8,,0,2025,2031,11,cold_start,100.0,1.1,0.2
Classical_ESN,Mackey_Glass_(tau=17),0.0007604873392701607,0.0012323834131332649,1.6205179882626088,0.3,1e-08,10,,0,2025,2035,11,cold_start,100.0,1.1,0.2
Classical_ESN,Mackey_Glass_(tau=17),0.00031008916555962844,0.0005144761598971184,1.6591233007726207,0.5,1e-08,1,,0,2025,2029,11,cold_start,100.0,1.1,0.2
Classical_ESN,Mackey_Glass_(tau=17),1.5218636252766324e-05,0.0007796755467548984,51.23163033830808,0.5,1e-08,2,,0,2025,2032,11,cold_start,100.0,1.1,0.2
Classical_ESN,Mackey_Glass_(tau=17),2.0831217964751036e-05,0.0003916706592451879,18.80210076568458,0.5,1e-08,4,,0,2025,2032,11,cold_start,100.0,1.1,0.2
Classical_ESN,Mackey_Glass_(tau=17),0.00014207458757563236,0.00479022879860124,33.71629564682845,0.5,1e-08,6,,0,2025,2026,11,cold_start,100.0,1.1,0.2
Classical_ESN,Mackey_Glass_(tau=17),0.00023605197087815397,0.007941629040454357,33.64356167377095,0.5,1e-08,8,,0,2025,2026,11,cold_start,100.0,1.1,0.2
Classical_ESN,Mackey_Glass_(tau=17),0.0010073200373291213,0.0028610143599038366,2.8402238155509445,0.5,1e-08,10,,0,2025,2032,11,cold_start,100.0,1.1,0.2
Classical_ESN,Mackey_Glass_(tau=17),0.00030528549990709323,0.00014307620918267854,0.4686636254464118,0.7,1e-08,1,,0,2025,2035,11,cold_start,100.0,1.1,0.2
Classical_ESN,Mackey_Glass_(tau=17),1.9983727112660326e-05,0.00038652404389398,19.341939654945786,0.7,1e-08,2,,0,2025,2027,11,cold_start,100.0,1.1,0.2
Classical_ESN,Mackey_Glass_(tau=17),1.5664907607210238e-05,0.0012631981640789402,80.63872419506106,0.7,1e-08,4,,0,2025,2030,11,cold_start,100.0,1.1,0.2
Classical_ESN,Mackey_Glass_(tau=17),2.5395393123547116e-05,0.006863909036871165,270.2816610665818,0.7,1e-08,6,,0,2025,2033,11,cold_start,100.0,1.1,0.2
Classical_ESN,Mackey_Glass_(tau=17),8.141228942232995e-05,0.002669765792810769,32.79315459317497,0.7,1e-08,8,,0,2025,2034,11,cold_start,100.0,1.1,0.2
Classical_ESN,Mackey_Glass_(tau=17),0.00040507406432178114,0.0011558548715415815,2.8534408231661015,0.7,1e-08,10,,0,2025,2035,11,cold_start,100.0,1.1,0.2
Classical_ESN,Mackey_Glass_(tau=17),0.00021321985872053905,9.793778580474501e-05,0.45932769298524473,0.9,1e-08,1,,0,2025,2027,11,cold_start,100.0,1.1,0.2
Classical_ESN,Mackey_Glass_(tau=17),4.061181312894207e-05,0.00010325565850796909,2.542503044129881,0.9,1e-08,2,,0,2025,2030,11,cold_start,100.0,1.1,0.2
Classical_ESN,Mackey_Glass_(tau=17),1.4961467814443718e-05,0.0001653956529070297,11.054774501961475,0.9,1e-08,4,,0,2025,2033,11,cold_start,100.0,1.1,0.2
Classical_ESN,Mackey_Glass_(tau=17),2.867149740682102e-05,0.0001715562161998542,5.9835108632673135,0.9,1e-08,6,,0,2025,2031,11,cold_start,100.0,1.1,0.2
Classical_ESN,Mackey_Glass_(tau=17),4.5654658171575665e-05,4.382327857191529e-05,0.9598862487858778,0.9,1e-08,8,,0,2025,2035,11,cold_start,100.0,1.1,0.2
Classical_ESN,Mackey_Glass_(tau=17),0.00010809510841930653,9.501943004813574e-05,0.8790354294252654,0.9,1e-08,10,,0,2025,2035,11,cold_start,100.0,1.1,0.2
Classical_ESN,Mackey_Glass_(tau=17),0.06546731754025754,0.34285379034520386,5.237022123815814,0.1,1e-08,1,,0,2025,2035,11,cold_start,100.0,1.25,0.1
Classical_ESN,Mackey_Glass_(tau=17),0.03394200436826896,0.48107572815392013,14.173462560851558,0.1,1e-08,2,,0,2025,2027,11,cold_start,100.0,1.25,0.1
Classical_ESN,Mackey_Glass_(tau=17),0.013535839476475934,0.01749828205923651,1.292737113915021,0.1,1e-08,4,,0,2025,2027,11,cold_start,100.0,1.25,0.1
Classical_ESN,Mackey_Glass_(tau=17),0.01376312865751091,0.06745946625466,4.90146302729253,0.1,1e-08,6,,0,2025,2031,11,cold_start,100.0,1.25,0.1
Classical_ESN,Mackey_Glass_(tau=17),0.0191306199999567,0.10725433198058659,5.6064221640924,0.1,1e-08,8,,0,2025,2030,11,cold_start,100.0,1.25,0.1
Classical_ESN,Mackey_Glass_(tau=17),0.023852701768806394,0.02448145488445317,1.0263598279868251,0.1,1e-08,10,,0,2025,2027,11,cold_start,100.0,1.25,0.1
Classical_ESN,Mackey_Glass_(tau=17),0.006631748963534706,0.03918452857329076,5.908626636615856,0.3,1e-08,1,,0,2025,2034,11,cold_start,100.0,1.25,0.1
Classical_ESN,Mackey_Glass_(tau=17),0.0007572878414325157,0.060835264292425716,80.3330793973231,0.3,1e-08,2,,0,2025,2032,11,cold_start,100.0,1.25,0.1
Classical_ESN,Mackey_Glass_(tau=17),0.0022205023425777345,0.00448935229270826,2.02177327473416,0.3,1e-08,4,,0,2025,2027,11,cold_start,100.0,1.25,0.1
Classical_ESN,Mackey_Glass_(tau=17),0.0023237664987497205,0.020328052062020263,8.747889287911487,0.3,1e-08,6,,0,2025,2035,11,cold_start,100.0,1.25,0.1
Classical_ESN,Mackey_Glass_(tau=17),0.007692653965428359,0.1822623433831881,23.693038085723774,0.3,1e-08,8,,0,2025,2035,11,cold_start,100.0,1.25,0.1
Classical_ESN,Mackey_Glass_(tau=17),0.006421981861105781,0.020974310987580548,3.26601841008144,0.3,1e-08,10,,0,2025,2027,11,cold_start,100.0,1.25,0.1
Classical_ESN,Mackey_Glass_(tau=17),0.004135413498736828,0.04466599835730892,10.800854224360455,0.5,1e-08,1,,0,2025,2034,11,cold_start,100.0,1.25,0.1
Classical_ESN,Mackey_Glass_(tau=17),0.0006569912039720345,0.006941540932660153,10.565652767788999,0.5,1e-08,2,,0,2025,2029,11,cold_start,100.0,1.25,0.1
Classical_ESN,Mackey_Glass_(tau=17),0.0008133399468883471,0.002659230979649665,3.269519700616299,0.5,1e-08,4,,0,2025,2035,11,cold_start,100.0,1.25,0.1
Classical_ESN,Mackey_Glass_(tau=17),0.0006888769104628748,0.007722391803474743,11.210118507653075,0.5,1e-08,6,,0,2025,2033,11,cold_start,100.0,1.25,0.1
Classical_ESN,Mackey_Glass_(tau=17),0.0006532986256451192,0.013753740690333496,21.052762320985988,0.5,1e-08,8,,0,2025,2026,11,cold_start,100.0,1.25,0.1
Classical_ESN,Mackey_Glass_(tau=17),0.002721637116587066,0.07654610683852332,28.12502312377051,0.5,1e-08,10,,0,2025,2025,11,cold_start,100.0,1.25,0.1
Classical_ESN,Mackey_Glass_(tau=17),0.0011386660733728354,0.014884802656975326,13.072140292092087,0.7,1e-08,1,,0,2025,2028,11,cold_start,100.0,1.25,0.1
Classical_ESN,Mackey_Glass_(tau=17),0.0003605085366407824,0.0006651425036871606,1.845011798846587,0.7,1e-08,2,,0,2025,2034,11,cold_start,100.0,1.25,0.1
Classical_ESN,Mackey_Glass_(tau=17),0.00023508006358141206,0.002432570648526912,10.347838993520066,0.7,1e-08,4,,0,2025,2028,11,cold_start,100.0,1.25,0.1
Classical_ESN,Mackey_Glass_(tau=17),0.00025153955092142226,0.00299593312575385,11.910385920541543,0.7,1e-08,6,,0,2025,2030,11,cold_start,100.0,1.25,0.1
Classical_ESN,Mackey_Glass_(tau=17),0.0005955325811691589,0.009851753472229188,16.542761527653234,0.7,1e-08,8,,0,2025,2034,11,cold_start,100.0,1.25,0.1
Classical_ESN,Mackey_Glass_(tau=17),0.0006377154269508599,0.21980967422633194,344.68301210356276,0.7,1e-08,10,,0,2025,2025,11,cold_start,100.0,1.25,0.1
Classical_ESN,Mackey_Glass_(tau=17),0.0010451085717459938,0.006429453150102802,6.151947581256118,0.9,1e-08,1,,0,2025,2030,11,cold_start,100.0,1.25,0.1
Classical_ESN,Mackey_Glass_(tau=17),0.0004523273411031515,0.002849166413469831,6.298903812714893,0.9,1e-08,2,,0,2025,2034,11,cold_start,100.0,1.25,0.1
Classical_ESN,Mackey_Glass_(tau=17),0.00017390084638293043,0.0002484421773830074,1.4286427153778,0.9,1e-08,4,,0,2025,2028,11,cold_start,100.0,1.25,0.1
Classical_ESN,Mackey_Glass_(tau=17),0.00022125462984175348,0.0004513926047710942,2.0401498720905447,0.9,1e-08,6,,0,2025,2035,11,cold_start,100.0,1.25,0.1
Classical_ESN,Mackey_Glass_(tau=17),0.0013446685363138412,0.0021684251054927134,1.6126093880630594,0.9,1e-08,8,,0,2025,2032,11,cold_start,100.0,1.25,0.1
Classical_ESN,Mackey_Glass_(tau=17),0.0007208138643959469,0.005253888545232714,7.28882837129604,0.9,1e-08,10,,0,2025,2028,11,cold_start,100.0,1.25,0.1
Classical_ESN,Mackey_Glass_(tau=17),0.18994871729751456,0.5184572983487296,2.729459328417973,0.1,1e-08,1,,0,2025,2028,11,cold_start,100.0,1.25,0.2
Classical_ESN,Mackey_Glass_(tau=17),0.02410190289776395,0.31568243859685524,13.097822190053824,0.1,1e-08,2,,0,2025,2030,11,cold_start,100.0,1.25,0.2
Classical_ESN,Mackey_Glass_(tau=17),0.010577241393881978,0.03433124927898496,3.245765885502304,0.1,1e-08,4,,0,2025,2027,11,cold_start,100.0,1.25,0.2
Classical_ESN,Mackey_Glass_(tau=17),0.01711926769573442,0.17331344551200287,10.12388196693642,0.1,1e-08,6,,0,2025,2033,11,cold_start,100.0,1.25,0.2
Classical_ESN,Mackey_Glass_(tau=17),0.028953917443711015,0.03583040102824436,1.2374975199090708,0.1,1e-08,8,,0,2025,2033,11,cold_start,100.0,1.25,0.2
Classical_ESN,Mackey_Glass_(tau=17),0.021563675726448888,0.03370846435021347,1.563205864242728,0.1,1e-08,10,,0,2025,2026,11,cold_start,100.0,1.25,0.2
Classical_ESN,Mackey_Glass_(tau=17),0.010216759174475764,0.06595807135863253,6.45587022579662,0.3,1e-08,1,,0,2025,2028,11,cold_start,100.0,1.25,0.2
Classical_ESN,Mackey_Glass_(tau=17),0.0014613973360595967,0.11889655067692541,81.35812741900108,0.3,1e-08,2,,0,2025,2034,11,cold_start,100.0,1.25,0.2
Classical_ESN,Mackey_Glass_(tau=17),0.0014669322979497692,0.05310160117818665,36.19908107034191,0.3,1e-08,4,,0,2025,2027,11,cold_start,100.0,1.25,0.2
Classical_ESN,Mackey_Glass_(tau=17),0.0018337496359952289,0.013876542212770713,7.567304685647293,0.3,1e-08,6,,0,2025,2032,11,cold_start,100.0,1.25,0.2
Classical_ESN,Mackey_Glass_(tau=17),0.008254176008434358,0.11944738175925503,14.471145470753253,0.3,1e-08,8,,0,2025,2034,11,cold_start,100.0,1.25,0.2
Classical_ESN,Mackey_Glass_(tau=17),0.01615183189735193,0.0777956421240805,4.8165212849221755,0.3,1e-08,10,,0,2025,2030,11,cold_start,100.0,1.25,0.2
Classical_ESN,Mackey_Glass_(tau=17),0.0021940836469904346,0.004142028166156852,1.8878168896789147,0.5,1e-08,1,,0,2025,2034,11,cold_start,100.0,1.25,0.2
Classical_ESN,Mackey_Glass_(tau=17),0.0009915727951315578,0.00679324383000908,6.850978428777667,0.5,1e-08,2,,0,2025,2035,11,cold_start,100.0,1.25,0.2
Classical_ESN,Mackey_Glass_(tau=17),0.0007494919567697169,0.032445921533579884,43.29055334152034,0.5,1e-08,4,,0,2025,2027,11,cold_start,100.0,1.25,0.2
Classical_ESN,Mackey_Glass_(tau=17),0.0005331989035979248,0.0036217379247046972,6.792470690141894,0.5,1e-08,6,,0,2025,2027,11,cold_start,100.0,1.25,0.2
Classical_ESN,Mackey_Glass_(tau=17),0.002481218426474138,0.0022769041759461706,0.917655677409142,0.5,1e-08,8,,0,2025,2027,11,cold_start,100.0,1.25,0.2
Classical_ESN,Mackey_Glass_(tau=17),0.003449640820825244,0.053048113682696255,15.377865823725312,0.5,1e-08,10,,0,2025,2025,11,cold_start,100.0,1.25,0.2
Classical_ESN,Mackey_Glass_(tau=17),0.0023187578960392865,0.005491883969166902,2.3684594146494082,0.7,1e-08,1,,0,2025,2032,11,cold_start,100.0,1.25,0.2
Classical_ESN,Mackey_Glass_(tau=17),0.0008634446622171654,0.004732931900993865,5.481453656613702,0.7,1e-08,2,,0,2025,2029,11,cold_start,100.0,1.25,0.2
Classical_ESN,Mackey_Glass_(tau=17),0.0003368901776243777,0.010949672534439845,32.50220179066306,0.7,1e-08,4,,0,2025,2031,11,cold_start,100.0,1.25,0.2
Classical_ESN,Mackey_Glass_(tau=17),0.0003458671851466093,0.017601287135997512,50.89030671856459,0.7,1e-08,6,,0,2025,2029,11,cold_start,100.0,1.25,0.2
Classical_ESN,Mackey_Glass_(tau=17),0.0008161249572298629,0.002649901873399402,3.246931551258826,0.7,1e-08,8,,0,2025,2030,11,cold_start,100.0,1.25,0.2
Classical_ESN,Mackey_Glass_(tau=17),0.0006147647004973117,0.007284357403098117,11.849017025872602,0.7,1e-08,10,,0,2025,2030,11,cold_start,100.0,1.25,0.2
Classical_ESN,Mackey_Glass_(tau=17),0.0012361541905942703,0.005928552931700951,4.7959655654695075,0.9,1e-08,1,,0,2025,2034,11,cold_start,100.0,1.25,0.2
Classical_ESN,Mackey_Glass_(tau=17),0.0008363990691353831,0.000863352442459387,1.0322254941673557,0.9,1e-08,2,,0,2025,2026,11,cold_start,100.0,1.25,0.2
Classical_ESN,Mackey_Glass_(tau=17),0.000732433548847677,0.005159505072384291,7.044331981381296,0.9,1e-08,4,,0,2025,2030,11,cold_start,100.0,1.25,0.2
Classical_ESN,Mackey_Glass_(tau=17),0.00039709967523062086,0.002819417092130823,7.100023666585498,0.9,1e-08,6,,0,2025,2025,11,cold_start,100.0,1.25,0.2
Classical_ESN,Mackey_Glass_(tau=17),0.0007128430539156424,0.0016790968866895587,2.3554930885084593,0.9,1e-08,8,,0,2025,2030,11,cold_start,100.0,1.25,0.2
Classical_ESN,Mackey_Glass_(tau=17),0.0008314768284286997,0.001735617697735258,2.0873915404415744,0.9,1e-08,10,,0,2025,2030,11,cold_start,100.0,1.25,0.2
Classical_ESN,Mackey_Glass_(tau=17),0.00042049552933422923,6.423136785785289e-05,0.15275160703741714,0.1,1e-08,1,,0,2025,2035,11,cold_start,150.0,0.9,0.1
Classical_ESN,Mackey_Glass_(tau=17),0.0015727859223840224,0.0014010254601099295,0.8907922179175287,0.1,1e-08,2,,0,2025,2027,11,cold_start,150.0,0.9,0.1
Classical_ESN,Mackey_Glass_(tau=17),0.0003540560474291106,0.0006147585411289595,1.7363311418993543,0.1,1e-08,4,,0,2025,2034,11,cold_start,150.0,0.9,0.1
Classical_ESN,Mackey_Glass_(tau=17),0.0004143568747725599,0.0004907086897210142,1.1842658336255765,0.1,1e-08,6,,0,2025,2032,11,cold_start,150.0,0.9,0.1
Classical_ESN,Mackey_Glass_(tau=17),0.000644314024019085,0.007268772939757627,11.281413516993883,0.1,1e-08,8,,0,2025,2034,11,cold_start,150.0,0.9,0.1
Classical_ESN,Mackey_Glass_(tau=17),0.0006931751161856908,0.0008550281106589753,1.2334951020225697,0.1,1e-08,10,,0,2025,2035,11,cold_start,150.0,0.9,0.1
Classical_ESN,Mackey_Glass_(tau=17),0.00011424000882148031,1.859666287761264e-05,0.16278590197479,0.3,1e-08,1,,0,2025,2033,11,cold_start,150.0,0.9,0.1
Classical_ESN,Mackey_Glass_(tau=17),1.970421046975808e-05,1.1377648751887497e-05,0.5774222098038312,0.3,1e-08,2,,0,2025,2030,11,cold_start,150.0,0.9,0.1
Classical_ESN,Mackey_Glass_(tau=17),2.2421378783727932e-05,1.4222091039022363e-05,0.6343093873131428,0.3,1e-08,4,,0,2025,2034,11,cold_start,150.0,0.9,0.1
Classical_ESN,Mackey_Glass_(tau=17),3.720162923341808e-05,3.547425767316093e-05,0.953567314231887,0.3,1e-08,6,,0,2025,2030,11,cold_start,150.0,0.9,0.1
Classical_ESN,Mackey_Glass_(tau=17),5.794658626951475e-05,6.719410506024695e-05,1.159586946981159,0.3,1e-08,8,,0,2025,2030,11,cold_start,150.0,0.9,0.1
Classical_ESN,Mackey_Glass_(tau=17),5.5013936052405336e-05,6.655564714793137e-05,1.2097961339201688,0.3,1e-08,10,,0,2025,2025,11,cold_start,150.0,0.9,0.1
Classical_ESN,Mackey_Glass_(tau=17),8.810278096564842e-05,1.3165981007569199e-05,0.14943888108029937,0.5,1e-08,1,,0,2025,2031,11,cold_start,150.0,0.9,0.1
Classical_ESN,Mackey_Glass_(tau=17),5.413294719048382e-06,6.806753347391414e-06,1.257414144373058,0.5,1e-08,2,,0,2025,2031,11,cold_start,150.0,0.9,0.1
Classical_ESN,Mackey_Glass_(tau=17),1.1712183123649327e-05,5.168197185137305e-06,0.44126676731186376,0.5,1e-08,4,,0,2025,2030,11,cold_start,150.0,0.9,0.1
Classical_ESN,Mackey_Glass_(tau=17),2.9130620836254046e-05,1.356506163049974e-05,0.4656633206257506,0.5,1e-08,6,,0,2025,2025,11,cold_start,150.0,0.9,0.1
Classical_ESN,Mackey_Glass_(tau=17),5.7122662461488585e-05,0.0001591770498030428,2.7865831693394556,0.5,1e-08,8,,0,2025,2033,11,cold_start,150.0,0.9,0.1
Classical_ESN,Mackey_Glass_(tau=17),6.302938759546268e-05,5.5195450231211446e-05,0.8757097655060323,0.5,1e-08,10,,0,2025,2027,11,cold_start,150.0,0.9,0.1
Classical_ESN,Mackey_Glass_(tau=17),6.680282480415866e-05,7.680192135220615e-06,0.11496807444499715,0.7,1e-08,1,,0,2025,2029,11,cold_start,150.0,0.9,0.1
Classical_ESN,Mackey_Glass_(tau=17),3.699984997641415e-06,4.5652157997110056e-06,1.233847110899406,0.7,1e-08,2,,0,2025,2027,11,cold_start,150.0,0.9,0.1
Classical_ESN,Mackey_Glass_(tau=17),1.2888460826253704e-05,7.321776387898511e-06,0.5680877248727874,0.7,1e-08,4,,0,2025,2030,11,cold_start,150.0,0.9,0.1
Classical_ESN,Mackey_Glass_(tau=17),2.3677793968612228e-05,1.4804052153631392e-05,0.6252293677889059,0.7,1e-08,6,,0,2025,2029,11,cold_start,150.0,0.9,0.1
Classical_ESN,Mackey_Glass_(tau=17),3.615188172910649e-05,5.155044017085726e-05,1.4259407174745522,0.7,1e-08,8,,0,2025,2033,11,cold_start,150.0,0.9,0.1
Classical_ESN,Mackey_Glass_(tau=17),3.8706159185370206e-05,2.608236173894068e-05,0.6738555901149461,0.7,1e-08,10,,0,2025,2027,11,cold_start,150.0,0.9,0.1
Classical_ESN,Mackey_Glass_(tau=17),7.814776779327997e-05,1.493488419944341e-05,0.19111082275503818,0.9,1e-08,1,,0,2025,2030,11,cold_start,150.0,0.9,0.1
Classical_ESN,Mackey_Glass_(tau=17),3.3153632117874252e-06,5.848147603479417e-07,0.17639538204100666,0.9,1e-08,2,,0,2025,2033,11,cold_start,150.0,0.9,0.1
Classical_ESN,Mackey_Glass_(tau=17),6.561427684858133e-06,4.238647599050291e-06,0.645994713746805,0.9,1e-08,4,,0,2025,2027,11,cold_start,150.0,0.9,0.1
Classical_ESN,Mackey_Glass_(tau=17),6.157767427555695e-06,2.047102538872021e-06,0.33244232799558837,0.9,1e-08,6,,0,2025,2026,11,cold_start,150.0,0.9,0.1
Classical_ESN,Mackey_Glass_(tau=17),8.342371650223359e-06,2.166737527766521e-06,0.25972680415269067,0.9,1e-08,8,,0,2025,2030,11,cold_start,150.0,0.9,0.1
Classical_ESN,Mackey_Glass_(tau=17),1.0149541311605932e-05,5.317090090110434e-06,0.5238749148230352,0.9,1e-08,10,,0,2025,2027,11,cold_start,150.0,0.9,0.1
Classical_ESN,Mackey_Glass_(tau=17),0.0005056027782539921,0.00012956378021760476,0.2562560685782421,0.1,1e-08,1,,0,2025,2030,11,cold_start,150.0,0.9,0.2
Classical_ESN,Mackey_Glass_(tau=17),0.0014907501395284783,0.0015119280629543699,1.0142062193149217,0.1,1e-08,2,,0,2025,2033,11,cold_start,150.0,0.9,0.2
Classical_ESN,Mackey_Glass_(tau=17),0.00026241868952578857,0.00045829028995249727,1.7464087286643504,0.1,1e-08,4,,0,2025,2030,11,cold_start,150.0,0.9,0.2
Classical_ESN,Mackey_Glass_(tau=17),0.0007751240158667868,0.0012703011020958532,1.6388359489485458,0.1,1e-08,6,,0,2025,2030,11,cold_start,150.0,0.9,0.2
Classical_ESN,Mackey_Glass_(tau=17),0.0009218577812822788,0.001994723818773623,2.163808625663513,0.1,1e-08,8,,0,2025,2029,11,cold_start,150.0,0.9,0.2
Classical_ESN,Mackey_Glass_(tau=17),0.0004937777126383597,0.0008122154935367571,1.6449010814945784,0.1,1e-08,10,,0,2025,2030,11,cold_start,150.0,0.9,0.2
Classical_ESN,Mackey_Glass_(tau=17),0.00011654957466023603,1.3003657392670854e-05,0.11157189917319703,0.3,1e-08,1,,0,2025,2032,11,cold_start,150.0,0.9,0.2
Classical_ESN,Mackey_Glass_(tau=17),1.9571916431207836e-05,1.6366426393736195e-05,0.8362199200707592,0.3,1e-08,2,,0,2025,2026,11,cold_start,150.0,0.9,0.2
Classical_ESN,Mackey_Glass_(tau=17),1.82107026617613e-05,1.0891464524959322e-05,0.59808041058345,0.3,1e-08,4,,0,2025,2032,11,cold_start,150.0,0.9,0.2
Classical_ESN,Mackey_Glass_(tau=17),5.0586543069677396e-05,2.9937870842651217e-05,0.5918149180784126,0.3,1e-08,6,,0,2025,2029,11,cold_start,150.0,0.9,0.2
Classical_ESN,Mackey_Glass_(tau=17),5.87730540295226e-05,0.00015319840465964483,2.606609562652486,0.3,1e-08,8,,0,2025,2032,11,cold_start,150.0,0.9,0.2
Classical_ESN,Mackey_Glass_(tau=17),9.349045743680514e-05,7.788492226527842e-05,0.8330788446288726,0.3,1e-08,10,,0,2025,2028,11,cold_start,150.0,0.9,0.2
Classical_ESN,Mackey_Glass_(tau=17),9.040672325698642e-05,1.5222439403269342e-05,0.1683772937992528,0.5,1e-08,1,,0,2025,2032,11,cold_start,150.0,0.9,0.2
Classical_ESN,Mackey_Glass_(tau=17),4.2920689770724615e-06,5.4495554908172415e-06,1.269680315001433,0.5,1e-08,2,,0,2025,2035,11,cold_start,150.0,0.9,0.2
Classical_ESN,Mackey_Glass_(tau=17),1.2811326843540234e-05,5.641931192545465e-06,0.4403861724431968,0.5,1e-08,4,,0,2025,2035,11,cold_start,150.0,0.9,0.2
Classical_ESN,Mackey_Glass_(tau=17),2.103443205157678e-05,1.21504473162238e-05,0.5776456091816836,0.5,1e-08,6,,0,2025,2027,11,cold_start,150.0,0.9,0.2
Classical_ESN,Mackey_Glass_(tau=17),5.683669128066953e-05,4.935519485970872e-05,0.8683685441150001,0.5,1e-08,8,,0,2025,2034,11,cold_start,150.0,0.9,0.2
Classical_ESN,Mackey_Glass_(tau=17),4.382425318597064e-05,8.379246875963309e-05,1.9120113331778894,0.5,1e-08,10,,0,2025,2027,11,cold_start,150.0,0.9,0.2
Classical_ESN,Mackey_Glass_(tau=17),6.869879826487804e-05,1.3065189209263193e-05,0.1901807533646875,0.7,1e-08,1,,0,2025,2032,11,cold_start,150.0,0.9,0.2
Classical_ESN,Mackey_Glass_(tau=17),3.613790312028411e-06,2.79001925838177e-06,0.7720479102219243,0.7,1e-08,2,,0,2025,2030,11,cold_start,150.0,0.9,0.2
Classical_ESN,Mackey_Glass_(tau=17),1.1146833950856986e-05,4.606744915922916e-06,0.4132783296344647,0.7,1e-08,4,,0,2025,2035,11,cold_start,150.0,0.9,0.2
Classical_ESN,Mackey_Glass_(tau=17),1.7677547690173392e-05,1.3032629296265691e-05,0.7372419254459304,0.7,1e-08,6,,0,2025,2030,11,cold_start,150.0,0.9,0.2
Classical_ESN,Mackey_Glass_(tau=17),2.4039816146917912e-05,3.742833633680787e-05,1.5569310558810772,0.7,1e-08,8,,0,2025,2029,11,cold_start,150.0,0.9,0.2
Classical_ESN,Mackey_Glass_(tau=17),4.0498450017714436e-05,2.6085371224514977e-05,0.6441078908724894,0.7,1e-08,10,,0,2025,2031,11,cold_start,150.0,0.9,0.2
Classical_ESN,Mackey_Glass_(tau=17),9.007729405963667e-05,1.4948478744349517e-05,0.16595168516555028,0.9,1e-08,1,,0,2025,2032,11,cold_start,150.0,0.9,0.2
Classical_ESN,Mackey_Glass_(tau=17),3.197748437274823e-06,1.1201943106900318e-06,0.3503072029157744,0.9,1e-08,2,,0,2025,2034,11,cold_start,150.0,0.9,0.2
Classical_ESN,Mackey_Glass_(tau=17),7.058066016201876e-06,2.7213221864596576e-06,0.38556201942753576,0.9,1e-08,4,,0,2025,2032,11,cold_start,150.0,0.9,0.2
Classical_ESN,Mackey_Glass_(tau=17),6.22641636241971e-06,2.4446513468871467e-06,0.39262574241615705,0.9,1e-08,6,,0,2025,2029,11,cold_start,150.0,0.9,0.2
Classical_ESN,Mackey_Glass_(tau=17),7.3275853294678175e-06,1.783656986080814e-06,0.24341674724794451,0.9,1e-08,8,,0,2025,2026,11,cold_start,150.0,0.9,0.2
Classical_ESN,Mackey_Glass_(tau=17),1.1615765245587441e-05,6.7071319745052025e-06,0.5774162814673864,0.9,1e-08,10,,0,2025,2032,11,cold_start,150.0,0.9,0.2
Classical_ESN,Mackey_Glass_(tau=17),0.01246660233162873,0.05901197851147878,4.733605592099529,0.1,1e-08,1,,0,2025,2031,11,cold_start,150.0,1.1,0.1
Classical_ESN,Mackey_Glass_(tau=17),0.025146537686221628,0.054668226513026406,2.173986224074911,0.1,1e-08,2,,0,2025,2033,11,cold_start,150.0,1.1,0.1
Classical_ESN,Mackey_Glass_(tau=17),0.01180389813467474,0.012765527063396953,1.0814670643333801,0.1,1e-08,4,,0,2025,2028,11,cold_start,150.0,1.1,0.1
Classical_ESN,Mackey_Glass_(tau=17),0.00682371996054019,0.006837291366480964,1.001988857400253,0.1,1e-08,6,,0,2025,2026,11,cold_start,150.0,1.1,0.1
Classical_ESN,Mackey_Glass_(tau=17),0.015276999931620534,0.02592521851053975,1.6970097942384221,0.1,1e-08,8,,0,2025,2032,11,cold_start,150.0,1.1,0.1
Classical_ESN,Mackey_Glass_(tau=17),0.01210033569657391,0.012843159341789978,1.0613886807641537,0.1,1e-08,10,,0,2025,2029,11,cold_start,150.0,1.1,0.1
Classical_ESN,Mackey_Glass_(tau=17),0.0010550869831703216,0.009910481159958582,9.393046562075481,0.3,1e-08,1,,0,2025,2032,11,cold_start,150.0,1.1,0.1
Classical_ESN,Mackey_Glass_(tau=17),0.0026457410300912217,0.009210241953496725,3.4811577734723222,0.3,1e-08,2,,0,2025,2032,11,cold_start,150.0,1.1,0.1
Classical_ESN,Mackey_Glass_(tau=17),0.0021847735086125103,0.0035681408853144025,1.6331857152462594,0.3,1e-08,4,,0,2025,2033,11,cold_start,150.0,1.1,0.1
Classical_ESN,Mackey_Glass_(tau=17),0.001279432723068709,0.00307908897696547,2.4066048346647726,0.3,1e-08,6,,0,2025,2025,11,cold_start,150.0,1.1,0.1
Classical_ESN,Mackey_Glass_(tau=17),0.0013598690486250216,0.000820803994847834,0.6035904675363837,0.3,1e-08,8,,0,2025,2031,11,cold_start,150.0,1.1,0.1
Classical_ESN,Mackey_Glass_(tau=17),0.0005562542547911565,0.004378481802042575,7.8713677501423485,0.3,1e-08,10,,0,2025,2034,11,cold_start,150.0,1.1,0.1
Classical_ESN,Mackey_Glass_(tau=17),0.00030504618854996726,0.004813548596137074,15.779736894986982,0.5,1e-08,1,,0,2025,2029,11,cold_start,150.0,1.1,0.1
Classical_ESN,Mackey_Glass_(tau=17),0.00017052685330385845,0.002805738695658729,16.45335406887054,0.5,1e-08,2,,0,2025,2032,11,cold_start,150.0,1.1,0.1
Classical_ESN,Mackey_Glass_(tau=17),0.0004561848623360517,0.0028294270345632726,6.202369408038261,0.5,1e-08,4,,0,2025,2030,11,cold_start,150.0,1.1,0.1
Classical_ESN,Mackey_Glass_(tau=17),0.0006728537650669,0.0012078202052731586,1.7950708875844195,0.5,1e-08,6,,0,2025,2026,11,cold_start,150.0,1.1,0.1
Classical_ESN,Mackey_Glass_(tau=17),0.00019607440987552883,0.0012725080947941713,6.4899243894294,0.5,1e-08,8,,0,2025,2032,11,cold_start,150.0,1.1,0.1
Classical_ESN,Mackey_Glass_(tau=17),0.000402034167678196,0.005330493550634754,13.258807283517982,0.5,1e-08,10,,0,2025,2029,11,cold_start,150.0,1.1,0.1
Classical_ESN,Mackey_Glass_(tau=17),0.00032658232296760417,0.0006439644378243582,1.9718288239631303,0.7,1e-08,1,,0,2025,2027,11,cold_start,150.0,1.1,0.1
Classical_ESN,Mackey_Glass_(tau=17),0.00027615253827520825,0.0029173139038423403,10.564139377690609,0.7,1e-08,2,,0,2025,2029,11,cold_start,150.0,1.1,0.1
Classical_ESN,Mackey_Glass_(tau=17),0.00015219195920194154,0.001114624054278695,7.323803833813026,0.7,1e-08,4,,0,2025,2033,11,cold_start,150.0,1.1,0.1
Classical_ESN,Mackey_Glass_(tau=17),0.00030604832043716384,0.0012280124345769318,4.012478921050183,0.7,1e-08,6,,0,2025,2026,11,cold_start,150.0,1.1,0.1
Classical_ESN,Mackey_Glass_(tau=17),0.00011097690624149025,0.00021821129670264496,1.9662766254071666,0.7,1e-08,8,,0,2025,2032,11,cold_start,150.0,1.1,0.1
Classical_ESN,Mackey_Glass_(tau=17),8.341660382608809e-05,0.0019075553521726944,22.86781365673529,0.7,1e-08,10,,0,2025,2034,11,cold_start,150.0,1.1,0.1
Classical_ESN,Mackey_Glass_(tau=17),0.0003626222903811693,0.00012061882855718412,0.33262938257434754,0.9,1e-08,1,,0,2025,2033,11,cold_start,150.0,1.1,0.1
Classical_ESN,Mackey_Glass_(tau=17),3.849078503648984e-05,6.0793105461949184e-05,1.579419733952332,0.9,1e-08,2,,0,2025,2034,11,cold_start,150.0,1.1,0.1
Classical_ESN,Mackey_Glass_(tau=17),4.539039330229037e-05,4.1874659997998845e-05,0.9225445507625922,0.9,1e-08,4,,0,2025,2026,11,cold_start,150.0,1.1,0.1
Classical_ESN,Mackey_Glass_(tau=17),2.3846405867708093e-05,6.094396736075788e-05,2.5556877501311805,0.9,1e-08,6,,0,2025,2035,11,cold_start,150.0,1.1,0.1
Classical_ESN,Mackey_Glass_(tau=17),4.107941227141697e-05,5.102929597786101e-05,1.2422109557143584,0.9,1e-08,8,,0,2025,2026,11,cold_start,150.0,1.1,0.1
Classical_ESN,Mackey_Glass_(tau=17),5.032668181194237e-05,0.00012327706627842836,2.449536942234389,0.9,1e-08,10,,0,2025,2025,11,cold_start,150.0,1.1,0.1
Classical_ESN,Mackey_Glass_(tau=17),0.033895913491230015,0.09007275903569925,2.6573338717956085,0.1,1e-08,1,,0,2025,2035,11,cold_start,150.0,1.1,0.2
Classical_ESN,Mackey_Glass_(tau=17),0.01266365692680523,0.06483402366741121,5.11969204805104,0.1,1e-08,2,,0,2025,2033,11,cold_start,150.0,1.1,0.2
Classical_ESN,Mackey_Glass_(tau=17),0.005694621639189553,0.010073155334331951,1.7688893086434345,0.1,1e-08,4,,0,2025,2031,11,cold_start,150.0,1.1,0.2
Classical_ESN,Mackey_Glass_(tau=17),0.009759368164720325,0.0037614133718932388,0.3854156650725175,0.1,1e-08,6,,0,2025,2030,11,cold_start,150.0,1.1,0.2
Classical_ESN,Mackey_Glass_(tau=17),0.012264659027454128,0.029336968636941647,2.3919921924671192,0.1,1e-08,8,,0,2025,2031,11,cold_start,150.0,1.1,0.2
Classical_ESN,Mackey_Glass_(tau=17),0.01120720940969755,0.007687911813209651,0.6859791346949701,0.1,1e-08,10,,0,2025,2033,11,cold_start,150.0,1.1,0.2
Classical_ESN,Mackey_Glass_(tau=17),0.0018447177210531658,0.008702192211453358,4.717357085118258,0.3,1e-08,1,,0,2025,2035,11,cold_start,150.0,1.1,0.2
Classical_ESN,Mackey_Glass_(tau=17),0.0003628244971656254,0.026881522597919188,74.08960201948015,0.3,1e-08,2,,0,2025,2035,11,cold_start,150.0,1.1,0.2
Classical_ESN,Mackey_Glass_(tau=17),0.0002491455510718973,0.00532859031510866,21.387459226879628,0.3,1e-08,4,,0,2025,2030,11,cold_start,150.0,1.1,0.2
Classical_ESN,Mackey_Glass_(tau=17),0.0007524684580728098,0.001272710461744636,1.6913804799263585,0.3,1e-08,6,,0,2025,2026,11,cold_start,150.0,1.1,0.2
Classical_ESN,Mackey_Glass_(tau=17),0.0010758763582198194,0.0023740611714289706,2.2066301144094016,0.3,1e-08,8,,0,2025,2027,11,cold_start,150.0,1.1,0.2
Classical_ESN,Mackey_Glass_(tau=17),0.0008198591671923298,0.0017671507275066915,2.1554320525053514,0.3,1e-08,10,,0,2025,2031,11,cold_start,150.0,1.1,0.2
Classical_ESN,Mackey_Glass_(tau=17),0.0003880434243097346,0.0029996964368273703,7.730311220099495,0.5,1e-08,1,,0,2025,2029,11,cold_start,150.0,1.1,0.2
Classical_ESN,Mackey_Glass_(tau=17),0.0001964011868808227,0.004343886796334536,22.117416219945905,0.5,1e-08,2,,0,2025,2028,11,cold_start,150.0,1.1,0.2
Classical_ESN,Mackey_Glass_(tau=17),5.095450114673973e-05,0.002250908700950654,44.17487464882533,0.5,1e-08,4,,0,2025,2033,11,cold_start,150.0,1.1,0.2
Classical_ESN,Mackey_Glass_(tau=17),0.0001557005191290758,0.001263514789724307,8.11503260741766,0.5,1e-08,6,,0,2025,2025,11,cold_start,150.0,1.1,0.2
Classical_ESN,Mackey_Glass_(tau=17),0.0012887411704621031,0.0012664911825427567,0.9827350996233261,0.5,1e-08,8,,0,2025,2031,11,cold_start,150.0,1.1,0.2
Classical_ESN,Mackey_Glass_(tau=17),0.0003013189717737799,0.001465472524069858,4.863525570404791,0.5,1e-08,10,,0,2025,2032,11,cold_start,150.0,1.1,0.2
Classical_ESN,Mackey_Glass_(tau=17),0.0002413766007644239,0.0007517199681472358,3.1143033987825985,0.7,1e-08,1,,0,2025,2027,11,cold_start,150.0,1.1,0.2
Classical_ESN,Mackey_Glass_(tau=17),0.00010034363320035127,0.003203257049265538,31.922872902855232,0.7,1e-08,2,,0,2025,2034,11,cold_start,150.0,1.1,0.2
Classical_ESN,Mackey_Glass_(tau=17),2.9672580373012615e-05,0.0009274747723500629,31.256963859927957,0.7,1e-08,4,,0,2025,2028,11,cold_start,150.0,1.1,0.2
Classical_ESN,Mackey_Glass_(tau=17),0.0001178844295585861,0.0007425540015183068,6.298999828041523,0.7,1e-08,6,,0,2025,2028,11,cold_start,150.0,1.1,0.2
Classical_ESN,Mackey_Glass_(tau=17),0.0002121713584501842,0.0006070092017330418,2.8609384705219845,0.7,1e-08,8,,0,2025,2027,11,cold_start,150.0,1.1,0.2
Classical_ESN,Mackey_Glass_(tau=17),7.968675154763285e-05,0.00021429163046910823,2.689175130209884,0.7,1e-08,10,,0,2025,2027,11,cold_start,150.0,1.1,0.2
Classical_ESN,Mackey_Glass_(tau=17),0.00023939774911359475,0.0007966145632836568,3.3275774990919462,0.9,1e-08,1,,0,2025,2033,11,cold_start,150.0,1.1,0.2
Classical_ESN,Mackey_Glass_(tau=17),1.5965590350611166e-05,0.00017865359586700876,11.189914807013063,0.9,1e-08,2,,0,2025,2032,11,cold_start,150.0,1.1,0.2
Classical_ESN,Mackey_Glass_(tau=17),1.5942824121870197e-05,0.0002146829746292811,13.46580586903554,0.9,1e-08,4,,0,2025,2027,11,cold_start,150.0,1.1,0.2
Classical_ESN,Mackey_Glass_(tau=17),2.318462496391153e-05,8.592678170424153e-05,3.7061967505617406,0.9,1e-08,6,,0,2025,2033,11,cold_start,150.0,1.1,0.2
Classical_ESN,Mackey_Glass_(tau=17),3.570327318368839e-05,7.440704496817132e-05,2.084039874589576,0.9,1e-08,8,,0,2025,2032,11,cold_start,150.0,1.1,0.2
Classical_ESN,Mackey_Glass_(tau=17),2.691966619125864e-05,0.00020749495844818645,7.7079320736734935,0.9,1e-08,10,,0,2025,2029,11,cold_start,150.0,1.1,0.2
Classical_ESN,Mackey_Glass_(tau=17),0.5885016721524343,2.3903371986728654,4.061733911358739,0.1,1e-08,1,,0,2025,2025,11,cold_start,150.0,1.25,0.1
Classical_ESN,Mackey_Glass_(tau=17),0.5327192933663074,0.5085805514012744,0.9546876896226194,0.1,1e-08,2,,0,2025,2026,11,cold_start,150.0,1.25,0.1
Classical_ESN,Mackey_Glass_(tau=17),0.19315474972310645,0.2889647793101254,1.4960273031047162,0.1,1e-08,4,,0,2025,2034,11,cold_start,150.0,1.25,0.1
Classical_ESN,Mackey_Glass_(tau=17),0.11618522127001844,0.244630321623058,2.105520125098602,0.1,1e-08,6,,0,2025,2030,11,cold_start,150.0,1.25,0.1
Classical_ESN,Mackey_Glass_(tau=17),0.06494599447451105,0.09005203907837575,1.3865680217387066,0.1,1e-08,8,,0,2025,2035,11,cold_start,150.0,1.25,0.1
Classical_ESN,Mackey_Glass_(tau=17),0.0679056364925625,0.0729867739724333,1.0748264465561312,0.1,1e-08,10,,0,2025,2033,11,cold_start,150.0,1.25,0.1
Classical_ESN,Mackey_Glass_(tau=17),0.024461116282678615,2.662342625974495,108.83978454653564,0.3,1e-08,1,,0,2025,2026,11,cold_start,150.0,1.25,0.1
Classical_ESN,Mackey_Glass_(tau=17),0.008523492116727698,0.13534191173312082,15.878692662542253,0.3,1e-08,2,,0,2025,2033,11,cold_start,150.0,1.25,0.1
Classical_ESN,Mackey_Glass_(tau=17),0.00555156718635465,0.04726681603399661,8.51413924164964,0.3,1e-08,4,,0,2025,2035,11,cold_start,150.0,1.25,0.1
Classical_ESN,Mackey_Glass_(tau=17),0.010853383913720784,0.061109419964486975,5.630448572562959,0.3,1e-08,6,,0,2025,2029,11,cold_start,150.0,1.25,0.1
Classical_ESN,Mackey_Glass_(tau=17),0.0034208786989371556,0.007829153045120529,2.2886380179317656,0.3,1e-08,8,,0,2025,2028,11,cold_start,150.0,1.25,0.1
Classical_ESN,Mackey_Glass_(tau=17),0.00645095191438725,0.06230922130119066,9.658918889509218,0.3,1e-08,10,,0,2025,2026,11,cold_start,150.0,1.25,0.1
Classical_ESN,Mackey_Glass_(tau=17),0.006457579755917374,0.07528883138545694,11.658985909770045,0.5,1e-08,1,,0,2025,2029,11,cold_start,150.0,1.25,0.1
Classical_ESN,Mackey_Glass_(tau=17),0.0009402140751025351,0.009470813076991118,10.073039032050524,0.5,1e-08,2,,0,2025,2033,11,cold_start,150.0,1.25,0.1
Classical_ESN,Mackey_Glass_(tau=17),0.0019961333194270714,0.011198948826702537,5.610321073101896,0.5,1e-08,4,,0,2025,2027,11,cold_start,150.0,1.25,0.1
Classical_ESN,Mackey_Glass_(tau=17),0.002479458038657543,0.05783226425923697,23.32455857593347,0.5,1e-08,6,,0,2025,2030,11,cold_start,150.0,1.25,0.1
Classical_ESN,Mackey_Glass_(tau=17),0.0012588819848024285,0.0034295986019780705,2.7243209795525978,0.5,1e-08,8,,0,2025,2029,11,cold_start,150.0,1.25,0.1
Classical_ESN,Mackey_Glass_(tau=17),0.0012773462092010917,0.022291705825239264,17.45157707805895,0.5,1e-08,10,,0,2025,2026,11,cold_start,150.0,1.25,0.1
Classical_ESN,Mackey_Glass_(tau=17),0.0012758565583608516,0.025456228764545768,19.95226547822154,0.7,1e-08,1,,0,2025,2026,11,cold_start,150.0,1.25,0.1
Classical_ESN,Mackey_Glass_(tau=17),0.00029504404100716967,0.01911243101908881,64.77823091714085,0.7,1e-08,2,,0,2025,2029,11,cold_start,150.0,1.25,0.1
Classical_ESN,Mackey_Glass_(tau=17),0.00047523454538481245,0.004057693120091778,8.53829579414547,0.7,1e-08,4,,0,2025,2035,11,cold_start,150.0,1.25,0.1
Classical_ESN,Mackey_Glass_(tau=17),0.0005210147182947198,0.003044682266606448,5.843754810942169,0.7,1e-08,6,,0,2025,2026,11,cold_start,150.0,1.25,0.1
Classical_ESN,Mackey_Glass_(tau=17),0.0002945910767554534,0.0004492364854454126,1.524949398987851,0.7,1e-08,8,,0,2025,2032,11,cold_start,150.0,1.25,0.1
Classical_ESN,Mackey_Glass_(tau=17),0.0007099169554302239,0.0032177460279461164,4.532566807051535,0.7,1e-08,10,,0,2025,2027,11,cold_start,150.0,1.25,0.1
Classical_ESN,Mackey_Glass_(tau=17),0.0010692194814370768,0.022401742211366166,20.951490877492493,0.9,1e-08,1,,0,2025,2029,11,cold_start,150.0,1.25,0.1
Classical_ESN,Mackey_Glass_(tau=17),0.0004635412853541909,0.002446240052861059,5.277286252921122,0.9,1e-08,2,,0,2025,2031,11,cold_start,150.0,1.25,0.1
Classical_ESN,Mackey_Glass_(tau=17),0.0003163727855418539,0.004198765887012189,13.27157732553049,0.9,1e-08,4,,0,2025,2025,11,cold_start,150.0,1.25,0.1
Classical_ESN,Mackey_Glass_(tau=17),0.00038351218845851927,0.0019478349698096675,5.078938892760498,0.9,1e-08,6,,0,2025,2034,11,cold_start,150.0,1.25,0.1
Classical_ESN,Mackey_Glass_(tau=17),0.00035680104866832183,0.0007850492514349773,2.2002436774359095,0.9,1e-08,8,,0,2025,2030,11,cold_start,150.0,1.25,0.1
Classical_ESN,Mackey_Glass_(tau=17),0.001643480721159386,0.0013200038039117737,0.8031757153686494,0.9,1e-08,10,,0,2025,2032,11,cold_start,150.0,1.25,0.1
Classical_ESN,Mackey_Glass_(tau=17),1.1851399521311625,2.1755821636149943,1.835717511423678,0.1,1e-08,1,,0,2025,2035,11,cold_start,150.0,1.25,0.2
Classical_ESN,Mackey_Glass_(tau=17),0.596716795660563,0.5038811817157502,0.8444226564093203,0.1,1e-08,2,,0,2025,2029,11,cold_start,150.0,1.25,0.2
Classical_ESN,Mackey_Glass_(tau=17),0.09605394982354276,0.26443560311674214,2.7529904142674737,0.1,1e-08,4,,0,2025,2034,11,cold_start,150.0,1.25,0.2
Classical_ESN,Mackey_Glass_(tau=17),0.10957331462803956,0.20170566155083375,1.8408283279149589,0.1,1e-08,6,,0,2025,2026,11,cold_start,150.0,1.25,0.2
Classical_ESN,Mackey_Glass_(tau=17),0.0584175949882129,0.15922302495036686,2.725600480172006,0.1,1e-08,8,,0,2025,2027,11,cold_start,150.0,1.25,0.2
Classical_ESN,Mackey_Glass_(tau=17),0.06646903298097499,0.07787055622646614,1.1715313542887638,0.1,1e-08,10,,0,2025,2025,11,cold_start,150.0,1.25,0.2
Classical_ESN,Mackey_Glass_(tau=17),0.020935669281924172,0.38143555343814733,18.219410533365572,0.3,1e-08,1,,0,2025,2027,11,cold_start,150.0,1.25,0.2
Classical_ESN,Mackey_Glass_(tau=17),0.054035690884528975,1.3295588519919728,24.60519760602599,0.3,1e-08,2,,0,2025,2025,11,cold_start,150.0,1.25,0.2
Classical_ESN,Mackey_Glass_(tau=17),0.0027915996891060622,0.01757636977476494,6.296164110977287,0.3,1e-08,4,,0,2025,2034,11,cold_start,150.0,1.25,0.2
Classical_ESN,Mackey_Glass_(tau=17),0.008096157219874858,0.035578792192345075,4.394528320794518,0.3,1e-08,6,,0,2025,2034,11,cold_start,150.0,1.25,0.2
Classical_ESN,Mackey_Glass_(tau=17),0.008635407149371145,0.11311575891015986,13.099064925780283,0.3,1e-08,8,,0,2025,2026,11,cold_start,150.0,1.25,0.2
Classical_ESN,Mackey_Glass_(tau=17),0.0065259532843629665,0.050747249463584894,7.776220155480106,0.3,1e-08,10,,0,2025,2029,11,cold_start,150.0,1.25,0.2
Classical_ESN,Mackey_Glass_(tau=17),0.0076220976434037534,0.09103596238660261,11.943688817131086,0.5,1e-08,1,,0,2025,2027,11,cold_start,150.0,1.25,0.2
Classical_ESN,Mackey_Glass_(tau=17),0.012931294298053052,0.38259600942274036,29.58683025877343,0.5,1e-08,2,,0,2025,2029,11,cold_start,150.0,1.25,0.2
Classical_ESN,Mackey_Glass_(tau=17),0.000616398602336533,0.05277335874356946,85.6156366083987,0.5,1e-08,4,,0,2025,2032,11,cold_start,150.0,1.25,0.2
Classical_ESN,Mackey_Glass_(tau=17),0.0024563143181577617,0.022924611737107983,9.332930874376641,0.5,1e-08,6,,0,2025,2025,11,cold_start,150.0,1.25,0.2
Classical_ESN,Mackey_Glass_(tau=17),0.0007300661249335264,0.006410238229622151,8.78035291694408,0.5,1e-08,8,,0,2025,2026,11,cold_start,150.0,1.25,0.2
Classical_ESN,Mackey_Glass_(tau=17),0.0018444968435177367,0.006513955673033935,3.5315623856589684,0.5,1e-08,10,,0,2025,2028,11,cold_start,150.0,1.25,0.2
Classical_ESN,Mackey_Glass_(tau=17),0.0039891166024605415,0.013911468887519072,3.487355791740529,0.7,1e-08,1,,0,2025,2033,11,cold_start,150.0,1.25,0.2
Classical_ESN,Mackey_Glass_(tau=17),0.0009542937949212566,1.5715037337149234,1646.7714052825795,0.7,1e-08,2,,0,2025,2033,11,cold_start,150.0,1.25,0.2
Classical_ESN,Mackey_Glass_(tau=17),0.000230204487449066,0.009935596563315155,43.15987352554741,0.7,1e-08,4,,0,2025,2027,11,cold_start,150.0,1.25,0.2
Classical_ESN,Mackey_Glass_(tau=17),0.0011320737914693056,0.00290015424753035,2.561806720890758,0.7,1e-08,6,,0,2025,2025,11,cold_start,150.0,1.25,0.2
Classical_ESN,Mackey_Glass_(tau=17),0.00019410192190847967,0.0010300841320450716,5.3069239187171116,0.7,1e-08,8,,0,2025,2027,11,cold_start,150.0,1.25,0.2
Classical_ESN,Mackey_Glass_(tau=17),0.00046989648030089636,0.0018465321619534816,3.929657359363624,0.7,1e-08,10,,0,2025,2028,11,cold_start,150.0,1.25,0.2
Classical_ESN,Mackey_Glass_(tau=17),0.0012125899825161394,0.005200935309249826,4.289112877592655,0.9,1e-08,1,,0,2025,2027,11,cold_start,150.0,1.25,0.2
Classical_ESN,Mackey_Glass_(tau=17),0.0010944861397903512,0.9570783320846605,874.4545017883817,0.9,1e-08,2,,0,2025,2033,11,cold_start,150.0,1.25,0.2
Classical_ESN,Mackey_Glass_(tau=17),0.00067438830014589,0.3766417255074221,558.493860919508,0.9,1e-08,4,,0,2025,2033,11,cold_start,150.0,1.25,0.2
Classical_ESN,Mackey_Glass_(tau=17),0.0005270049804633741,0.0004621529123958133,0.876942210279419,0.9,1e-08,6,,0,2025,2027,11,cold_start,150.0,1.25,0.2
Classical_ESN,Mackey_Glass_(tau=17),0.00034804899562252984,0.0005996464511555542,1.7228794184077745,0.9,1e-08,8,,0,2025,2032,11,cold_start,150.0,1.25,0.2
Classical_ESN,Mackey_Glass_(tau=17),0.00025703432838734597,0.00020865883411769426,0.8117936441674408,0.9,1e-08,10,,0,2025,2030,11,cold_start,150.0,1.25,0.2
QRC,Mackey_Glass_(tau=30),0.027915996539196523,9.587459710965716e-18,3.4343963675106767e-16,0.1,1e-08,1,1.0,0,2025,2025,11,cold_start,,,
QRC,Mackey_Glass_(tau=30),0.02791599653919652,9.644359081187487e-18,3.45477872074026e-16,0.1,1e-08,1,2.0,0,2025,2030,11,cold_start,,,
QRC,Mackey_Glass_(tau=30),0.027915996539196523,1.0820710992893396e-17,3.876168625289863e-16,0.1,1e-08,1,4.0,0,2025,2026,11,cold_start,,,
QRC,Mackey_Glass_(tau=30),0.004434623410801602,0.006679275114474237,1.506165122883995,0.1,1e-08,2,1.0,0,2025,2030,11,cold_start,,,
QRC,Mackey_Glass_(tau=30),0.0035870823924309242,7.940381915579394e-05,0.022136045529186434,0.1,1e-08,2,2.0,0,2025,2027,11,cold_start,,,
QRC,Mackey_Glass_(tau=30),0.003664613548935918,0.00016136399818501878,0.0440330190428602,0.1,1e-08,2,4.0,0,2025,2031,11,cold_start,,,
QRC,Mackey_Glass_(tau=30),0.0035013630814791493,0.0002708274539379061,0.0773491487845057,0.1,1e-08,4,1.0,0,2025,2035,11,cold_start,,,
QRC,Mackey_Glass_(tau=30),0.0033708129114604457,0.0001420143361380364,0.04213058982158311,0.1,1e-08,4,2.0,0,2025,2035,11,cold_start,,,
QRC,Mackey_Glass_(tau=30),0.0033492790637236662,0.00020733059843004332,0.061903052712346106,0.1,1e-08,4,4.0,0,2025,2033,11,cold_start,,,
QRC,Mackey_Glass_(tau=30),0.002900565509958583,0.00022889136620137166,0.07891266906936364,0.1,1e-08,6,1.0,0,2025,2026,11,cold_start,,,
QRC,Mackey_Glass_(tau=30),0.0026482315819074793,0.00011989804846914228,0.045274759688041184,0.1,1e-08,6,2.0,0,2025,2028,11,cold_start,,,
QRC,Mackey_Glass_(tau=30),0.0027735828871826994,0.00014581158553681085,0.05257156229605986,0.1,1e-08,6,4.0,0,2025,2031,11,cold_start,,,
QRC,Mackey_Glass_(tau=30),0.002224375744307989,0.0001581362270581915,0.07109240759473764,0.1,1e-08,8,1.0,0,2025,2025,11,cold_start,,,
QRC,Mackey_Glass_(tau=30),0.002256657506461779,7.142784616530688e-05,0.031652054403815515,0.1,1e-08,8,2.0,0,2025,2033,11,cold_start,,,
QRC,Mackey_Glass_(tau=30),0.002148609370973214,7.203245507055702e-05,0.03352515168354212,0.1,1e-08,8,4.0,0,2025,2030,11,cold_start,,,
QRC,Mackey_Glass_(tau=30),0.0018356344802906537,0.00019143865511220636,0.10429018258683724,0.1,1e-08,10,1.0,0,2025,2027,11,cold_start,,,
QRC,Mackey_Glass_(tau=30),0.0018578976037072952,7.981528426612876e-05,0.042960001728224076,0.1,1e-08,10,2.0,0,2025,2032,11,cold_start,,,
QRC,Mackey_Glass_(tau=30),0.00174664253014263,0.000139633761885453,0.0799440981630343,0.1,1e-08,10,4.0,0,2025,2034,11,cold_start,,,
QRC,Mackey_Glass_(tau=30),0.007209997865861756,2.2948234554500807e-18,3.182835138295562e-16,0.3,1e-08,1,1.0,0,2025,2034,11,cold_start,,,
QRC,Mackey_Glass_(tau=30),0.007209997865861756,2.900390495601497e-18,4.022734194325362e-16,0.3,1e-08,1,2.0,0,2025,2029,11,cold_start,,,
QRC,Mackey_Glass_(tau=30),0.007209997865861756,2.804483167756427e-18,3.8897142827673067e-16,0.3,1e-08,1,4.0,0,2025,2032,11,cold_start,,,
QRC,Mackey_Glass_(tau=30),0.001765299253104403,0.0019330049632281018,1.095001292176823,0.3,1e-08,2,1.0,0,2025,2033,11,cold_start,,,
QRC,Mackey_Glass_(tau=30),0.0010341462351582595,4.239418743967124e-05,0.04099438357785395,0.3,1e-08,2,2.0,0,2025,2031,11,cold_start,,,
QRC,Mackey_Glass_(tau=30),0.0010572992763600558,4.49341031847295e-05,0.042498944423213156,0.3,1e-08,2,4.0,0,2025,2025,11,cold_start,,,
QRC,Mackey_Glass_(tau=30),0.0009276460800387103,9.095300824579089e-05,0.09804710029281367,0.3,1e-08,4,1.0,0,2025,2032,11,cold_start,,,
QRC,Mackey_Glass_(tau=30),0.0009550285783138026,4.069847215224608e-05,0.042614925957611925,0.3,1e-08,4,2.0,0,2025,2033,11,cold_start,,,
QRC,Mackey_Glass_(tau=30),0.0009200675129417215,3.0269788201789533e-05,0.03289952941062801,0.3,1e-08,4,4.0,0,2025,2033,11,cold_start,,,
QRC,Mackey_Glass_(tau=30),0.0008280314927792444,4.153179772036921e-05,0.050157268271246426,0.3,1e-08,6,1.0,0,2025,2031,11,cold_start,,,
QRC,Mackey_Glass_(tau=30),0.0008233374897619349,1.6232665786594838e-05,0.019715688874180202,0.3,1e-08,6,2.0,0,2025,2025,11,cold_start,,,
QRC,Mackey_Glass_(tau=30),0.0008335308188068703,1.843650327766937e-05,0.022118562219522592,0.3,1e-08,6,4.0,0,2025,2029,11,cold_start,,,
QRC,Mackey_Glass_(tau=30),0.0007425136697295921,6.179797227547587e-05,0.08322806002747586,0.3,1e-08,8,1.0,0,2025,2033,11,cold_start,,,
QRC,Mackey_Glass_(tau=30),0.0007171600314116813,9.342711595182652e-06,0.01302737350935767,0.3,1e-08,8,2.0,0,2025,2033,11,cold_start,,,
QRC,Mackey_Glass_(tau=30),0.0007177831484681969,7.3689631527511855e-06,0.010266280517280332,0.3,1e-08,8,4.0,0,2025,2028,11,cold_start,,,
QRC,Mackey_Glass_(tau=30),0.0006456888435303923,7.399647002762328e-05,0.11460081859713951,0.3,1e-08,10,1.0,0,2025,2027,11,cold_start,,,
QRC,Mackey_Glass_(tau=30),0.000618939296087398,1.73498146853689e-05,0.02803152877034164,0.3,1e-08,10,2.0,0,2025,2035,11,cold_start,,,
QRC,Mackey_Glass_(tau=30),0.0006151251851397315,7.610377967673223e-06,0.012372079946530647,0.3,1e-08,10,4.0,0,2025,2034,11,cold_start,,,
QRC,Mackey_Glass_(tau=30),0.0031710100085837827,8.964433520704119e-19,2.826996287125489e-16,0.5,1e-08,1,1.0,0,2025,2029,11,cold_start,,,
QRC,Mackey_Glass_(tau=30),0.0031710100085837836,7.041625450145735e-19,2.220625425679631e-16,0.5,1e-08,1,2.0,0,2025,2025,11,cold_start,,,
QRC,Mackey_Glass_(tau=30),0.003171010008583783,1.2811781945690152e-18,4.040284297750316e-16,0.5,1e-08,1,4.0,0,2025,2031,11,cold_start,,,
QRC,Mackey_Glass_(tau=30),0.0010115390623452029,0.0008895164598500484,0.8793693619579542,0.5,1e-08,2,1.0,0,2025,2033,11,cold_start,,,
QRC,Mackey_Glass_(tau=30),0.00039283529957793783,2.172557002690624e-05,0.055304525968639245,0.5,1e-08,2,2.0,0,2025,2030,11,cold_start,,,
QRC,Mackey_Glass_(tau=30),0.00040762013078553044,2.6653305594782038e-05,0.06538760866255079,0.5,1e-08,2,4.0,0,2025,2025,11,cold_start,,,
QRC,Mackey_Glass_(tau=30),0.0003327314537132561,4.5072618120721747e-05,0.13546245062711978,0.5,1e-08,4,1.0,0,2025,2035,11,cold_start,,,
QRC,Mackey_Glass_(tau=30),0.0003468436117394097,2.211308034948798e-05,0.06375518995028216,0.5,1e-08,4,2.0,0,2025,2029,11,cold_start,,,
QRC,Mackey_Glass_(tau=30),0.0003311399530426895,1.2249733127017165e-05,0.03699261600558954,0.5,1e-08,4,4.0,0,2025,2033,11,cold_start,,,
QRC,Mackey_Glass_(tau=30),0.0002972932843230803,2.533080548182746e-05,0.08520476854868837,0.5,1e-08,6,1.0,0,2025,2026,11,cold_start,,,
QRC,Mackey_Glass_(tau=30),0.0002968817107179492,9.777740318611977e-06,0.03293480186087066,0.5,1e-08,6,2.0,0,2025,2028,11,cold_start,,,
QRC,Mackey_Glass_(tau=30),0.0002977899253988802,1.0403837782827917e-05,0.034936835988968754,0.5,1e-08,6,4.0,0,2025,2034,11,cold_start,,,
QRC,Mackey_Glass_(tau=30),0.00028827087461369525,5.860062257284375e-05,0.20328318860298672,0.5,1e-08,8,1.0,0,2025,2033,11,cold_start,,,
QRC,Mackey_Glass_(tau=30),0.0002583489308237387,4.893631598897716e-06,0.01894194639511184,0.5,1e-08,8,2.0,0,2025,2028,11,cold_start,,,
QRC,Mackey_Glass_(tau=30),0.0002621138298683041,4.987527612730043e-06,0.019028097888753013,0.5,1e-08,8,4.0,0,2025,2030,11,cold_start,,,
QRC,Mackey_Glass_(tau=30),0.000265653248430785,6.19335853260015e-05,0.23313693957007298,0.5,1e-08,10,1.0,0,2025,2027,11,cold_start,,,
QRC,Mackey_Glass_(tau=30),0.00022543988652449606,1.3965579641897368e-05,0.06194813108362651,0.5,1e-08,10,2.0,0,2025,2028,11,cold_start,,,
QRC,Mackey_Glass_(tau=30),0.0002242950325143752,2.1219748398433065e-06,0.009460641263677152,0.5,1e-08,10,4.0,0,2025,2034,11,cold_start,,,
QRC,Mackey_Glass_(tau=30),0.0017781673182321717,6.85709661831387e-19,3.856271874983675e-16,0.7,1e-08,1,1.0,0,2025,2031,11,cold_start,,,
QRC,Mackey_Glass_(tau=30),0.0017781673182321717,1.1455475319727597e-18,6.442293254560806e-16,0.7,1e-08,1,2.0,0,2025,2027,11,cold_start,,,
QRC,Mackey_Glass_(tau=30),0.0017781673182321717,1.203770719529045e-18,6.769726938440283e-16,0.7,1e-08,1,4.0,0,2025,2026,11,cold_start,,,
QRC,Mackey_Glass_(tau=30),0.0006522475707304863,0.0005263111191215757,0.8069192477514822,0.7,1e-08,2,1.0,0,2025,2025,11,cold_start,,,
QRC,Mackey_Glass_(tau=30),0.00014177651133936704,1.623054179037086e-05,0.11447976563282898,0.7,1e-08,2,2.0,0,2025,2030,11,cold_start,,,
QRC,Mackey_Glass_(tau=30),0.00015174410382485986,1.7984504608960264e-05,0.11851863865312115,0.7,1e-08,2,4.0,0,2025,2031,11,cold_start,,,
QRC,Mackey_Glass_(tau=30),0.00010867053700872212,2.9537858380624703e-05,0.2718111016443577,0.7,1e-08,4,1.0,0,2025,2035,11,cold_start,,,
QRC,Mackey_Glass_(tau=30),0.0001134580288500997,1.3246988359387073e-05,0.11675672928258732,0.7,1e-08,4,2.0,0,2025,2028,11,cold_start,,,
QRC,Mackey_Glass_(tau=30),0.00010466186057448406,5.4564289557019126e-06,0.05213388072552723,0.7,1e-08,4,4.0,0,2025,2025,11,cold_start,,,
QRC,Mackey_Glass_(tau=30),9.42245871568478e-05,1.8939320892885773e-05,0.20100189838305227,0.7,1e-08,6,1.0,0,2025,2026,11,cold_start,,,
QRC,Mackey_Glass_(tau=30),9.403650049529956e-05,7.224901491191849e-06,0.07683082051264752,0.7,1e-08,6,2.0,0,2025,2027,11,cold_start,,,
QRC,Mackey_Glass_(tau=30),9.372624297673864e-05,6.8409219500602065e-06,0.07298832997880876,0.7,1e-08,6,4.0,0,2025,2034,11,cold_start,,,
QRC,Mackey_Glass_(tau=30),0.00010671724352839142,4.940940532731405e-05,0.46299364276747834,0.7,1e-08,8,1.0,0,2025,2033,11,cold_start,,,
QRC,Mackey_Glass_(tau=30),8.098897983518044e-05,3.1470917828737547e-06,0.03885827169669698,0.7,1e-08,8,2.0,0,2025,2032,11,cold_start,,,
QRC,Mackey_Glass_(tau=30),8.469528586088303e-05,4.0261186911341755e-06,0.04753651457942194,0.7,1e-08,8,4.0,0,2025,2029,11,cold_start,,,
QRC,Mackey_Glass_(tau=30),0.0001036740079678752,5.198249810535141e-05,0.5014033808884758,0.7,1e-08,10,1.0,0,2025,2029,11,cold_start,,,
QRC,Mackey_Glass_(tau=30),6.957573279263285e-05,1.0430621563741632e-05,0.149917523611711,0.7,1e-08,10,2.0,0,2025,2030,11,cold_start,,,
QRC,Mackey_Glass_(tau=30),7.254851220894358e-05,2.315334153894787e-06,0.03191428856909569,0.7,1e-08,10,4.0,0,2025,2033,11,cold_start,,,
QRC,Mackey_Glass_(tau=30),0.0011764278381721403,5.699683265920655e-19,4.844906828094501e-16,0.9,1e-08,1,1.0,0,2025,2031,11,cold_start,,,
QRC,Mackey_Glass_(tau=30),0.0011764278381721405,6.063077951329423e-19,5.153803535242631e-16,0.9,1e-08,1,2.0,0,2025,2029,11,cold_start,,,
QRC,Mackey_Glass_(tau=30),0.0011764278381721405,8.599376778523086e-19,7.309735879664541e-16,0.9,1e-08,1,4.0,0,2025,2031,11,cold_start,,,
QRC,Mackey_Glass_(tau=30),0.0003868663348405573,0.00036076085924528333,0.932520684163348,0.9,1e-08,2,1.0,0,2025,2025,11,cold_start,,,
QRC,Mackey_Glass_(tau=30),4.213012256992465e-05,1.4580503711650738e-05,0.3460826321464181,0.9,1e-08,2,2.0,0,2025,2033,11,cold_start,,,
QRC,Mackey_Glass_(tau=30),4.779947005796681e-05,1.3322867704818408e-05,0.2787241718090526,0.9,1e-08,2,4.0,0,2025,2032,11,cold_start,,,
QRC,Mackey_Glass_(tau=30),2.216648252665343e-05,2.1196302786485197e-05,0.9562321293420519,0.9,1e-08,4,1.0,0,2025,2028,11,cold_start,,,
QRC,Mackey_Glass_(tau=30),2.2475029184057305e-05,9.336397270329826e-06,0.4154120198852784,0.9,1e-08,4,2.0,0,2025,2028,11,cold_start,,,
QRC,Mackey_Glass_(tau=30),1.6609047603860567e-05,3.366868928386779e-06,0.2027129434925692,0.9,1e-08,4,4.0,0,2025,2032,11,cold_start,,,
QRC,Mackey_Glass_(tau=30),1.6173043813445303e-05,1.496740012879813e-05,0.9254535077902359,0.9,1e-08,6,1.0,0,2025,2025,11,cold_start,,,
QRC,Mackey_Glass_(tau=30),1.4490670510176988e-05,5.976353779744557e-06,0.41242769101314425,0.9,1e-08,6,2.0,0,2025,2027,11,cold_start,,,
QRC,Mackey_Glass_(tau=30),1.4946176643943226e-05,5.271953824931302e-06,0.35272925983165754,0.9,1e-08,6,4.0,0,2025,2034,11,cold_start,,,
QRC,Mackey_Glass_(tau=30),3.438060071078296e-05,4.236593548091083e-05,1.2322628053332236,0.9,1e-08,8,1.0,0,2025,2033,11,cold_start,,,
QRC,Mackey_Glass_(tau=30),1.3822707858043406e-05,2.483958983927601e-06,0.17970132982895895,0.9,1e-08,8,2.0,0,2025,2028,11,cold_start,,,
QRC,Mackey_Glass_(tau=30),1.5125215498087028e-05,2.7887578047417185e-06,0.18437805432222956,0.9,1e-08,8,4.0,0,2025,2031,11,cold_start,,,
QRC,Mackey_Glass_(tau=30),3.794862298661935e-05,4.594163916381702e-05,1.210627304711847,0.9,1e-08,10,1.0,0,2025,2029,11,cold_start,,,
QRC,Mackey_Glass_(tau=30),1.0139890787597484e-05,8.29565041386321e-06,0.8181202921840104,0.9,1e-08,10,2.0,0,2025,2033,11,cold_start,,,
QRC,Mackey_Glass_(tau=30),1.2966660722150856e-05,1.9634452328033806e-06,0.15142258094632188,0.9,1e-08,10,4.0,0,2025,2033,11,cold_start,,,
QRC,Mackey_Glass_(tau=30),0.001010728320934319,5.021921642287757e-19,4.968616727436196e-16,1.0,1e-08,1,1.0,0,2025,2025,11,cold_start,,,
QRC,Mackey_Glass_(tau=30),0.0010107283209343186,5.189364792160076e-19,5.134282561077362e-16,1.0,1e-08,1,2.0,0,2025,2035,11,cold_start,,,
QRC,Mackey_Glass_(tau=30),0.001010728320934318,4.576589567483316e-19,4.528011605782168e-16,1.0,1e-08,1,4.0,0,2025,2035,11,cold_start,,,
QRC,Mackey_Glass_(tau=30),0.0003222533419317411,0.0003108323786915945,0.964559054153841,1.0,1e-08,2,1.0,0,2025,2025,11,cold_start,,,
QRC,Mackey_Glass_(tau=30),2.727568482077987e-05,1.4177759378295678e-05,0.5197948088729347,1.0,1e-08,2,2.0,0,2025,2033,11,cold_start,,,
QRC,Mackey_Glass_(tau=30),3.3938779798860087e-05,1.1974453881421818e-05,0.35282511488005847,1.0,1e-08,2,4.0,0,2025,2026,11,cold_start,,,
QRC,Mackey_Glass_(tau=30),1.1635597520285135e-05,1.8306780775752913e-05,1.5733425588017673,1.0,1e-08,4,1.0,0,2025,2028,11,cold_start,,,
QRC,Mackey_Glass_(tau=30),1.1133264006008988e-05,8.035424514396885e-06,0.721749211198073,1.0,1e-08,4,2.0,0,2025,2028,11,cold_start,,,
QRC,Mackey_Glass_(tau=30),6.242973748419271e-06,3.0481304318408357e-06,0.48824975959775996,1.0,1e-08,4,4.0,0,2025,2030,11,cold_start,,,
QRC,Mackey_Glass_(tau=30),6.938839225624596e-06,1.3664610694746991e-05,1.9692934582321264,1.0,1e-08,6,1.0,0,2025,2025,11,cold_start,,,
QRC,Mackey_Glass_(tau=30),4.7005519284013475e-06,5.549016817637171e-06,1.1805032477376303,1.0,1e-08,6,2.0,0,2025,2027,11,cold_start,,,
QRC,Mackey_Glass_(tau=30),5.265542611136208e-06,4.484700628019039e-06,0.8517072140930453,1.0,1e-08,6,4.0,0,2025,2034,11,cold_start,,,
QRC,Mackey_Glass_(tau=30),2.3687907432250688e-05,3.9517979119999957e-05,1.6682764922576865,1.0,1e-08,8,1.0,0,2025,2032,11,cold_start,,,
QRC,Mackey_Glass_(tau=30),5.911451031268315e-06,2.393425970532456e-06,0.404879607032614,1.0,1e-08,8,2.0,0,2025,2028,11,cold_start,,,
QRC,Mackey_Glass_(tau=30),6.741469235847386e-06,2.351989419498907e-06,0.3488838022121846,1.0,1e-08,8,4.0,0,2025,2035,11,cold_start,,,
QRC,Mackey_Glass_(tau=30),2.7950592236518034e-05,4.34687655016345e-05,1.5552001594027638,1.0,1e-08,10,1.0,0,2025,2033,11,cold_start,,,
QRC,Mackey_Glass_(tau=30),3.4159816550690552e-06,7.571007186561743e-06,2.2163489008575175,1.0,1e-08,10,2.0,0,2025,2033,11,cold_start,,,
QRC,Mackey_Glass_(tau=30),5.471176259800082e-06,1.7955384400800644e-06,0.32818142842023407,1.0,1e-08,10,4.0,0,2025,2030,11,cold_start,,,
Classical_ESN,Mackey_Glass_(tau=30),0.0005770682170513971,4.159195676893389e-05,0.07207459281235977,0.1,1e-08,1,,0,2025,2030,11,cold_start,50.0,0.9,0.1
Classical_ESN,Mackey_Glass_(tau=30),0.0004119392843321565,3.755317847816501e-05,0.09116192581401143,0.1,1e-08,2,,0,2025,2025,11,cold_start,50.0,0.9,0.1
Classical_ESN,Mackey_Glass_(tau=30),0.0004352612376107609,0.00035064794020991507,0.8056034167772307,0.1,1e-08,4,,0,2025,2025,11,cold_start,50.0,0.9,0.1
Classical_ESN,Mackey_Glass_(tau=30),0.0006293383818061095,0.0004164587067104167,0.6617405178995136,0.1,1e-08,6,,0,2025,2026,11,cold_start,50.0,0.9,0.1
Classical_ESN,Mackey_Glass_(tau=30),0.0006325675282064967,0.0014974202985066764,2.36721018979946,0.1,1e-08,8,,0,2025,2034,11,cold_start,50.0,0.9,0.1
Classical_ESN,Mackey_Glass_(tau=30),0.0013679427598659259,0.0022785206314119653,1.6656549515531531,0.1,1e-08,10,,0,2025,2029,11,cold_start,50.0,0.9,0.1
Classical_ESN,Mackey_Glass_(tau=30),0.00010587462630246899,8.163591667897198e-06,0.07710621470884779,0.3,1e-08,1,,0,2025,2035,11,cold_start,50.0,0.9,0.1
Classical_ESN,Mackey_Glass_(tau=30),1.0682721274251456e-05,1.9045722534631752e-06,0.17828530807536486,0.3,1e-08,2,,0,2025,2032,11,cold_start,50.0,0.9,0.1
Classical_ESN,Mackey_Glass_(tau=30),1.557838142483202e-05,2.1866753188695427e-05,1.4036601487905356,0.3,1e-08,4,,0,2025,2030,11,cold_start,50.0,0.9,0.1
Classical_ESN,Mackey_Glass_(tau=30),7.047022350433624e-05,7.217117517505545e-05,1.024137168666913,0.3,1e-08,6,,0,2025,2032,11,cold_start,50.0,0.9,0.1
Classical_ESN,Mackey_Glass_(tau=30),0.0002806854395987506,0.00021810037702149802,0.7770277551029363,0.3,1e-08,8,,0,2025,2033,11,cold_start,50.0,0.9,0.1
Classical_ESN,Mackey_Glass_(tau=30),0.00041534091542539916,0.0004457932944526601,1.0733189962661664,0.3,1e-08,10,,0,2025,2026,11,cold_start,50.0,0.9,0.1
Classical_ESN,Mackey_Glass_(tau=30),8.233795106157222e-05,1.526434393833e-05,0.18538649239541244,0.5,1e-08,1,,0,2025,2032,11,cold_start,50.0,0.9,0.1
Classical_ESN,Mackey_Glass_(tau=30),1.2160262958860397e-05,1.8151223390076223e-06,0.1492667013162787,0.5,1e-08,2,,0,2025,2026,11,cold_start,50.0,0.9,0.1
Classical_ESN,Mackey_Glass_(tau=30),2.119503970201756e-05,1.5413638760494063e-05,0.72722858636716,0.5,1e-08,4,,0,2025,2033,11,cold_start,50.0,0.9,0.1
Classical_ESN,Mackey_Glass_(tau=30),6.471742638492322e-05,9.927368691550771e-05,1.5339560372047618,0.5,1e-08,6,,0,2025,2025,11,cold_start,50.0,0.9,0.1
Classical_ESN,Mackey_Glass_(tau=30),6.905854280192894e-05,0.00022337936249434458,3.234637648451875,0.5,1e-08,8,,0,2025,2026,11,cold_start,50.0,0.9,0.1
Classical_ESN,Mackey_Glass_(tau=30),0.0001070844827023214,0.0003886610930818052,3.629480978698137,0.5,1e-08,10,,0,2025,2035,11,cold_start,50.0,0.9,0.1
Classical_ESN,Mackey_Glass_(tau=30),7.242595232798295e-05,1.800645984178216e-05,0.2486188895416853,0.7,1e-08,1,,0,2025,2025,11,cold_start,50.0,0.9,0.1
Classical_ESN,Mackey_Glass_(tau=30),2.0737851672767234e-05,1.8852444779248565e-06,0.090908378923384,0.7,1e-08,2,,0,2025,2032,11,cold_start,50.0,0.9,0.1
Classical_ESN,Mackey_Glass_(tau=30),2.747826955951554e-05,4.319103051505677e-05,1.5718249805181057,0.7,1e-08,4,,0,2025,2030,11,cold_start,50.0,0.9,0.1
Classical_ESN,Mackey_Glass_(tau=30),2.9624939255176914e-05,0.00030073222011619676,10.151319384178796,0.7,1e-08,6,,0,2025,2033,11,cold_start,50.0,0.9,0.1
Classical_ESN,Mackey_Glass_(tau=30),0.0001171720396135353,0.0001528718071184477,1.304678211821351,0.7,1e-08,8,,0,2025,2033,11,cold_start,50.0,0.9,0.1
Classical_ESN,Mackey_Glass_(tau=30),0.00020874736359928828,0.0002386198597802419,1.143103585434003,0.7,1e-08,10,,0,2025,2028,11,cold_start,50.0,0.9,0.1
Classical_ESN,Mackey_Glass_(tau=30),6.54722304130544e-05,1.7169256717022915e-05,0.26223723567541035,0.9,1e-08,1,,0,2025,2034,11,cold_start,50.0,0.9,0.1
Classical_ESN,Mackey_Glass_(tau=30),2.4255906183731057e-05,1.799571353001655e-06,0.07419105843213827,0.9,1e-08,2,,0,2025,2030,11,cold_start,50.0,0.9,0.1
Classical_ESN,Mackey_Glass_(tau=30),3.954880182995539e-05,3.9392915857201965e-05,0.9960583894949923,0.9,1e-08,4,,0,2025,2034,11,cold_start,50.0,0.9,0.1
Classical_ESN,Mackey_Glass_(tau=30),6.396719402476764e-05,0.0001339987985830721,2.094805011005934,0.9,1e-08,6,,0,2025,2034,11,cold_start,50.0,0.9,0.1
Classical_ESN,Mackey_Glass_(tau=30),0.00014750197826157328,0.00024398051661765488,1.6540830129409585,0.9,1e-08,8,,0,2025,2029,11,cold_start,50.0,0.9,0.1
Classical_ESN,Mackey_Glass_(tau=30),0.00021406390967149786,0.00021463417881761475,1.002664013504154,0.9,1e-08,10,,0,2025,2031,11,cold_start,50.0,0.9,0.1
Classical_ESN,Mackey_Glass_(tau=30),0.0005555536990046658,4.3085385659477015e-05,0.07755395335620863,0.1,1e-08,1,,0,2025,2025,11,cold_start,50.0,0.9,0.2
Classical_ESN,Mackey_Glass_(tau=30),0.00041336301098615587,4.2073214010319376e-05,0.10178272581754653,0.1,1e-08,2,,0,2025,2034,11,cold_start,50.0,0.9,0.2
Classical_ESN,Mackey_Glass_(tau=30),0.0004642336420179765,0.0002706599229223431,0.5830252235615927,0.1,1e-08,4,,0,2025,2035,11,cold_start,50.0,0.9,0.2
Classical_ESN,Mackey_Glass_(tau=30),0.0010466880422328228,0.000849827222420674,0.8119202552537048,0.1,1e-08,6,,0,2025,2032,11,cold_start,50.0,0.9,0.2
Classical_ESN,Mackey_Glass_(tau=30),0.000834217003499778,0.0012364146295364606,1.4821259029117713,0.1,1e-08,8,,0,2025,2030,11,cold_start,50.0,0.9,0.2
Classical_ESN,Mackey_Glass_(tau=30),0.0019011174258348992,0.002214611343211403,1.1648998179262016,0.1,1e-08,10,,0,2025,2030,11,cold_start,50.0,0.9,0.2
Classical_ESN,Mackey_Glass_(tau=30),0.00010043039103778948,2.3634031696399575e-05,0.23532748854384797,0.3,1e-08,1,,0,2025,2031,11,cold_start,50.0,0.9,0.2
Classical_ESN,Mackey_Glass_(tau=30),9.998373555541648e-06,1.797051739349789e-06,0.17973440673796032,0.3,1e-08,2,,0,2025,2033,11,cold_start,50.0,0.9,0.2
Classical_ESN,Mackey_Glass_(tau=30),2.6863676214511073e-05,7.837144433051055e-05,2.9173760026252955,0.3,1e-08,4,,0,2025,2028,11,cold_start,50.0,0.9,0.2
Classical_ESN,Mackey_Glass_(tau=30),3.893954723047034e-05,0.00024850010587922804,6.381689658804656,0.3,1e-08,6,,0,2025,2026,11,cold_start,50.0,0.9,0.2
Classical_ESN,Mackey_Glass_(tau=30),0.00016911315927559063,0.0008421932343807229,4.9800573650703654,0.3,1e-08,8,,0,2025,2028,11,cold_start,50.0,0.9,0.2
Classical_ESN,Mackey_Glass_(tau=30),0.00039421307122619625,0.0007556659002598918,1.9168971183766172,0.3,1e-08,10,,0,2025,2028,11,cold_start,50.0,0.9,0.2
Classical_ESN,Mackey_Glass_(tau=30),7.592626345410789e-05,2.5283738049461212e-05,0.33300385004121086,0.5,1e-08,1,,0,2025,2027,11,cold_start,50.0,0.9,0.2
Classical_ESN,Mackey_Glass_(tau=30),1.2666084764731447e-05,1.159262611970261e-06,0.09152493714539264,0.5,1e-08,2,,0,2025,2029,11,cold_start,50.0,0.9,0.2
Classical_ESN,Mackey_Glass_(tau=30),1.5728620384788377e-05,1.8946853518912815e-05,1.2046100074509325,0.5,1e-08,4,,0,2025,2034,11,cold_start,50.0,0.9,0.2
Classical_ESN,Mackey_Glass_(tau=30),5.075421100034972e-05,0.00012139294373789528,2.391780728047547,0.5,1e-08,6,,0,2025,2025,11,cold_start,50.0,0.9,0.2
Classical_ESN,Mackey_Glass_(tau=30),0.00010373601882259108,0.0003411908519495589,3.2890297489926055,0.5,1e-08,8,,0,2025,2033,11,cold_start,50.0,0.9,0.2
Classical_ESN,Mackey_Glass_(tau=30),0.00019659601452573614,0.0002961329789667946,1.5063020462605983,0.5,1e-08,10,,0,2025,2027,11,cold_start,50.0,0.9,0.2
Classical_ESN,Mackey_Glass_(tau=30),7.561101462902583e-05,1.9960229531732714e-05,0.26398573844914797,0.7,1e-08,1,,0,2025,2027,11,cold_start,50.0,0.9,0.2
Classical_ESN,Mackey_Glass_(tau=30),2.197029114570352e-05,1.4866487572389925e-06,0.067666320276767,0.7,1e-08,2,,0,2025,2029,11,cold_start,50.0,0.9,0.2
Classical_ESN,Mackey_Glass_(tau=30),2.2074251336978606e-05,2.3554164084702865e-05,1.0670424887862502,0.7,1e-08,4,,0,2025,2031,11,cold_start,50.0,0.9,0.2
Classical_ESN,Mackey_Glass_(tau=30),4.719232719233594e-05,0.00017008569587787612,3.604096385937461,0.7,1e-08,6,,0,2025,2034,11,cold_start,50.0,0.9,0.2
Classical_ESN,Mackey_Glass_(tau=30),0.0001634715128354733,0.00013928262166090877,0.8520299301389009,0.7,1e-08,8,,0,2025,2025,11,cold_start,50.0,0.9,0.2
Classical_ESN,Mackey_Glass_(tau=30),0.00029791811193453303,0.0006744337636601598,2.263822629919075,0.7,1e-08,10,,0,2025,2032,11,cold_start,50.0,0.9,0.2
Classical_ESN,Mackey_Glass_(tau=30),7.981079384106756e-05,1.7912864107561953e-05,0.22444162306207616,0.9,1e-08,1,,0,2025,2035,11,cold_start,50.0,0.9,0.2
Classical_ESN,Mackey_Glass_(tau=30),2.498948796770068e-05,1.9606763007570926e-06,0.07846004301053701,0.9,1e-08,2,,0,2025,2034,11,cold_start,50.0,0.9,0.2
Classical_ESN,Mackey_Glass_(tau=30),3.0200761028727685e-05,4.174417170240473e-05,1.3822225096479084,0.9,1e-08,4,,0,2025,2031,11,cold_start,50.0,0.9,0.2
Classical_ESN,Mackey_Glass_(tau=30),7.867510954301569e-05,0.0003039051467400711,3.8627864454883367,0.9,1e-08,6,,0,2025,2034,11,cold_start,50.0,0.9,0.2
Classical_ESN,Mackey_Glass_(tau=30),0.00014351043567212952,0.00021217971778513943,1.4784967852086721,0.9,1e-08,8,,0,2025,2035,11,cold_start,50.0,0.9,0.2
Classical_ESN,Mackey_Glass_(tau=30),0.0002022362082865261,0.0003416887283825974,1.6895526833577519,0.9,1e-08,10,,0,2025,2030,11,cold_start,50.0,0.9,0.2
Classical_ESN,Mackey_Glass_(tau=30),0.0020649737456601355,0.00523313036091089,2.534235784793453,0.1,1e-08,1,,0,2025,2029,11,cold_start,50.0,1.1,0.1
Classical_ESN,Mackey_Glass_(tau=30),0.0007449518240511359,0.0014012541243717338,1.8809996554563067,0.1,1e-08,2,,0,2025,2025,11,cold_start,50.0,1.1,0.1
Classical_ESN,Mackey_Glass_(tau=30),0.0007437094523172497,0.05349145584678803,71.92520638284127,0.1,1e-08,4,,0,2025,2034,11,cold_start,50.0,1.1,0.1
Classical_ESN,Mackey_Glass_(tau=30),0.0010578641248053992,0.0006924206250261702,0.6545458994117466,0.1,1e-08,6,,0,2025,2033,11,cold_start,50.0,1.1,0.1
Classical_ESN,Mackey_Glass_(tau=30),0.0009236222183945113,0.0007096655014159524,0.7683504005019827,0.1,1e-08,8,,0,2025,2030,11,cold_start,50.0,1.1,0.1
Classical_ESN,Mackey_Glass_(tau=30),0.001332618854417102,0.0016052783968237576,1.2046042958966832,0.1,1e-08,10,,0,2025,2034,11,cold_start,50.0,1.1,0.1
Classical_ESN,Mackey_Glass_(tau=30),0.00019209257919842193,0.00012079832144975332,0.6288547009667393,0.3,1e-08,1,,0,2025,2030,11,cold_start,50.0,1.1,0.1
Classical_ESN,Mackey_Glass_(tau=30),4.167845431311932e-05,0.0001304466110337937,3.1298332239910445,0.3,1e-08,2,,0,2025,2031,11,cold_start,50.0,1.1,0.1
Classical_ESN,Mackey_Glass_(tau=30),0.0001276513634090615,0.005007981217699174,39.231709587393844,0.3,1e-08,4,,0,2025,2026,11,cold_start,50.0,1.1,0.1
Classical_ESN,Mackey_Glass_(tau=30),0.00013744873876197212,0.0004239062549393505,3.0841043632524947,0.3,1e-08,6,,0,2025,2025,11,cold_start,50.0,1.1,0.1
Classical_ESN,Mackey_Glass_(tau=30),0.00013786502453213547,0.00010667257101569526,0.7737464333517784,0.3,1e-08,8,,0,2025,2033,11,cold_start,50.0,1.1,0.1
Classical_ESN,Mackey_Glass_(tau=30),0.00022401600334167736,0.0003022403081987413,1.3491906992812177,0.3,1e-08,10,,0,2025,2032,11,cold_start,50.0,1.1,0.1
Classical_ESN,Mackey_Glass_(tau=30),0.00010808038764425236,0.00015073028666998445,1.394612750336487,0.5,1e-08,1,,0,2025,2035,11,cold_start,50.0,1.1,0.1
Classical_ESN,Mackey_Glass_(tau=30),1.8849208156168465e-05,1.8710623312903586e-05,0.9926477100726628,0.5,1e-08,2,,0,2025,2033,11,cold_start,50.0,1.1,0.1
Classical_ESN,Mackey_Glass_(tau=30),5.861395652073235e-05,0.0021392132297435975,36.496652959895926,0.5,1e-08,4,,0,2025,2030,11,cold_start,50.0,1.1,0.1
Classical_ESN,Mackey_Glass_(tau=30),5.880133200955504e-05,0.00018202530911576217,3.095598397093855,0.5,1e-08,6,,0,2025,2027,11,cold_start,50.0,1.1,0.1
Classical_ESN,Mackey_Glass_(tau=30),0.00012297864404359904,0.00011551944086356438,0.93934554053637,0.5,1e-08,8,,0,2025,2025,11,cold_start,50.0,1.1,0.1
Classical_ESN,Mackey_Glass_(tau=30),0.00021449659950428966,0.0004026118578237037,1.8770081146002129,0.5,1e-08,10,,0,2025,2029,11,cold_start,50.0,1.1,0.1
Classical_ESN,Mackey_Glass_(tau=30),9.91577675660808e-05,0.0001002958151030334,1.0114771395613982,0.7,1e-08,1,,0,2025,2025,11,cold_start,50.0,1.1,0.1
Classical_ESN,Mackey_Glass_(tau=30),2.0679005063510104e-05,6.509205009575789e-06,0.3147736068338145,0.7,1e-08,2,,0,2025,2028,11,cold_start,50.0,1.1,0.1
Classical_ESN,Mackey_Glass_(tau=30),1.508424459644938e-05,0.0001824798993010974,12.09738400450299,0.7,1e-08,4,,0,2025,2035,11,cold_start,50.0,1.1,0.1
Classical_ESN,Mackey_Glass_(tau=30),6.348851820059132e-05,6.0436875100107086e-05,0.9519339372381853,0.7,1e-08,6,,0,2025,2029,11,cold_start,50.0,1.1,0.1
Classical_ESN,Mackey_Glass_(tau=30),8.524164735096173e-05,6.706172503007587e-05,0.7867248828963328,0.7,1e-08,8,,0,2025,2029,11,cold_start,50.0,1.1,0.1
Classical_ESN,Mackey_Glass_(tau=30),0.0002811363952431087,0.00018140086944534942,0.6452415002635485,0.7,1e-08,10,,0,2025,2027,11,cold_start,50.0,1.1,0.1
Classical_ESN,Mackey_Glass_(tau=30),0.00011737102777986733,0.00012134561110101092,1.0338634107268623,0.9,1e-08,1,,0,2025,2026,11,cold_start,50.0,1.1,0.1
Classical_ESN,Mackey_Glass_(tau=30),2.674425522166686e-05,3.697117839752064e-06,0.13823970079214784,0.9,1e-08,2,,0,2025,2032,11,cold_start,50.0,1.1,0.1
Classical_ESN,Mackey_Glass_(tau=30),4.959139709768036e-05,3.79660955480908e-05,0.7655782609493504,0.9,1e-08,4,,0,2025,2026,11,cold_start,50.0,1.1,0.1
Classical_ESN,Mackey_Glass_(tau=30),0.00015855472489931897,0.00022498298760041267,1.4189611047117967,0.9,1e-08,6,,0,2025,2032,11,cold_start,50.0,1.1,0.1
Classical_ESN,Mackey_Glass_(tau=30),0.0001311549769695665,0.0001944070413510278,1.4822696465124496,0.9,1e-08,8,,0,2025,2033,11,cold_start,50.0,1.1,0.1
Classical_ESN,Mackey_Glass_(tau=30),0.0002075096825535457,0.00013700372282697234,0.6602280970268458,0.9,1e-08,10,,0,2025,2032,11,cold_start,50.0,1.1,0.1
Classical_ESN,Mackey_Glass_(tau=30),0.0007438887164197037,0.0052110657207320695,7.005168388374874,0.1,1e-08,1,,0,2025,2035,11,cold_start,50.0,1.1,0.2
Classical_ESN,Mackey_Glass_(tau=30),0.0006910949211538785,0.0013209559075297113,1.911395767927498,0.1,1e-08,2,,0,2025,2026,11,cold_start,50.0,1.1,0.2
Classical_ESN,Mackey_Glass_(tau=30),0.0005950896924797953,0.0022596286677260607,3.7971228476668335,0.1,1e-08,4,,0,2025,2035,11,cold_start,50.0,1.1,0.2
Classical_ESN,Mackey_Glass_(tau=30),0.0008991393603361797,0.0005965154131183572,0.6634293185600569,0.1,1e-08,6,,0,2025,2034,11,cold_start,50.0,1.1,0.2
Classical_ESN,Mackey_Glass_(tau=30),0.0010259757858525796,0.0003871228411783597,0.37732161569160527,0.1,1e-08,8,,0,2025,2029,11,cold_start,50.0,1.1,0.2
Classical_ESN,Mackey_Glass_(tau=30),0.0010819157355713611,0.0015754254630718138,1.4561443292437461,0.1,1e-08,10,,0,2025,2028,11,cold_start,50.0,1.1,0.2
Classical_ESN,Mackey_Glass_(tau=30),0.0002895742525773493,0.0007339576839493986,2.53460961192794,0.3,1e-08,1,,0,2025,2030,11,cold_start,50.0,1.1,0.2
Classical_ESN,Mackey_Glass_(tau=30),3.3418254763751915e-05,9.269443447443614e-05,2.7737664677504306,0.3,1e-08,2,,0,2025,2026,11,cold_start,50.0,1.1,0.2
Classical_ESN,Mackey_Glass_(tau=30),5.9148510341293134e-05,0.00021305226030936367,3.601988605968767,0.3,1e-08,4,,0,2025,2025,11,cold_start,50.0,1.1,0.2
Classical_ESN,Mackey_Glass_(tau=30),9.587746992565774e-05,0.00010272039122361037,1.07137152558634,0.3,1e-08,6,,0,2025,2031,11,cold_start,50.0,1.1,0.2
Classical_ESN,Mackey_Glass_(tau=30),0.00014144992657443345,0.00021473275242138348,1.5180831664015555,0.3,1e-08,8,,0,2025,2027,11,cold_start,50.0,1.1,0.2
Classical_ESN,Mackey_Glass_(tau=30),0.00022367833599413044,0.00018568976236185236,0.8301642693136141,0.3,1e-08,10,,0,2025,2034,11,cold_start,50.0,1.1,0.2
Classical_ESN,Mackey_Glass_(tau=30),0.00014550757684239285,0.0003514645183372798,2.4154379171468854,0.5,1e-08,1,,0,2025,2025,11,cold_start,50.0,1.1,0.2
Classical_ESN,Mackey_Glass_(tau=30),1.3016541647610468e-05,7.235759547653176e-05,5.5588955527073445,0.5,1e-08,2,,0,2025,2028,11,cold_start,50.0,1.1,0.2
Classical_ESN,Mackey_Glass_(tau=30),1.8797580884379073e-05,4.934459836208506e-05,2.6250504607798115,0.5,1e-08,4,,0,2025,2029,11,cold_start,50.0,1.1,0.2
Classical_ESN,Mackey_Glass_(tau=30),4.948641840339148e-05,6.661912807270199e-05,1.3462103385549586,0.5,1e-08,6,,0,2025,2032,11,cold_start,50.0,1.1,0.2
Classical_ESN,Mackey_Glass_(tau=30),0.00013482114121810907,0.0001570034550002072,1.1645314197883279,0.5,1e-08,8,,0,2025,2030,11,cold_start,50.0,1.1,0.2
Classical_ESN,Mackey_Glass_(tau=30),0.00012383608088372753,0.00034227355208661675,2.7639242912409756,0.5,1e-08,10,,0,2025,2026,11,cold_start,50.0,1.1,0.2
Classical_ESN,Mackey_Glass_(tau=30),0.00013395049607111854,0.00022860701898039983,1.7066530224645466,0.7,1e-08,1,,0,2025,2025,11,cold_start,50.0,1.1,0.2
Classical_ESN,Mackey_Glass_(tau=30),2.2018853125422708e-05,1.1502537488098223e-05,0.5223949413976302,0.7,1e-08,2,,0,2025,2031,11,cold_start,50.0,1.1,0.2
Classical_ESN,Mackey_Glass_(tau=30),3.466124998078078e-05,4.475230463935875e-05,1.2911336049384639,0.7,1e-08,4,,0,2025,2030,11,cold_start,50.0,1.1,0.2
Classical_ESN,Mackey_Glass_(tau=30),5.313193730183894e-05,0.0001647347897021368,3.100485283762375,0.7,1e-08,6,,0,2025,2025,11,cold_start,50.0,1.1,0.2
Classical_ESN,Mackey_Glass_(tau=30),0.00013203872079415015,0.00012426661838397108,0.9411377029144665,0.7,1e-08,8,,0,2025,2027,11,cold_start,50.0,1.1,0.2
Classical_ESN,Mackey_Glass_(tau=30),0.00029158782398806826,0.00023447102681009907,0.8041180307298895,0.7,1e-08,10,,0,2025,2028,11,cold_start,50.0,1.1,0.2
Classical_ESN,Mackey_Glass_(tau=30),0.00015684100039981358,0.00037241373774675283,2.3744667325342785,0.9,1e-08,1,,0,2025,2029,11,cold_start,50.0,1.1,0.2
Classical_ESN,Mackey_Glass_(tau=30),2.8442443595714675e-05,1.8217959084111695e-05,0.6405201797378806,0.9,1e-08,2,,0,2025,2032,11,cold_start,50.0,1.1,0.2
Classical_ESN,Mackey_Glass_(tau=30),5.797345346418737e-05,7.445579761695083e-05,1.2843084751358704,0.9,1e-08,4,,0,2025,2032,11,cold_start,50.0,1.1,0.2
Classical_ESN,Mackey_Glass_(tau=30),6.453691269414854e-05,6.934170086921836e-05,1.0744502328123524,0.9,1e-08,6,,0,2025,2033,11,cold_start,50.0,1.1,0.2
Classical_ESN,Mackey_Glass_(tau=30),0.0001828968210071382,0.0003218394262618142,1.7596775301482865,0.9,1e-08,8,,0,2025,2030,11,cold_start,50.0,1.1,0.2
Classical_ESN,Mackey_Glass_(tau=30),0.00020778088878436953,0.0004200161335826309,2.0214377560898513,0.9,1e-08,10,,0,2025,2028,11,cold_start,50.0,1.1,0.2
Classical_ESN,Mackey_Glass_(tau=30),0.023739364113926017,0.3976724875466116,16.751606556863436,0.1,1e-08,1,,0,2025,2028,11,cold_start,50.0,1.25,0.1
Classical_ESN,Mackey_Glass_(tau=30),0.006901935555941689,0.016811328716823296,2.4357411889119827,0.1,1e-08,2,,0,2025,2026,11,cold_start,50.0,1.25,0.1
Classical_ESN,Mackey_Glass_(tau=30),0.004501507190870873,0.3026642194927573,67.23619593601119,0.1,1e-08,4,,0,2025,2032,11,cold_start,50.0,1.25,0.1
Classical_ESN,Mackey_Glass_(tau=30),0.004203083169917821,0.012979198199160947,3.0880184080237263,0.1,1e-08,6,,0,2025,2025,11,cold_start,50.0,1.25,0.1
Classical_ESN,Mackey_Glass_(tau=30),0.005677485123326725,0.010663250823979545,1.8781644676034674,0.1,1e-08,8,,0,2025,2029,11,cold_start,50.0,1.25,0.1
Classical_ESN,Mackey_Glass_(tau=30),0.004693311166793633,0.015798309411174622,3.3661329602332075,0.1,1e-08,10,,0,2025,2026,11,cold_start,50.0,1.25,0.1
Classical_ESN,Mackey_Glass_(tau=30),0.0011893577801100374,0.00994123216214213,8.358487520233302,0.3,1e-08,1,,0,2025,2030,11,cold_start,50.0,1.25,0.1
Classical_ESN,Mackey_Glass_(tau=30),0.0003075439245126925,0.003765495474302342,12.243764789920075,0.3,1e-08,2,,0,2025,2027,11,cold_start,50.0,1.25,0.1
Classical_ESN,Mackey_Glass_(tau=30),0.0005284264009412925,0.07840807109299534,148.3803060432372,0.3,1e-08,4,,0,2025,2033,11,cold_start,50.0,1.25,0.1
Classical_ESN,Mackey_Glass_(tau=30),0.0006123546552083689,0.0010284816968184095,1.6795523444962512,0.3,1e-08,6,,0,2025,2035,11,cold_start,50.0,1.25,0.1
Classical_ESN,Mackey_Glass_(tau=30),0.0006870427276043506,0.005399937417050808,7.859682083936541,0.3,1e-08,8,,0,2025,2035,11,cold_start,50.0,1.25,0.1
Classical_ESN,Mackey_Glass_(tau=30),0.0005861219823646375,0.005202738964778701,8.876546386792874,0.3,1e-08,10,,0,2025,2031,11,cold_start,50.0,1.25,0.1
Classical_ESN,Mackey_Glass_(tau=30),0.0004681294467492918,0.005339195706284662,11.405383154937667,0.5,1e-08,1,,0,2025,2034,11,cold_start,50.0,1.25,0.1
Classical_ESN,Mackey_Glass_(tau=30),0.00011768452610683862,0.0008726303307020419,7.414996342933258,0.5,1e-08,2,,0,2025,2031,11,cold_start,50.0,1.25,0.1
Classical_ESN,Mackey_Glass_(tau=30),0.00017630605532520792,0.0009232288133714403,5.236512221140023,0.5,1e-08,4,,0,2025,2029,11,cold_start,50.0,1.25,0.1
Classical_ESN,Mackey_Glass_(tau=30),0.00031814659379526247,0.0005010383370215511,1.5748662622614318,0.5,1e-08,6,,0,2025,2034,11,cold_start,50.0,1.25,0.1
Classical_ESN,Mackey_Glass_(tau=30),0.0006475090382751315,0.00212601064855078,3.2833682973972973,0.5,1e-08,8,,0,2025,2034,11,cold_start,50.0,1.25,0.1
Classical_ESN,Mackey_Glass_(tau=30),0.00030080409635701937,0.00043873111908038036,1.458527740791328,0.5,1e-08,10,,0,2025,2031,11,cold_start,50.0,1.25,0.1
Classical_ESN,Mackey_Glass_(tau=30),0.0005399116592739595,0.001040314898909929,1.9268242888269562,0.7,1e-08,1,,0,2025,2026,11,cold_start,50.0,1.25,0.1
Classical_ESN,Mackey_Glass_(tau=30),0.00011199685280341715,9.965824240863517e-05,0.8898307400080308,0.7,1e-08,2,,0,2025,2025,11,cold_start,50.0,1.25,0.1
Classical_ESN,Mackey_Glass_(tau=30),0.000179589060110587,0.0027193648527287398,15.142152038961699,0.7,1e-08,4,,0,2025,2026,11,cold_start,50.0,1.25,0.1
Classical_ESN,Mackey_Glass_(tau=30),0.000315370987162566,0.0008166493695554655,2.5894879453020287,0.7,1e-08,6,,0,2025,2033,11,cold_start,50.0,1.25,0.1
Classical_ESN,Mackey_Glass_(tau=30),0.00045443664742740575,0.0011036404358018663,2.4285903041703256,0.7,1e-08,8,,0,2025,2027,11,cold_start,50.0,1.25,0.1
Classical_ESN,Mackey_Glass_(tau=30),0.00018972567298737342,0.0009385164260125586,4.946702316217471,0.7,1e-08,10,,0,2025,2028,11,cold_start,50.0,1.25,0.1
Classical_ESN,Mackey_Glass_(tau=30),0.0004987345401952017,0.0008771098740040037,1.758670802428699,0.9,1e-08,1,,0,2025,2026,11,cold_start,50.0,1.25,0.1
Classical_ESN,Mackey_Glass_(tau=30),0.00015952039017701618,0.000494056545489343,3.0971372684150262,0.9,1e-08,2,,0,2025,2030,11,cold_start,50.0,1.25,0.1
Classical_ESN,Mackey_Glass_(tau=30),0.00035604973119925993,0.0024497957336274004,6.880487524526159,0.9,1e-08,4,,0,2025,2033,11,cold_start,50.0,1.25,0.1
Classical_ESN,Mackey_Glass_(tau=30),0.0005807062245901281,0.0008230380955795144,1.4173054476218643,0.9,1e-08,6,,0,2025,2032,11,cold_start,50.0,1.25,0.1
Classical_ESN,Mackey_Glass_(tau=30),0.0005686670514461312,0.0008278994305997135,1.455859678337877,0.9,1e-08,8,,0,2025,2030,11,cold_start,50.0,1.25,0.1
Classical_ESN,Mackey_Glass_(tau=30),0.0005998555998509309,0.0005166267280066982,0.8612518214968472,0.9,1e-08,10,,0,2025,2032,11,cold_start,50.0,1.25,0.1
Classical_ESN,Mackey_Glass_(tau=30),0.012095549789545398,0.7515263620017377,62.13246814554126,0.1,1e-08,1,,0,2025,2034,11,cold_start,50.0,1.25,0.2
Classical_ESN,Mackey_Glass_(tau=30),0.005923459150882637,0.03302738818432904,5.575692740179989,0.1,1e-08,2,,0,2025,2029,11,cold_start,50.0,1.25,0.2
Classical_ESN,Mackey_Glass_(tau=30),0.003142127982850462,0.011037770822038368,3.512832985251343,0.1,1e-08,4,,0,2025,2029,11,cold_start,50.0,1.25,0.2
Classical_ESN,Mackey_Glass_(tau=30),0.003363264524604359,0.011786727162204984,3.504549545828997,0.1,1e-08,6,,0,2025,2026,11,cold_start,50.0,1.25,0.2
Classical_ESN,Mackey_Glass_(tau=30),0.005450413170861046,0.004119603512980133,0.7558332522393574,0.1,1e-08,8,,0,2025,2026,11,cold_start,50.0,1.25,0.2
Classical_ESN,Mackey_Glass_(tau=30),0.003564512154641126,0.005791629967232069,1.6248029789128797,0.1,1e-08,10,,0,2025,2029,11,cold_start,50.0,1.25,0.2
Classical_ESN,Mackey_Glass_(tau=30),0.0006507092189968154,0.13087506309821417,201.1268002318785,0.3,1e-08,1,,0,2025,2035,11,cold_start,50.0,1.25,0.2
Classical_ESN,Mackey_Glass_(tau=30),0.00018643512948594216,0.010450780521667572,56.05585465831211,0.3,1e-08,2,,0,2025,2026,11,cold_start,50.0,1.25,0.2
Classical_ESN,Mackey_Glass_(tau=30),0.00019705152814038883,0.004723244625778235,23.969591458398497,0.3,1e-08,4,,0,2025,2029,11,cold_start,50.0,1.25,0.2
Classical_ESN,Mackey_Glass_(tau=30),0.0004721164505035174,0.0032568766738453997,6.898460475952289,0.3,1e-08,6,,0,2025,2033,11,cold_start,50.0,1.25,0.2
Classical_ESN,Mackey_Glass_(tau=30),0.0012314799814267224,0.0009152956026488158,0.7432484623813427,0.3,1e-08,8,,0,2025,2031,11,cold_start,50.0,1.25,0.2
Classical_ESN,Mackey_Glass_(tau=30),0.001591695713677216,0.0017202873579432196,1.080789087487661,0.3,1e-08,10,,0,2025,2033,11,cold_start,50.0,1.25,0.2
Classical_ESN,Mackey_Glass_(tau=30),0.0004319924192138171,0.007656107590593273,17.722782275963596,0.5,1e-08,1,,0,2025,2034,11,cold_start,50.0,1.25,0.2
Classical_ESN,Mackey_Glass_(tau=30),7.874821454013712e-05,0.0007697487892430123,9.774809419338386,0.5,1e-08,2,,0,2025,2026,11,cold_start,50.0,1.25,0.2
Classical_ESN,Mackey_Glass_(tau=30),0.00017554125293040953,0.0007901597321826568,4.5012765887908,0.5,1e-08,4,,0,2025,2029,11,cold_start,50.0,1.25,0.2
Classical_ESN,Mackey_Glass_(tau=30),0.0002221434891789348,0.0012998473094580582,5.851386030994775,0.5,1e-08,6,,0,2025,2025,11,cold_start,50.0,1.25,0.2
Classical_ESN,Mackey_Glass_(tau=30),0.00035802139960852485,0.0004436896237426401,1.2392824122462747,0.5,1e-08,8,,0,2025,2033,11,cold_start,50.0,1.25,0.2
Classical_ESN,Mackey_Glass_(tau=30),0.0003694350115661238,0.02757795284946166,74.64899640278297,0.5,1e-08,10,,0,2025,2034,11,cold_start,50.0,1.25,0.2
Classical_ESN,Mackey_Glass_(tau=30),0.0004630835942008904,0.003596951920337854,7.767392249221982,0.7,1e-08,1,,0,2025,2030,11,cold_start,50.0,1.25,0.2
Classical_ESN,Mackey_Glass_(tau=30),0.00010067896287168397,0.00037271139366331073,3.7019788745572795,0.7,1e-08,2,,0,2025,2027,11,cold_start,50.0,1.25,0.2
Classical_ESN,Mackey_Glass_(tau=30),0.00021271549514095473,0.0003747117490318632,1.7615630153485649,0.7,1e-08,4,,0,2025,2032,11,cold_start,50.0,1.25,0.2
Classical_ESN,Mackey_Glass_(tau=30),0.0002460880331092475,0.0006305995357663662,2.562495736988641,0.7,1e-08,6,,0,2025,2027,11,cold_start,50.0,1.25,0.2
Classical_ESN,Mackey_Glass_(tau=30),0.00035916466434206804,0.00033374092875701857,0.9292142626791484,0.7,1e-08,8,,0,2025,2035,11,cold_start,50.0,1.25,0.2
Classical_ESN,Mackey_Glass_(tau=30),0.00045773119058582437,0.006939292064784516,15.160190538694351,0.7,1e-08,10,,0,2025,2025,11,cold_start,50.0,1.25,0.2
Classical_ESN,Mackey_Glass_(tau=30),0.0005386784734299927,0.0017763916521605831,3.2976844997156642,0.9,1e-08,1,,0,2025,2026,11,cold_start,50.0,1.25,0.2
Classical_ESN,Mackey_Glass_(tau=30),0.00023701753186748548,0.00039816017350148894,1.679876464683199,0.9,1e-08,2,,0,2025,2034,11,cold_start,50.0,1.25,0.2
Classical_ESN,Mackey_Glass_(tau=30),0.0005761188701006688,0.0004337445786280822,0.7528734105728759,0.9,1e-08,4,,0,2025,2035,11,cold_start,50.0,1.25,0.2
Classical_ESN,Mackey_Glass_(tau=30),0.0003665774928630418,0.00040010313347215516,1.0914558074672602,0.9,1e-08,6,,0,2025,2025,11,cold_start,50.0,1.25,0.2
Classical_ESN,Mackey_Glass_(tau=30),0.0005585697532434473,0.0004603433600047794,0.8241465946405142,0.9,1e-08,8,,0,2025,2029,11,cold_start,50.0,1.25,0.2
Classical_ESN,Mackey_Glass_(tau=30),0.0006846251187334892,0.000558364200565974,0.8155765619568713,0.9,1e-08,10,,0,2025,2025,11,cold_start,50.0,1.25,0.2
Classical_ESN,Mackey_Glass_(tau=30),0.00048531669470617763,4.878762662243621e-05,0.10052740232225765,0.1,1e-08,1,,0,2025,2028,11,cold_start,100.0,0.9,0.1
Classical_ESN,Mackey_Glass_(tau=30),0.00037067091743431556,0.000468195602021746,1.263103146215166,0.1,1e-08,2,,0,2025,2029,11,cold_start,100.0,0.9,0.1
Classical_ESN,Mackey_Glass_(tau=30),0.0004927742033833075,0.00033936925669556683,0.6886911984546122,0.1,1e-08,4,,0,2025,2025,11,cold_start,100.0,0.9,0.1
Classical_ESN,Mackey_Glass_(tau=30),0.0009852262209899842,0.001564117966101937,1.58757241005042,0.1,1e-08,6,,0,2025,2029,11,cold_start,100.0,0.9,0.1
Classical_ESN,Mackey_Glass_(tau=30),0.0015171365188697318,0.0014820723844958734,0.9768879504660654,0.1,1e-08,8,,0,2025,2027,11,cold_start,100.0,0.9,0.1
Classical_ESN,Mackey_Glass_(tau=30),0.007758271932314036,0.005088515095915226,0.6558825393475852,0.1,1e-08,10,,0,2025,2025,11,cold_start,100.0,0.9,0.1
Classical_ESN,Mackey_Glass_(tau=30),7.130498759903611e-05,1.2933423275357226e-05,0.18138174776896052,0.3,1e-08,1,,0,2025,2030,11,cold_start,100.0,0.9,0.1
Classical_ESN,Mackey_Glass_(tau=30),8.583600740760277e-06,7.488950366476668e-06,0.8724718906034937,0.3,1e-08,2,,0,2025,2035,11,cold_start,100.0,0.9,0.1
Classical_ESN,Mackey_Glass_(tau=30),3.2677032893982045e-05,2.6747368208838426e-05,0.8185372367074474,0.3,1e-08,4,,0,2025,2025,11,cold_start,100.0,0.9,0.1
Classical_ESN,Mackey_Glass_(tau=30),0.00012969196791755636,0.00014793722587854398,1.1406814797704814,0.3,1e-08,6,,0,2025,2026,11,cold_start,100.0,0.9,0.1
Classical_ESN,Mackey_Glass_(tau=30),0.00017287111282533385,0.00028256994880552653,1.6345700804913,0.3,1e-08,8,,0,2025,2033,11,cold_start,100.0,0.9,0.1
Classical_ESN,Mackey_Glass_(tau=30),0.00017562656629526113,0.0004934662139520052,2.809746978269769,0.3,1e-08,10,,0,2025,2032,11,cold_start,100.0,0.9,0.1
Classical_ESN,Mackey_Glass_(tau=30),5.116787077108953e-05,1.0251796125706897e-05,0.2003561213553425,0.5,1e-08,1,,0,2025,2033,11,cold_start,100.0,0.9,0.1
Classical_ESN,Mackey_Glass_(tau=30),1.2903424373398494e-05,1.253117191573837e-06,0.09711508784886937,0.5,1e-08,2,,0,2025,2035,11,cold_start,100.0,0.9,0.1
Classical_ESN,Mackey_Glass_(tau=30),2.4218341207260113e-05,3.0068603498036366e-05,1.241563294558856,0.5,1e-08,4,,0,2025,2034,11,cold_start,100.0,0.9,0.1
Classical_ESN,Mackey_Glass_(tau=30),0.00020292024119260247,0.00011128118345102485,0.5483986358236285,0.5,1e-08,6,,0,2025,2025,11,cold_start,100.0,0.9,0.1
Classical_ESN,Mackey_Glass_(tau=30),0.00021680769400547937,0.00035563019685344236,1.640302473972416,0.5,1e-08,8,,0,2025,2030,11,cold_start,100.0,0.9,0.1
Classical_ESN,Mackey_Glass_(tau=30),0.0006382340425167358,0.0006669226208430232,1.0449499343738549,0.5,1e-08,10,,0,2025,2028,11,cold_start,100.0,0.9,0.1
Classical_ESN,Mackey_Glass_(tau=30),6.057976609708087e-05,1.6331173658659477e-05,0.2695813257596321,0.7,1e-08,1,,0,2025,2033,11,cold_start,100.0,0.9,0.1
Classical_ESN,Mackey_Glass_(tau=30),1.879640440114676e-05,2.6023931080083457e-06,0.13845164492468437,0.7,1e-08,2,,0,2025,2031,11,cold_start,100.0,0.9,0.1
Classical_ESN,Mackey_Glass_(tau=30),4.5893826052731666e-05,8.696942796429592e-05,1.8950136749193387,0.7,1e-08,4,,0,2025,2032,11,cold_start,100.0,0.9,0.1
Classical_ESN,Mackey_Glass_(tau=30),0.00040926833381213935,0.00031802249780968025,0.77705131703558,0.7,1e-08,6,,0,2025,2031,11,cold_start,100.0,0.9,0.1
Classical_ESN,Mackey_Glass_(tau=30),0.00043257943576744534,0.0008875045591518155,2.0516568421179824,0.7,1e-08,8,,0,2025,2029,11,cold_start,100.0,0.9,0.1
Classical_ESN,Mackey_Glass_(tau=30),0.0010213761583309,0.0008786619582283348,0.8602726341921039,0.7,1e-08,10,,0,2025,2030,11,cold_start,100.0,0.9,0.1
Classical_ESN,Mackey_Glass_(tau=30),0.0001065268161697746,3.879196110453701e-05,0.3641520745603927,0.9,1e-08,1,,0,2025,2032,11,cold_start,100.0,0.9,0.1
Classical_ESN,Mackey_Glass_(tau=30),2.1483337611419196e-05,3.025030025449375e-06,0.14080819657376975,0.9,1e-08,2,,0,2025,2031,11,cold_start,100.0,0.9,0.1
Classical_ESN,Mackey_Glass_(tau=30),0.00015154767078783725,0.0002217057997160262,1.4629442904893502,0.9,1e-08,4,,0,2025,2028,11,cold_start,100.0,0.9,0.1
Classical_ESN,Mackey_Glass_(tau=30),0.0012330231075713283,0.0006740990643968142,0.5467043239153722,0.9,1e-08,6,,0,2025,2029,11,cold_start,100.0,0.9,0.1
Classical_ESN,Mackey_Glass_(tau=30),0.0014029016788321023,0.0017705169285706,1.262039211503783,0.9,1e-08,8,,0,2025,2031,11,cold_start,100.0,0.9,0.1
Classical_ESN,Mackey_Glass_(tau=30),0.002077929526522162,0.0014421062578832383,0.6940111488270234,0.9,1e-08,10,,0,2025,2035,11,cold_start,100.0,0.9,0.1
Classical_ESN,Mackey_Glass_(tau=30),0.0004662739333433116,3.5155658828065255e-05,0.07539700659650769,0.1,1e-08,1,,0,2025,2028,11,cold_start,100.0,0.9,0.2
Classical_ESN,Mackey_Glass_(tau=30),0.00039589557743311093,0.0001713276982680534,0.4327598185837282,0.1,1e-08,2,,0,2025,2033,11,cold_start,100.0,0.9,0.2
Classical_ESN,Mackey_Glass_(tau=30),0.0008237592289935468,0.0006637890226419975,0.8058046566021508,0.1,1e-08,4,,0,2025,2029,11,cold_start,100.0,0.9,0.2
Classical_ESN,Mackey_Glass_(tau=30),0.000709418087016307,0.0009181385457761824,1.2942136133541766,0.1,1e-08,6,,0,2025,2025,11,cold_start,100.0,0.9,0.2
Classical_ESN,Mackey_Glass_(tau=30),0.00141170109739476,0.0012372288398257534,0.8764099157456288,0.1,1e-08,8,,0,2025,2035,11,cold_start,100.0,0.9,0.2
Classical_ESN,Mackey_Glass_(tau=30),0.0025741682934839016,0.006554081669838873,2.546096805880754,0.1,1e-08,10,,0,2025,2028,11,cold_start,100.0,0.9,0.2
Classical_ESN,Mackey_Glass_(tau=30),7.561098700046908e-05,1.2663626193217012e-05,0.1674839424214691,0.3,1e-08,1,,0,2025,2033,11,cold_start,100.0,0.9,0.2
Classical_ESN,Mackey_Glass_(tau=30),9.053677145230336e-06,6.2365736976931935e-06,0.6888442781482161,0.3,1e-08,2,,0,2025,2032,11,cold_start,100.0,0.9,0.2
Classical_ESN,Mackey_Glass_(tau=30),3.6079860666016976e-05,5.359556051482387e-05,1.4854702741494965,0.3,1e-08,4,,0,2025,2033,11,cold_start,100.0,0.9,0.2
Classical_ESN,Mackey_Glass_(tau=30),6.018463155266071e-05,8.741547205432253e-05,1.4524550503866624,0.3,1e-08,6,,0,2025,2025,11,cold_start,100.0,0.9,0.2
Classical_ESN,Mackey_Glass_(tau=30),0.0002118315157629491,0.00022550791773843598,1.0645626403900708,0.3,1e-08,8,,0,2025,2026,11,cold_start,100.0,0.9,0.2
Classical_ESN,Mackey_Glass_(tau=30),0.0005375615177793608,0.0009366188123545931,1.7423472130663622,0.3,1e-08,10,,0,2025,2026,11,cold_start,100.0,0.9,0.2
Classical_ESN,Mackey_Glass_(tau=30),5.531397608496748e-05,1.1776084204411856e-05,0.2128952759845483,0.5,1e-08,1,,0,2025,2025,11,cold_start,100.0,0.9,0.2
Classical_ESN,Mackey_Glass_(tau=30),1.2871995194474842e-05,9.453929217294424e-07,0.07344571742345285,0.5,1e-08,2,,0,2025,2031,11,cold_start,100.0,0.9,0.2
Classical_ESN,Mackey_Glass_(tau=30),2.9702140926237823e-05,4.9104744724257024e-05,1.6532392343771969,0.5,1e-08,4,,0,2025,2033,11,cold_start,100.0,0.9,0.2
Classical_ESN,Mackey_Glass_(tau=30),0.00011302017486023907,0.0002403898475159542,2.1269640381747834,0.5,1e-08,6,,0,2025,2028,11,cold_start,100.0,0.9,0.2
Classical_ESN,Mackey_Glass_(tau=30),0.00022197070859281278,0.00019539370672422957,0.8802679775315014,0.5,1e-08,8,,0,2025,2028,11,cold_start,100.0,0.9,0.2
Classical_ESN,Mackey_Glass_(tau=30),0.0003149968475961574,0.0005792482429934165,1.8389017141404647,0.5,1e-08,10,,0,2025,2032,11,cold_start,100.0,0.9,0.2
Classical_ESN,Mackey_Glass_(tau=30),6.811044224725201e-05,2.7281540557477908e-05,0.4005485745994934,0.7,1e-08,1,,0,2025,2031,11,cold_start,100.0,0.9,0.2
Classical_ESN,Mackey_Glass_(tau=30),1.8229994263036192e-05,2.894960688415159e-06,0.15880206250448956,0.7,1e-08,2,,0,2025,2025,11,cold_start,100.0,0.9,0.2
Classical_ESN,Mackey_Glass_(tau=30),5.067508347291434e-05,6.295079147751349e-05,1.2422434688471795,0.7,1e-08,4,,0,2025,2030,11,cold_start,100.0,0.9,0.2
Classical_ESN,Mackey_Glass_(tau=30),0.00020598253682218467,0.00038022242003868276,1.8458963847353305,0.7,1e-08,6,,0,2025,2030,11,cold_start,100.0,0.9,0.2
Classical_ESN,Mackey_Glass_(tau=30),0.0004676613371727403,0.0003610117268674184,0.7719511923947464,0.7,1e-08,8,,0,2025,2026,11,cold_start,100.0,0.9,0.2
Classical_ESN,Mackey_Glass_(tau=30),0.0008674524413956049,0.0005203170677468324,0.5998220108870959,0.7,1e-08,10,,0,2025,2027,11,cold_start,100.0,0.9,0.2
Classical_ESN,Mackey_Glass_(tau=30),0.00012038108767015792,8.260454410054329e-05,0.6861920397901563,0.9,1e-08,1,,0,2025,2034,11,cold_start,100.0,0.9,0.2
Classical_ESN,Mackey_Glass_(tau=30),2.2883657976021962e-05,3.802330004215953e-06,0.16615918697089968,0.9,1e-08,2,,0,2025,2031,11,cold_start,100.0,0.9,0.2
Classical_ESN,Mackey_Glass_(tau=30),0.00024655019538822947,0.00020073891539559464,0.814190859104783,0.9,1e-08,4,,0,2025,2025,11,cold_start,100.0,0.9,0.2
Classical_ESN,Mackey_Glass_(tau=30),0.0007086302134995245,0.0006763441770104605,0.9544388090233671,0.9,1e-08,6,,0,2025,2028,11,cold_start,100.0,0.9,0.2
Classical_ESN,Mackey_Glass_(tau=30),0.0008075378878287857,0.0008584270017312602,1.063017617711163,0.9,1e-08,8,,0,2025,2025,11,cold_start,100.0,0.9,0.2
Classical_ESN,Mackey_Glass_(tau=30),0.0012707647442704955,0.0016315158484902792,1.2838850431177795,0.9,1e-08,10,,0,2025,2028,11,cold_start,100.0,0.9,0.2
Classical_ESN,Mackey_Glass_(tau=30),0.0169243142791852,0.026110927663930812,1.5428056483236077,0.1,1e-08,1,,0,2025,2029,11,cold_start,100.0,1.1,0.1
Classical_ESN,Mackey_Glass_(tau=30),0.004800215689487035,0.009162721040400387,1.9088144435817094,0.1,1e-08,2,,0,2025,2029,11,cold_start,100.0,1.1,0.1
Classical_ESN,Mackey_Glass_(tau=30),0.0037416699505142077,0.0030614707511934344,0.8182097276572202,0.1,1e-08,4,,0,2025,2025,11,cold_start,100.0,1.1,0.1
Classical_ESN,Mackey_Glass_(tau=30),0.003125778820044117,0.0026215941234984204,0.8387010964075249,0.1,1e-08,6,,0,2025,2032,11,cold_start,100.0,1.1,0.1
Classical_ESN,Mackey_Glass_(tau=30),0.005198952823975691,0.00473454558939098,0.9106729277397878,0.1,1e-08,8,,0,2025,2034,11,cold_start,100.0,1.1,0.1
Classical_ESN,Mackey_Glass_(tau=30),0.003414865910090726,0.009170271318763744,2.685397189876808,0.1,1e-08,10,,0,2025,2031,11,cold_start,100.0,1.1,0.1
Classical_ESN,Mackey_Glass_(tau=30),0.00046119999554108785,0.0003420070061077364,0.7415589969954094,0.3,1e-08,1,,0,2025,2035,11,cold_start,100.0,1.1,0.1
Classical_ESN,Mackey_Glass_(tau=30),6.74708522809951e-05,0.001426262031526996,21.138936048814955,0.3,1e-08,2,,0,2025,2031,11,cold_start,100.0,1.1,0.1
Classical_ESN,Mackey_Glass_(tau=30),0.00012265077200974124,0.0003794426409346782,3.093683266050228,0.3,1e-08,4,,0,2025,2030,11,cold_start,100.0,1.1,0.1
Classical_ESN,Mackey_Glass_(tau=30),8.534746811988405e-05,5.324166518692288e-05,0.6238224326952092,0.3,1e-08,6,,0,2025,2031,11,cold_start,100.0,1.1,0.1
Classical_ESN,Mackey_Glass_(tau=30),0.00033418098688458615,0.0002737747767704257,0.8192410325994324,0.3,1e-08,8,,0,2025,2030,11,cold_start,100.0,1.1,0.1
Classical_ESN,Mackey_Glass_(tau=30),0.00028930111321389827,0.0015189680328583604,5.250474206558939,0.3,1e-08,10,,0,2025,2025,11,cold_start,100.0,1.1,0.1
Classical_ESN,Mackey_Glass_(tau=30),0.00017118745842817487,0.0022058422181533634,12.8855363494918,0.5,1e-08,1,,0,2025,2029,11,cold_start,100.0,1.1,0.1
Classical_ESN,Mackey_Glass_(tau=30),1.5179177348720316e-05,0.0004187258988093712,27.585546251271122,0.5,1e-08,2,,0,2025,2032,11,cold_start,100.0,1.1,0.1
Classical_ESN,Mackey_Glass_(tau=30),3.203702016526602e-05,0.00014118686064478367,4.406991034636111,0.5,1e-08,4,,0,2025,2030,11,cold_start,100.0,1.1,0.1
Classical_ESN,Mackey_Glass_(tau=30),6.850882836561569e-05,6.520187952717284e-05,0.9517295957713008,0.5,1e-08,6,,0,2025,2029,11,cold_start,100.0,1.1,0.1
Classical_ESN,Mackey_Glass_(tau=30),0.00017828834974359967,0.0002874121770895934,1.6120637018791584,0.5,1e-08,8,,0,2025,2028,11,cold_start,100.0,1.1,0.1
Classical_ESN,Mackey_Glass_(tau=30),0.00022317548215021587,0.0010434755581229618,4.675583303638232,0.5,1e-08,10,,0,2025,2032,11,cold_start,100.0,1.1,0.1
Classical_ESN,Mackey_Glass_(tau=30),0.00014577672241534938,0.00014690605128571459,1.0077469766891007,0.7,1e-08,1,,0,2025,2027,11,cold_start,100.0,1.1,0.1
Classical_ESN,Mackey_Glass_(tau=30),1.879812981291719e-05,0.00042298666037644177,22.50152885345995,0.7,1e-08,2,,0,2025,2031,11,cold_start,100.0,1.1,0.1
Classical_ESN,Mackey_Glass_(tau=30),3.128514456733322e-05,0.00025977065543009105,8.303322839726746,0.7,1e-08,4,,0,2025,2031,11,cold_start,100.0,1.1,0.1
Classical_ESN,Mackey_Glass_(tau=30),6.297510159278515e-05,0.0001229957201191462,1.9530849019422212,0.7,1e-08,6,,0,2025,2025,11,cold_start,100.0,1.1,0.1
Classical_ESN,Mackey_Glass_(tau=30),0.0001511011311460154,0.0004655770093402154,3.0812278227772407,0.7,1e-08,8,,0,2025,2030,11,cold_start,100.0,1.1,0.1
Classical_ESN,Mackey_Glass_(tau=30),0.00012680347270435123,0.0024176139480210773,19.065833896031126,0.7,1e-08,10,,0,2025,2032,11,cold_start,100.0,1.1,0.1
Classical_ESN,Mackey_Glass_(tau=30),0.0002033431000964476,0.00010480030637718385,0.5153865871400409,0.9,1e-08,1,,0,2025,2026,11,cold_start,100.0,1.1,0.1
Classical_ESN,Mackey_Glass_(tau=30),2.7391376183630727e-05,0.00014977539766451996,5.467976368198205,0.9,1e-08,2,,0,2025,2035,11,cold_start,100.0,1.1,0.1
Classical_ESN,Mackey_Glass_(tau=30),6.219740516465655e-05,0.0002242237150013564,3.605033271207441,0.9,1e-08,4,,0,2025,2032,11,cold_start,100.0,1.1,0.1
Classical_ESN,Mackey_Glass_(tau=30),7.351854036717677e-05,0.00022090582433145005,3.0047634682104776,0.9,1e-08,6,,0,2025,2030,11,cold_start,100.0,1.1,0.1
Classical_ESN,Mackey_Glass_(tau=30),0.0002427089417074505,0.0014394430599917356,5.930737655832927,0.9,1e-08,8,,0,2025,2025,11,cold_start,100.0,1.1,0.1
Classical_ESN,Mackey_Glass_(tau=30),0.0002203731992925052,0.0016909749627602878,7.673233261526629,0.9,1e-08,10,,0,2025,2030,11,cold_start,100.0,1.1,0.1
Classical_ESN,Mackey_Glass_(tau=30),0.015933772434427246,0.057211791456455975,3.590599256510124,0.1,1e-08,1,,0,2025,2034,11,cold_start,100.0,1.1,0.2
Classical_ESN,Mackey_Glass_(tau=30),0.01644601622781719,0.04956513468836786,3.0138079642978943,0.1,1e-08,2,,0,2025,2027,11,cold_start,100.0,1.1,0.2
Classical_ESN,Mackey_Glass_(tau=30),0.002393764630368281,0.006376689573122501,2.663874924136316,0.1,1e-08,4,,0,2025,2032,11,cold_start,100.0,1.1,0.2
Classical_ESN,Mackey_Glass_(tau=30),0.0041629921088479115,0.022476262760863334,5.399064464497276,0.1,1e-08,6,,0,2025,2028,11,cold_start,100.0,1.1,0.2
Classical_ESN,Mackey_Glass_(tau=30),0.005839861503909831,0.002942410201171646,0.5038493120430476,0.1,1e-08,8,,0,2025,2031,11,cold_start,100.0,1.1,0.2
Classical_ESN,Mackey_Glass_(tau=30),0.005351399573192713,0.01008798646342773,1.8851117965405655,0.1,1e-08,10,,0,2025,2025,11,cold_start,100.0,1.1,0.2
Classical_ESN,Mackey_Glass_(tau=30),0.00038299020821746935,0.0002586906967406926,0.675449897125837,0.3,1e-08,1,,0,2025,2035,11,cold_start,100.0,1.1,0.2
Classical_ESN,Mackey_Glass_(tau=30),6.694406052459838e-05,0.0012781972276422586,19.093512070015368,0.3,1e-08,2,,0,2025,2027,11,cold_start,100.0,1.1,0.2
Classical_ESN,Mackey_Glass_(tau=30),5.672213405913703e-05,0.000888228784905382,15.659297726339732,0.3,1e-08,4,,0,2025,2032,11,cold_start,100.0,1.1,0.2
Classical_ESN,Mackey_Glass_(tau=30),0.00012064407609570404,0.0014541609032994714,12.05331376690158,0.3,1e-08,6,,0,2025,2033,11,cold_start,100.0,1.1,0.2
Classical_ESN,Mackey_Glass_(tau=30),0.0002839046847096601,0.0003648113836433495,1.284978386377914,0.3,1e-08,8,,0,2025,2026,11,cold_start,100.0,1.1,0.2
Classical_ESN,Mackey_Glass_(tau=30),0.00054978433500814,0.0010711083650381751,1.948233692439266,0.3,1e-08,10,,0,2025,2034,11,cold_start,100.0,1.1,0.2
Classical_ESN,Mackey_Glass_(tau=30),0.00011865079964400325,7.498927410899627e-05,0.6320165926735608,0.5,1e-08,1,,0,2025,2033,11,cold_start,100.0,1.1,0.2
Classical_ESN,Mackey_Glass_(tau=30),1.5621881591079216e-05,0.00024145735948764805,15.456355758420987,0.5,1e-08,2,,0,2025,2027,11,cold_start,100.0,1.1,0.2
Classical_ESN,Mackey_Glass_(tau=30),1.8387803347834007e-05,0.0004537445303685653,24.676385851277566,0.5,1e-08,4,,0,2025,2030,11,cold_start,100.0,1.1,0.2
Classical_ESN,Mackey_Glass_(tau=30),0.00010326381463251837,0.0007288121536748774,7.057769038152211,0.5,1e-08,6,,0,2025,2035,11,cold_start,100.0,1.1,0.2
Classical_ESN,Mackey_Glass_(tau=30),0.0003536600675486128,0.0005530716108783411,1.563850888543751,0.5,1e-08,8,,0,2025,2031,11,cold_start,100.0,1.1,0.2
Classical_ESN,Mackey_Glass_(tau=30),0.0002869789765926907,0.0004407864776236747,1.5359538975891012,0.5,1e-08,10,,0,2025,2030,11,cold_start,100.0,1.1,0.2
Classical_ESN,Mackey_Glass_(tau=30),0.00010501978732734791,7.547982992618687e-05,0.7187200797780646,0.7,1e-08,1,,0,2025,2032,11,cold_start,100.0,1.1,0.2
Classical_ESN,Mackey_Glass_(tau=30),2.2043578272249613e-05,7.08398289753222e-05,3.2136265764302694,0.7,1e-08,2,,0,2025,2025,11,cold_start,100.0,1.1,0.2
Classical_ESN,Mackey_Glass_(tau=30),6.872866317306006e-05,0.0007275677961704167,10.586089741602969,0.7,1e-08,4,,0,2025,2025,11,cold_start,100.0,1.1,0.2
Classical_ESN,Mackey_Glass_(tau=30),6.959356512937473e-05,0.0009187091216396396,13.201064206608118,0.7,1e-08,6,,0,2025,2032,11,cold_start,100.0,1.1,0.2
Classical_ESN,Mackey_Glass_(tau=30),0.0001786409511566098,0.00022802033590335112,1.2764169381490345,0.7,1e-08,8,,0,2025,2033,11,cold_start,100.0,1.1,0.2
Classical_ESN,Mackey_Glass_(tau=30),0.00027641771648055657,0.00036524085039586475,1.3213366170816916,0.7,1e-08,10,,0,2025,2030,11,cold_start,100.0,1.1,0.2
Classical_ESN,Mackey_Glass_(tau=30),0.00012682237545904264,0.00014263809649414113,1.1247076549217152,0.9,1e-08,1,,0,2025,2027,11,cold_start,100.0,1.1,0.2
Classical_ESN,Mackey_Glass_(tau=30),3.468479660434252e-05,4.689408266648027e-05,1.3520068519187787,0.9,1e-08,2,,0,2025,2034,11,cold_start,100.0,1.1,0.2
Classical_ESN,Mackey_Glass_(tau=30),4.344541483658899e-05,0.0003475599816663723,7.99992319036768,0.9,1e-08,4,,0,2025,2027,11,cold_start,100.0,1.1,0.2
Classical_ESN,Mackey_Glass_(tau=30),7.267431815402536e-05,0.0007560675215811092,10.403503476684925,0.9,1e-08,6,,0,2025,2027,11,cold_start,100.0,1.1,0.2
Classical_ESN,Mackey_Glass_(tau=30),0.000354306899768082,0.0003976645914962534,1.122373263847111,0.9,1e-08,8,,0,2025,2034,11,cold_start,100.0,1.1,0.2
Classical_ESN,Mackey_Glass_(tau=30),0.0007168972198588611,0.0006788219794464727,0.9468888435361983,0.9,1e-08,10,,0,2025,2030,11,cold_start,100.0,1.1,0.2
Classical_ESN,Mackey_Glass_(tau=30),0.39859779228462444,1.4531284973622498,3.6456009679166077,0.1,1e-08,1,,0,2025,2034,11,cold_start,100.0,1.25,0.1
Classical_ESN,Mackey_Glass_(tau=30),0.09981881940802563,0.060712060555246236,0.6082225868358133,0.1,1e-08,2,,0,2025,2027,11,cold_start,100.0,1.25,0.1
Classical_ESN,Mackey_Glass_(tau=30),0.019667228508704233,0.030366748697324503,1.5440278575034059,0.1,1e-08,4,,0,2025,2025,11,cold_start,100.0,1.25,0.1
Classical_ESN,Mackey_Glass_(tau=30),0.02730526498443938,0.03155726905229668,1.1557210329319425,0.1,1e-08,6,,0,2025,2035,11,cold_start,100.0,1.25,0.1
Classical_ESN,Mackey_Glass_(tau=30),0.021933118768958853,0.06374054106151013,2.9061321252552466,0.1,1e-08,8,,0,2025,2029,11,cold_start,100.0,1.25,0.1
Classical_ESN,Mackey_Glass_(tau=30),0.020131084715556666,0.030024274509440816,1.4914384859867489,0.1,1e-08,10,,0,2025,2025,11,cold_start,100.0,1.25,0.1
Classical_ESN,Mackey_Glass_(tau=30),0.0022528745204390918,0.09043629777815346,40.142625324968016,0.3,1e-08,1,,0,2025,2034,11,cold_start,100.0,1.25,0.1
Classical_ESN,Mackey_Glass_(tau=30),0.001248863392308947,0.01864644024180189,14.930728498116698,0.3,1e-08,2,,0,2025,2030,11,cold_start,100.0,1.25,0.1
Classical_ESN,Mackey_Glass_(tau=30),0.0013488190159780266,0.0039922051795991806,2.9597782447517162,0.3,1e-08,4,,0,2025,2027,11,cold_start,100.0,1.25,0.1
Classical_ESN,Mackey_Glass_(tau=30),0.0009455436687746402,0.0012555469227511652,1.327857151619732,0.3,1e-08,6,,0,2025,2033,11,cold_start,100.0,1.25,0.1
Classical_ESN,Mackey_Glass_(tau=30),0.002114597813595913,0.02179444896209855,10.30666390647434,0.3,1e-08,8,,0,2025,2028,11,cold_start,100.0,1.25,0.1
Classical_ESN,Mackey_Glass_(tau=30),0.005595293993066946,0.005522015200157755,0.9869034955089063,0.3,1e-08,10,,0,2025,2033,11,cold_start,100.0,1.25,0.1
Classical_ESN,Mackey_Glass_(tau=30),0.0007791247260469432,0.00800061281659459,10.268718921535731,0.5,1e-08,1,,0,2025,2034,11,cold_start,100.0,1.25,0.1
Classical_ESN,Mackey_Glass_(tau=30),0.00032187472515603205,0.003572117539592018,11.097850375982139,0.5,1e-08,2,,0,2025,2034,11,cold_start,100.0,1.25,0.1
Classical_ESN,Mackey_Glass_(tau=30),0.0002619855015839473,0.005593501355646987,21.35042329376642,0.5,1e-08,4,,0,2025,2033,11,cold_start,100.0,1.25,0.1
Classical_ESN,Mackey_Glass_(tau=30),0.00036277628357665915,0.0008801495084379908,2.426149525984667,0.5,1e-08,6,,0,2025,2027,11,cold_start,100.0,1.25,0.1
Classical_ESN,Mackey_Glass_(tau=30),0.0005690534620551118,0.005716888041483206,10.046310975487108,0.5,1e-08,8,,0,2025,2026,11,cold_start,100.0,1.25,0.1
Classical_ESN,Mackey_Glass_(tau=30),0.0005904317102030151,0.0021701166198829854,3.6754743730427495,0.5,1e-08,10,,0,2025,2027,11,cold_start,100.0,1.25,0.1
Classical_ESN,Mackey_Glass_(tau=30),0.0006066540834598648,0.005627968989585642,9.277064381547149,0.7,1e-08,1,,0,2025,2035,11,cold_start,100.0,1.25,0.1
Classical_ESN,Mackey_Glass_(tau=30),0.0003242058587821451,0.0007858310077207546,2.423864302368469,0.7,1e-08,2,,0,2025,2033,11,cold_start,100.0,1.25,0.1
Classical_ESN,Mackey_Glass_(tau=30),0.000129565838568735,0.0003792957431206292,2.927436331293544,0.7,1e-08,4,,0,2025,2030,11,cold_start,100.0,1.25,0.1
Classical_ESN,Mackey_Glass_(tau=30),0.0003099188077814237,0.000776638804197153,2.5059427975887565,0.7,1e-08,6,,0,2025,2035,11,cold_start,100.0,1.25,0.1
Classical_ESN,Mackey_Glass_(tau=30),0.0005539344768809866,0.004631352297330292,8.360830550587563,0.7,1e-08,8,,0,2025,2026,11,cold_start,100.0,1.25,0.1
Classical_ESN,Mackey_Glass_(tau=30),0.0006929821927722168,0.005661944855251608,8.170404541856227,0.7,1e-08,10,,0,2025,2025,11,cold_start,100.0,1.25,0.1
Classical_ESN,Mackey_Glass_(tau=30),0.0008813806284753631,0.007587219247216959,8.608334472180928,0.9,1e-08,1,,0,2025,2029,11,cold_start,100.0,1.25,0.1
Classical_ESN,Mackey_Glass_(tau=30),0.0006641844491878667,0.001864112592958251,2.8066188469748123,0.9,1e-08,2,,0,2025,2025,11,cold_start,100.0,1.25,0.1
Classical_ESN,Mackey_Glass_(tau=30),0.0001636468149666256,0.00047752792671988697,2.91803984585508,0.9,1e-08,4,,0,2025,2028,11,cold_start,100.0,1.25,0.1
Classical_ESN,Mackey_Glass_(tau=30),0.0004084838216753304,0.0006439085749622465,1.5763380109433944,0.9,1e-08,6,,0,2025,2035,11,cold_start,100.0,1.25,0.1
Classical_ESN,Mackey_Glass_(tau=30),0.0010932964353797137,0.002179932559202343,1.9939080460325738,0.9,1e-08,8,,0,2025,2025,11,cold_start,100.0,1.25,0.1
Classical_ESN,Mackey_Glass_(tau=30),0.0006423229842785916,0.0024091428986809946,3.7506721036718944,0.9,1e-08,10,,0,2025,2025,11,cold_start,100.0,1.25,0.1
Classical_ESN,Mackey_Glass_(tau=30),0.20878994216278463,0.3841751515807092,1.8400079410012202,0.1,1e-08,1,,0,2025,2026,11,cold_start,100.0,1.25,0.2
Classical_ESN,Mackey_Glass_(tau=30),0.07634412568376693,1.7572684580189342,23.017729815885264,0.1,1e-08,2,,0,2025,2035,11,cold_start,100.0,1.25,0.2
Classical_ESN,Mackey_Glass_(tau=30),0.07548666608799401,0.09842232150065337,1.3038371755075726,0.1,1e-08,4,,0,2025,2026,11,cold_start,100.0,1.25,0.2
Classical_ESN,Mackey_Glass_(tau=30),0.027086044490349154,0.13490858644942738,4.9807415216162605,0.1,1e-08,6,,0,2025,2031,11,cold_start,100.0,1.25,0.2
Classical_ESN,Mackey_Glass_(tau=30),0.02010871179894572,0.052417883862583704,2.6067251043566064,0.1,1e-08,8,,0,2025,2035,11,cold_start,100.0,1.25,0.2
Classical_ESN,Mackey_Glass_(tau=30),0.031690829752987856,0.06615462642501947,2.087500609503048,0.1,1e-08,10,,0,2025,2033,11,cold_start,100.0,1.25,0.2
Classical_ESN,Mackey_Glass_(tau=30),0.005083826679371056,0.043792122184387196,8.614007704488643,0.3,1e-08,1,,0,2025,2027,11,cold_start,100.0,1.25,0.2
Classical_ESN,Mackey_Glass_(tau=30),0.0015826198576774358,0.057857947101180515,36.558335105241,0.3,1e-08,2,,0,2025,2027,11,cold_start,100.0,1.25,0.2
Classical_ESN,Mackey_Glass_(tau=30),0.0005834146340384703,0.012022423214023152,20.606996315471914,0.3,1e-08,4,,0,2025,2035,11,cold_start,100.0,1.25,0.2
Classical_ESN,Mackey_Glass_(tau=30),0.00125944097860126,0.00937035812768628,7.44009309439259,0.3,1e-08,6,,0,2025,2033,11,cold_start,100.0,1.25,0.2
Classical_ESN,Mackey_Glass_(tau=30),0.0016641895374224442,0.01941090878896156,11.66388103786896,0.3,1e-08,8,,0,2025,2032,11,cold_start,100.0,1.25,0.2
Classical_ESN,Mackey_Glass_(tau=30),0.0026700850316777936,0.0061589043652455116,2.3066322952926552,0.3,1e-08,10,,0,2025,2027,11,cold_start,100.0,1.25,0.2
Classical_ESN,Mackey_Glass_(tau=30),0.0004950247752624532,0.025105994423789302,50.716642233671145,0.5,1e-08,1,,0,2025,2028,11,cold_start,100.0,1.25,0.2
Classical_ESN,Mackey_Glass_(tau=30),0.000383648338435161,0.02050646111020276,53.45119229199654,0.5,1e-08,2,,0,2025,2035,11,cold_start,100.0,1.25,0.2
Classical_ESN,Mackey_Glass_(tau=30),0.00019851698293259934,0.0023333050169214325,11.753679622028299,0.5,1e-08,4,,0,2025,2035,11,cold_start,100.0,1.25,0.2
Classical_ESN,Mackey_Glass_(tau=30),0.0002683884124899996,0.0061512438785401545,22.919185748264578,0.5,1e-08,6,,0,2025,2032,11,cold_start,100.0,1.25,0.2
Classical_ESN,Mackey_Glass_(tau=30),0.0009713006092754522,0.0018537386737569274,1.9085117995959413,0.5,1e-08,8,,0,2025,2026,11,cold_start,100.0,1.25,0.2
Classical_ESN,Mackey_Glass_(tau=30),0.0023116137281595727,0.0016486331573423302,0.7131957806181205,0.5,1e-08,10,,0,2025,2028,11,cold_start,100.0,1.25,0.2
Classical_ESN,Mackey_Glass_(tau=30),0.0004510900398504879,0.00877660216578458,19.456430846253117,0.7,1e-08,1,,0,2025,2027,11,cold_start,100.0,1.25,0.2
Classical_ESN,Mackey_Glass_(tau=30),0.00044069536844995453,0.0027830235761307706,6.315073348556899,0.7,1e-08,2,,0,2025,2035,11,cold_start,100.0,1.25,0.2
Classical_ESN,Mackey_Glass_(tau=30),0.0003118798771027408,0.003320202237891481,10.645772560689212,0.7,1e-08,4,,0,2025,2027,11,cold_start,100.0,1.25,0.2
Classical_ESN,Mackey_Glass_(tau=30),0.0003516810038986368,0.0062089961175674935,17.655193339237282,0.7,1e-08,6,,0,2025,2026,11,cold_start,100.0,1.25,0.2
Classical_ESN,Mackey_Glass_(tau=30),0.0005330329729694331,0.0035426244913295494,6.646163879120292,0.7,1e-08,8,,0,2025,2026,11,cold_start,100.0,1.25,0.2
Classical_ESN,Mackey_Glass_(tau=30),0.0011146219951947973,0.0015535987364044765,1.3938346301276436,0.7,1e-08,10,,0,2025,2025,11,cold_start,100.0,1.25,0.2
Classical_ESN,Mackey_Glass_(tau=30),0.0006923965613728172,0.004488884179155202,6.483111600460688,0.9,1e-08,1,,0,2025,2028,11,cold_start,100.0,1.25,0.2
Classical_ESN,Mackey_Glass_(tau=30),0.0007364051101081723,0.0009322444190657025,1.2659396387523205,0.9,1e-08,2,,0,2025,2030,11,cold_start,100.0,1.25,0.2
Classical_ESN,Mackey_Glass_(tau=30),0.00043686343253041774,0.002633183128471319,6.027474337275819,0.9,1e-08,4,,0,2025,2030,11,cold_start,100.0,1.25,0.2
Classical_ESN,Mackey_Glass_(tau=30),0.0006658921745054665,0.002439828471990432,3.6639993161091025,0.9,1e-08,6,,0,2025,2031,11,cold_start,100.0,1.25,0.2
Classical_ESN,Mackey_Glass_(tau=30),0.0005763448280601221,0.0011821207174572083,2.051065022021667,0.9,1e-08,8,,0,2025,2027,11,cold_start,100.0,1.25,0.2
Classical_ESN,Mackey_Glass_(tau=30),0.001371473547632237,0.0023136114700760537,1.6869530397216619,0.9,1e-08,10,,0,2025,2033,11,cold_start,100.0,1.25,0.2
Classical_ESN,Mackey_Glass_(tau=30),0.000451672933747987,0.0001108508297372218,0.24542278594685846,0.1,1e-08,1,,0,2025,2032,11,cold_start,150.0,0.9,0.1
Classical_ESN,Mackey_Glass_(tau=30),0.0004390474460762538,0.00025845637434383464,0.588675271098026,0.1,1e-08,2,,0,2025,2031,11,cold_start,150.0,0.9,0.1
Classical_ESN,Mackey_Glass_(tau=30),0.0005951455967080419,0.00037041892880251647,0.6224005198919944,0.1,1e-08,4,,0,2025,2030,11,cold_start,150.0,0.9,0.1
Classical_ESN,Mackey_Glass_(tau=30),0.0013264222475640281,0.0012789038299559727,0.9641754971350014,0.1,1e-08,6,,0,2025,2029,11,cold_start,150.0,0.9,0.1
Classical_ESN,Mackey_Glass_(tau=30),0.0022944852650611785,0.0033676670190516717,1.4677222252555535,0.1,1e-08,8,,0,2025,2028,11,cold_start,150.0,0.9,0.1
Classical_ESN,Mackey_Glass_(tau=30),0.004584558262364181,0.008198310894558738,1.7882444557114223,0.1,1e-08,10,,0,2025,2032,11,cold_start,150.0,0.9,0.1
Classical_ESN,Mackey_Glass_(tau=30),6.565682849145187e-05,8.04128683029588e-06,0.12247449374352293,0.3,1e-08,1,,0,2025,2032,11,cold_start,150.0,0.9,0.1
Classical_ESN,Mackey_Glass_(tau=30),8.927932594780724e-06,3.6084062779546403e-06,0.4041704212758189,0.3,1e-08,2,,0,2025,2035,11,cold_start,150.0,0.9,0.1
Classical_ESN,Mackey_Glass_(tau=30),3.9684334914082234e-05,3.415304651478171e-05,0.8606178379636215,0.3,1e-08,4,,0,2025,2027,11,cold_start,150.0,0.9,0.1
Classical_ESN,Mackey_Glass_(tau=30),0.00012563533408714738,9.14176375352682e-05,0.727642730442823,0.3,1e-08,6,,0,2025,2035,11,cold_start,150.0,0.9,0.1
Classical_ESN,Mackey_Glass_(tau=30),0.00029615087537066345,0.00019983143715702442,0.6747622707747013,0.3,1e-08,8,,0,2025,2032,11,cold_start,150.0,0.9,0.1
Classical_ESN,Mackey_Glass_(tau=30),0.0004146551814393172,0.0006038608077899115,1.4562963030965612,0.3,1e-08,10,,0,2025,2029,11,cold_start,150.0,0.9,0.1
Classical_ESN,Mackey_Glass_(tau=30),5.067191792867707e-05,6.325969234224704e-06,0.12484171692748598,0.5,1e-08,1,,0,2025,2033,11,cold_start,150.0,0.9,0.1
Classical_ESN,Mackey_Glass_(tau=30),1.1716270967715552e-05,8.284371290840947e-07,0.07070825959615239,0.5,1e-08,2,,0,2025,2029,11,cold_start,150.0,0.9,0.1
Classical_ESN,Mackey_Glass_(tau=30),4.971376172509967e-05,5.805334401134122e-05,1.1677519865094221,0.5,1e-08,4,,0,2025,2030,11,cold_start,150.0,0.9,0.1
Classical_ESN,Mackey_Glass_(tau=30),0.00011393156369091345,0.00028048975074550063,2.4619143427755037,0.5,1e-08,6,,0,2025,2029,11,cold_start,150.0,0.9,0.1
Classical_ESN,Mackey_Glass_(tau=30),0.0003412803124230882,0.0003069614485927289,0.8994408332942044,0.5,1e-08,8,,0,2025,2031,11,cold_start,150.0,0.9,0.1
Classical_ESN,Mackey_Glass_(tau=30),0.0004683410658693174,0.0003744609092625756,0.7995474592165329,0.5,1e-08,10,,0,2025,2026,11,cold_start,150.0,0.9,0.1
Classical_ESN,Mackey_Glass_(tau=30),6.206047340853789e-05,2.7509856625109453e-05,0.44327500443019213,0.7,1e-08,1,,0,2025,2029,11,cold_start,150.0,0.9,0.1
Classical_ESN,Mackey_Glass_(tau=30),1.4560584539261644e-05,1.7591001260741965e-06,0.12081246610195494,0.7,1e-08,2,,0,2025,2027,11,cold_start,150.0,0.9,0.1
Classical_ESN,Mackey_Glass_(tau=30),0.00015861055198710688,8.533380420524137e-05,0.5380083678933163,0.7,1e-08,4,,0,2025,2027,11,cold_start,150.0,0.9,0.1
Classical_ESN,Mackey_Glass_(tau=30),0.00036607573582502135,0.0007441121620392154,2.032672721021012,0.7,1e-08,6,,0,2025,2034,11,cold_start,150.0,0.9,0.1
Classical_ESN,Mackey_Glass_(tau=30),0.0008734243232225038,0.0013875778406205034,1.5886640705184707,0.7,1e-08,8,,0,2025,2025,11,cold_start,150.0,0.9,0.1
Classical_ESN,Mackey_Glass_(tau=30),0.0007324447508972144,0.0025860096461811865,3.5306548965139446,0.7,1e-08,10,,0,2025,2028,11,cold_start,150.0,0.9,0.1
Classical_ESN,Mackey_Glass_(tau=30),0.00011394656732558043,8.821386138299411e-05,0.7741686603944807,0.9,1e-08,1,,0,2025,2033,11,cold_start,150.0,0.9,0.1
Classical_ESN,Mackey_Glass_(tau=30),1.9293709621344894e-05,3.1049334893137875e-06,0.16092983414028153,0.9,1e-08,2,,0,2025,2034,11,cold_start,150.0,0.9,0.1
Classical_ESN,Mackey_Glass_(tau=30),0.0005382894227059673,0.0004607072888774515,0.8558728249971691,0.9,1e-08,4,,0,2025,2033,11,cold_start,150.0,0.9,0.1
Classical_ESN,Mackey_Glass_(tau=30),0.0012672915171328943,0.0012092179420128972,0.9541750462818673,0.9,1e-08,6,,0,2025,2025,11,cold_start,150.0,0.9,0.1
Classical_ESN,Mackey_Glass_(tau=30),0.002605110363781558,0.0022273551078036856,0.8549945287425267,0.9,1e-08,8,,0,2025,2028,11,cold_start,150.0,0.9,0.1
Classical_ESN,Mackey_Glass_(tau=30),0.005782746945077093,0.003596657822376899,0.6219635506337983,0.9,1e-08,10,,0,2025,2025,11,cold_start,150.0,0.9,0.1
Classical_ESN,Mackey_Glass_(tau=30),0.0004502805770340534,4.8369683576441576e-05,0.10742120811660841,0.1,1e-08,1,,0,2025,2034,11,cold_start,150.0,0.9,0.2
Classical_ESN,Mackey_Glass_(tau=30),0.00046070051716973513,0.00024314689043321362,0.5277764651252419,0.1,1e-08,2,,0,2025,2027,11,cold_start,150.0,0.9,0.2
Classical_ESN,Mackey_Glass_(tau=30),0.0004596242770961264,0.0006950088744386373,1.5121239435602796,0.1,1e-08,4,,0,2025,2029,11,cold_start,150.0,0.9,0.2
Classical_ESN,Mackey_Glass_(tau=30),0.000839067473139344,0.0015489299484796194,1.8460135782457967,0.1,1e-08,6,,0,2025,2031,11,cold_start,150.0,0.9,0.2
Classical_ESN,Mackey_Glass_(tau=30),0.002494836187116218,0.0028524647520107344,1.1433475138533642,0.1,1e-08,8,,0,2025,2027,11,cold_start,150.0,0.9,0.2
Classical_ESN,Mackey_Glass_(tau=30),0.003761231367936869,0.0020414520632716458,0.5427616287246466,0.1,1e-08,10,,0,2025,2025,11,cold_start,150.0,0.9,0.2
Classical_ESN,Mackey_Glass_(tau=30),7.187527528508104e-05,8.380331439975711e-06,0.11659546911975716,0.3,1e-08,1,,0,2025,2030,11,cold_start,150.0,0.9,0.2
Classical_ESN,Mackey_Glass_(tau=30),9.160465879716988e-06,8.632488701773156e-06,0.9423635014991023,0.3,1e-08,2,,0,2025,2031,11,cold_start,150.0,0.9,0.2
Classical_ESN,Mackey_Glass_(tau=30),3.224710008971886e-05,1.654543093600065e-05,0.5130827544172174,0.3,1e-08,4,,0,2025,2030,11,cold_start,150.0,0.9,0.2
Classical_ESN,Mackey_Glass_(tau=30),0.00025889786821522835,0.00011470886048272277,0.4430660679962123,0.3,1e-08,6,,0,2025,2026,11,cold_start,150.0,0.9,0.2
Classical_ESN,Mackey_Glass_(tau=30),0.00029736264309213365,0.0006229960597419407,2.0950717052542274,0.3,1e-08,8,,0,2025,2026,11,cold_start,150.0,0.9,0.2
Classical_ESN,Mackey_Glass_(tau=30),0.0005789811487210908,0.0013647681399381847,2.357189250380286,0.3,1e-08,10,,0,2025,2026,11,cold_start,150.0,0.9,0.2
Classical_ESN,Mackey_Glass_(tau=30),5.086117357233715e-05,5.272839861280866e-06,0.10367121894624759,0.5,1e-08,1,,0,2025,2032,11,cold_start,150.0,0.9,0.2
Classical_ESN,Mackey_Glass_(tau=30),1.2358080048277383e-05,1.5178501261661563e-06,0.12282248700741605,0.5,1e-08,2,,0,2025,2035,11,cold_start,150.0,0.9,0.2
Classical_ESN,Mackey_Glass_(tau=30),5.182188831186846e-05,6.282628796419506e-05,1.2123504181495897,0.5,1e-08,4,,0,2025,2027,11,cold_start,150.0,0.9,0.2
Classical_ESN,Mackey_Glass_(tau=30),0.00012051276505471733,0.0002082598341911618,1.728114313007456,0.5,1e-08,6,,0,2025,2029,11,cold_start,150.0,0.9,0.2
Classical_ESN,Mackey_Glass_(tau=30),0.0003521658142787114,0.0002443748027895287,0.6939197187269442,0.5,1e-08,8,,0,2025,2025,11,cold_start,150.0,0.9,0.2
Classical_ESN,Mackey_Glass_(tau=30),0.000489257388238747,0.0013584346733720993,2.7765235763986307,0.5,1e-08,10,,0,2025,2035,11,cold_start,150.0,0.9,0.2
Classical_ESN,Mackey_Glass_(tau=30),7.2357668724516e-05,2.2100001358781633e-05,0.30542721660812405,0.7,1e-08,1,,0,2025,2030,11,cold_start,150.0,0.9,0.2
Classical_ESN,Mackey_Glass_(tau=30),1.6690275007419924e-05,2.873608080615005e-06,0.1721726022691356,0.7,1e-08,2,,0,2025,2027,11,cold_start,150.0,0.9,0.2
Classical_ESN,Mackey_Glass_(tau=30),0.00018212941252067772,0.00014863980820745465,0.8161219330270398,0.7,1e-08,4,,0,2025,2030,11,cold_start,150.0,0.9,0.2
Classical_ESN,Mackey_Glass_(tau=30),0.0009028630967240502,0.000925195588676849,1.0247351918954601,0.7,1e-08,6,,0,2025,2026,11,cold_start,150.0,0.9,0.2
Classical_ESN,Mackey_Glass_(tau=30),0.0013225312793624254,0.0006602984301005426,0.499268667897869,0.7,1e-08,8,,0,2025,2029,11,cold_start,150.0,0.9,0.2
Classical_ESN,Mackey_Glass_(tau=30),0.0012634852663486328,0.0011992118033202106,0.9491300256993364,0.7,1e-08,10,,0,2025,2026,11,cold_start,150.0,0.9,0.2
Classical_ESN,Mackey_Glass_(tau=30),0.00013557748167108136,6.290597421515934e-05,0.4639854158655402,0.9,1e-08,1,,0,2025,2029,11,cold_start,150.0,0.9,0.2
Classical_ESN,Mackey_Glass_(tau=30),1.8694321189146437e-05,4.091803262254294e-06,0.21887947793632198,0.9,1e-08,2,,0,2025,2032,11,cold_start,150.0,0.9,0.2
Classical_ESN,Mackey_Glass_(tau=30),0.0006026795631343328,0.0003615376582351714,0.599883719890776,0.9,1e-08,4,,0,2025,2032,11,cold_start,150.0,0.9,0.2
Classical_ESN,Mackey_Glass_(tau=30),0.0014016746005376538,0.0015799405649638825,1.1271807053918574,0.9,1e-08,6,,0,2025,2028,11,cold_start,150.0,0.9,0.2
Classical_ESN,Mackey_Glass_(tau=30),0.002272883953443312,0.0024438209063104756,1.0752070745223055,0.9,1e-08,8,,0,2025,2035,11,cold_start,150.0,0.9,0.2
Classical_ESN,Mackey_Glass_(tau=30),0.004459710880250037,0.004290882370915911,0.9621436200983816,0.9,1e-08,10,,0,2025,2025,11,cold_start,150.0,0.9,0.2
Classical_ESN,Mackey_Glass_(tau=30),0.04130081035760372,0.3722937614590091,9.014199920909485,0.1,1e-08,1,,0,2025,2031,11,cold_start,150.0,1.1,0.1
Classical_ESN,Mackey_Glass_(tau=30),0.10641723245881886,0.3135929728112343,2.9468251106096743,0.1,1e-08,2,,0,2025,2031,11,cold_start,150.0,1.1,0.1
Classical_ESN,Mackey_Glass_(tau=30),0.016242118730590692,0.01962275052727343,1.2081398278609796,0.1,1e-08,4,,0,2025,2033,11,cold_start,150.0,1.1,0.1
Classical_ESN,Mackey_Glass_(tau=30),0.017312267573734393,0.014590408805898179,0.8427786102401901,0.1,1e-08,6,,0,2025,2030,11,cold_start,150.0,1.1,0.1
Classical_ESN,Mackey_Glass_(tau=30),0.02211633076705041,0.023448584135455388,1.0602384447238333,0.1,1e-08,8,,0,2025,2034,11,cold_start,150.0,1.1,0.1
Classical_ESN,Mackey_Glass_(tau=30),0.02473618245063843,0.02372595455254561,0.9591599107862037,0.1,1e-08,10,,0,2025,2025,11,cold_start,150.0,1.1,0.1
Classical_ESN,Mackey_Glass_(tau=30),0.0014867174268513867,0.0029188441203675734,1.963281029502147,0.3,1e-08,1,,0,2025,2029,11,cold_start,150.0,1.1,0.1
Classical_ESN,Mackey_Glass_(tau=30),0.000439953260804238,0.0050725528535763165,11.529753965918221,0.3,1e-08,2,,0,2025,2028,11,cold_start,150.0,1.1,0.1
Classical_ESN,Mackey_Glass_(tau=30),0.00019633039661792759,0.0009218156877215375,4.695226534459939,0.3,1e-08,4,,0,2025,2033,11,cold_start,150.0,1.1,0.1
Classical_ESN,Mackey_Glass_(tau=30),0.0004944252532086386,0.0007290397474000807,1.4745196420872118,0.3,1e-08,6,,0,2025,2026,11,cold_start,150.0,1.1,0.1
Classical_ESN,Mackey_Glass_(tau=30),0.00033926754025470537,0.0006605047522683676,1.9468551331863142,0.3,1e-08,8,,0,2025,2028,11,cold_start,150.0,1.1,0.1
Classical_ESN,Mackey_Glass_(tau=30),0.0006745298932685935,0.0009538306395311295,1.414067262325645,0.3,1e-08,10,,0,2025,2034,11,cold_start,150.0,1.1,0.1
Classical_ESN,Mackey_Glass_(tau=30),0.00023862396676477388,0.0007952453954537635,3.332630021349386,0.5,1e-08,1,,0,2025,2029,11,cold_start,150.0,1.1,0.1
Classical_ESN,Mackey_Glass_(tau=30),8.749486085445962e-05,0.0012015416849554853,13.732711535528349,0.5,1e-08,2,,0,2025,2031,11,cold_start,150.0,1.1,0.1
Classical_ESN,Mackey_Glass_(tau=30),5.219389760760435e-05,0.00012553429356542992,2.405152696378442,0.5,1e-08,4,,0,2025,2030,11,cold_start,150.0,1.1,0.1
Classical_ESN,Mackey_Glass_(tau=30),0.00013985241516494386,0.0006913486214070607,4.943415675672634,0.5,1e-08,6,,0,2025,2028,11,cold_start,150.0,1.1,0.1
Classical_ESN,Mackey_Glass_(tau=30),0.00026314471898803885,0.00016228775730876407,0.616724355833038,0.5,1e-08,8,,0,2025,2032,11,cold_start,150.0,1.1,0.1
Classical_ESN,Mackey_Glass_(tau=30),0.00025079519198134505,0.00047605336426940413,1.8981758003750506,0.5,1e-08,10,,0,2025,2034,11,cold_start,150.0,1.1,0.1
Classical_ESN,Mackey_Glass_(tau=30),0.00013687774775732975,0.0007481469203813868,5.4658038478816495,0.7,1e-08,1,,0,2025,2033,11,cold_start,150.0,1.1,0.1
Classical_ESN,Mackey_Glass_(tau=30),6.590374627432697e-05,0.0001617871466887771,2.454900606337789,0.7,1e-08,2,,0,2025,2031,11,cold_start,150.0,1.1,0.1
Classical_ESN,Mackey_Glass_(tau=30),0.0001052269182855483,0.00022351119354356233,2.124087611660666,0.7,1e-08,4,,0,2025,2030,11,cold_start,150.0,1.1,0.1
Classical_ESN,Mackey_Glass_(tau=30),8.821087007214325e-05,0.00024507271660911015,2.7782598268068033,0.7,1e-08,6,,0,2025,2031,11,cold_start,150.0,1.1,0.1
Classical_ESN,Mackey_Glass_(tau=30),0.00016000046115099625,0.00010997011333120296,0.6873112273559108,0.7,1e-08,8,,0,2025,2033,11,cold_start,150.0,1.1,0.1
Classical_ESN,Mackey_Glass_(tau=30),0.00018706900710902267,0.0012241391831420408,6.543784040231849,0.7,1e-08,10,,0,2025,2031,11,cold_start,150.0,1.1,0.1
Classical_ESN,Mackey_Glass_(tau=30),0.00019010473320206416,0.0003742483877970533,1.968643186801988,0.9,1e-08,1,,0,2025,2033,11,cold_start,150.0,1.1,0.1
Classical_ESN,Mackey_Glass_(tau=30),4.685915046560511e-05,0.00015947335736841124,3.403249008653403,0.9,1e-08,2,,0,2025,2029,11,cold_start,150.0,1.1,0.1
Classical_ESN,Mackey_Glass_(tau=30),7.921376673641483e-05,0.00016476343451602422,2.079984847384892,0.9,1e-08,4,,0,2025,2033,11,cold_start,150.0,1.1,0.1
Classical_ESN,Mackey_Glass_(tau=30),0.00021263536667623638,0.0002515514401773942,1.183017877550033,0.9,1e-08,6,,0,2025,2029,11,cold_start,150.0,1.1,0.1
Classical_ESN,Mackey_Glass_(tau=30),0.00012423308403132152,0.00023581239190023783,1.898144876132875,0.9,1e-08,8,,0,2025,2031,11,cold_start,150.0,1.1,0.1
Classical_ESN,Mackey_Glass_(tau=30),0.00045618352700167047,0.00046417591526085234,1.017520115887816,0.9,1e-08,10,,0,2025,2028,11,cold_start,150.0,1.1,0.1
Classical_ESN,Mackey_Glass_(tau=30),0.11534429702518958,0.20131032318763234,1.7452993202053932,0.1,1e-08,1,,0,2025,2031,11,cold_start,150.0,1.1,0.2
Classical_ESN,Mackey_Glass_(tau=30),0.1846934779398167,0.34329576049597094,1.8587324486240688,0.1,1e-08,2,,0,2025,2033,11,cold_start,150.0,1.1,0.2
Classical_ESN,Mackey_Glass_(tau=30),0.015671689895518356,0.019122845242385177,1.220215903318362,0.1,1e-08,4,,0,2025,2027,11,cold_start,150.0,1.1,0.2
Classical_ESN,Mackey_Glass_(tau=30),0.008142130797315988,0.007039051476446895,0.8645220338105207,0.1,1e-08,6,,0,2025,2028,11,cold_start,150.0,1.1,0.2
Classical_ESN,Mackey_Glass_(tau=30),0.019831490378803277,0.04877420925661709,2.459432363628555,0.1,1e-08,8,,0,2025,2031,11,cold_start,150.0,1.1,0.2
Classical_ESN,Mackey_Glass_(tau=30),0.01615880165143144,0.02467264076701092,1.5268855512453965,0.1,1e-08,10,,0,2025,2034,11,cold_start,150.0,1.1,0.2
Classical_ESN,Mackey_Glass_(tau=30),0.0010164153057942756,0.017713897435681036,17.427814530831515,0.3,1e-08,1,,0,2025,2026,11,cold_start,150.0,1.1,0.2
Classical_ESN,Mackey_Glass_(tau=30),0.0004137423539514006,0.006889283123387073,16.65114305458877,0.3,1e-08,2,,0,2025,2031,11,cold_start,150.0,1.1,0.2
Classical_ESN,Mackey_Glass_(tau=30),0.00022015245305167977,0.0012993079378668627,5.901855372748702,0.3,1e-08,4,,0,2025,2026,11,cold_start,150.0,1.1,0.2
Classical_ESN,Mackey_Glass_(tau=30),0.00017237833323441843,0.00026968696399431123,1.5645061588312388,0.3,1e-08,6,,0,2025,2030,11,cold_start,150.0,1.1,0.2
Classical_ESN,Mackey_Glass_(tau=30),0.0004973108187151806,0.0004431362437761803,0.8910649579694202,0.3,1e-08,8,,0,2025,2031,11,cold_start,150.0,1.1,0.2
Classical_ESN,Mackey_Glass_(tau=30),0.0005040737965697369,0.0009776393583157596,1.9394766499839406,0.3,1e-08,10,,0,2025,2025,11,cold_start,150.0,1.1,0.2
Classical_ESN,Mackey_Glass_(tau=30),0.00029737942949772754,0.0012614579095212904,4.241913812437824,0.5,1e-08,1,,0,2025,2029,11,cold_start,150.0,1.1,0.2
Classical_ESN,Mackey_Glass_(tau=30),2.6264093382398593e-05,0.0007535564608513153,28.691508588540362,0.5,1e-08,2,,0,2025,2034,11,cold_start,150.0,1.1,0.2
Classical_ESN,Mackey_Glass_(tau=30),5.530438038874267e-05,0.00011868263740392857,2.145989821596242,0.5,1e-08,4,,0,2025,2027,11,cold_start,150.0,1.1,0.2
Classical_ESN,Mackey_Glass_(tau=30),7.303271207304692e-05,0.00017684736748351857,2.421481586314867,0.5,1e-08,6,,0,2025,2033,11,cold_start,150.0,1.1,0.2
Classical_ESN,Mackey_Glass_(tau=30),0.0001375676890380239,0.0024381627278887846,17.723367637693418,0.5,1e-08,8,,0,2025,2031,11,cold_start,150.0,1.1,0.2
Classical_ESN,Mackey_Glass_(tau=30),0.00048150874276735203,0.0003603963503835024,0.7484731187064513,0.5,1e-08,10,,0,2025,2031,11,cold_start,150.0,1.1,0.2
Classical_ESN,Mackey_Glass_(tau=30),0.00015545222277061837,0.00048071854725023546,3.0923877361314567,0.7,1e-08,1,,0,2025,2026,11,cold_start,150.0,1.1,0.2
Classical_ESN,Mackey_Glass_(tau=30),2.2616266620947144e-05,0.0013094051028890597,57.896607111816195,0.7,1e-08,2,,0,2025,2030,11,cold_start,150.0,1.1,0.2
Classical_ESN,Mackey_Glass_(tau=30),2.464933913863501e-05,0.00023057821138767866,9.35433644248392,0.7,1e-08,4,,0,2025,2033,11,cold_start,150.0,1.1,0.2
Classical_ESN,Mackey_Glass_(tau=30),0.00011489757278746018,0.0001767267137850677,1.5381239959871065,0.7,1e-08,6,,0,2025,2034,11,cold_start,150.0,1.1,0.2
Classical_ESN,Mackey_Glass_(tau=30),0.00023409088768031603,0.00036639461341732315,1.565181016006426,0.7,1e-08,8,,0,2025,2033,11,cold_start,150.0,1.1,0.2
Classical_ESN,Mackey_Glass_(tau=30),0.00019644828688464088,0.0007805906150185028,3.9735170379820324,0.7,1e-08,10,,0,2025,2033,11,cold_start,150.0,1.1,0.2
Classical_ESN,Mackey_Glass_(tau=30),0.000229202683226331,0.00020154837314322548,0.879345609336529,0.9,1e-08,1,,0,2025,2025,11,cold_start,150.0,1.1,0.2
Classical_ESN,Mackey_Glass_(tau=30),3.4927332028490523e-05,0.00033396252086075935,9.561638449462537,0.9,1e-08,2,,0,2025,2028,11,cold_start,150.0,1.1,0.2
Classical_ESN,Mackey_Glass_(tau=30),8.243195936961756e-05,0.0004141240527192496,5.023828814529984,0.9,1e-08,4,,0,2025,2035,11,cold_start,150.0,1.1,0.2
Classical_ESN,Mackey_Glass_(tau=30),0.00011232607292514597,0.0003675362131939892,3.2720472070533004,0.9,1e-08,6,,0,2025,2034,11,cold_start,150.0,1.1,0.2
Classical_ESN,Mackey_Glass_(tau=30),0.00024525107413019015,0.0008308535315637751,3.3877671464253045,0.9,1e-08,8,,0,2025,2035,11,cold_start,150.0,1.1,0.2
Classical_ESN,Mackey_Glass_(tau=30),0.0005060897751214371,0.00044699073877103786,0.8832242039740511,0.9,1e-08,10,,0,2025,2029,11,cold_start,150.0,1.1,0.2
Classical_ESN,Mackey_Glass_(tau=30),2.9736740330602323,21.155872074494717,7.114388409520137,0.1,1e-08,1,,0,2025,2033,11,cold_start,150.0,1.25,0.1
Classical_ESN,Mackey_Glass_(tau=30),2.458636859301049,3.7981719854408857,1.5448283755579282,0.1,1e-08,2,,0,2025,2025,11,cold_start,150.0,1.25,0.1
Classical_ESN,Mackey_Glass_(tau=30),0.5176152449587869,0.734170862457991,1.4183717918054106,0.1,1e-08,4,,0,2025,2027,11,cold_start,150.0,1.25,0.1
Classical_ESN,Mackey_Glass_(tau=30),0.4271132965198776,0.42045443957757667,0.9844096238713302,0.1,1e-08,6,,0,2025,2027,11,cold_start,150.0,1.25,0.1
Classical_ESN,Mackey_Glass_(tau=30),0.2202743643026788,0.17518457611922134,0.7953016987419397,0.1,1e-08,8,,0,2025,2031,11,cold_start,150.0,1.25,0.1
Classical_ESN,Mackey_Glass_(tau=30),0.22849196839619176,0.5562116614503555,2.4342722650361033,0.1,1e-08,10,,0,2025,2031,11,cold_start,150.0,1.25,0.1
Classical_ESN,Mackey_Glass_(tau=30),0.03792586914422876,1.7405543841962199,45.89359251272644,0.3,1e-08,1,,0,2025,2029,11,cold_start,150.0,1.25,0.1
Classical_ESN,Mackey_Glass_(tau=30),0.0019601471657843747,0.08308948675044367,42.38941248944157,0.3,1e-08,2,,0,2025,2029,11,cold_start,150.0,1.25,0.1
Classical_ESN,Mackey_Glass_(tau=30),0.005197989410427703,0.020786916260684848,3.9990301286463086,0.3,1e-08,4,,0,2025,2030,11,cold_start,150.0,1.25,0.1
Classical_ESN,Mackey_Glass_(tau=30),0.005449836256259927,0.0062868983061054205,1.153593981632752,0.3,1e-08,6,,0,2025,2030,11,cold_start,150.0,1.25,0.1
Classical_ESN,Mackey_Glass_(tau=30),0.0014292392958434202,0.002260962337187609,1.5819340706367675,0.3,1e-08,8,,0,2025,2033,11,cold_start,150.0,1.25,0.1
Classical_ESN,Mackey_Glass_(tau=30),0.005380521015592613,0.013587254581980067,2.525267449491331,0.3,1e-08,10,,0,2025,2028,11,cold_start,150.0,1.25,0.1
Classical_ESN,Mackey_Glass_(tau=30),0.0043732864791534145,0.43612863570412785,99.72560402412834,0.5,1e-08,1,,0,2025,2026,11,cold_start,150.0,1.25,0.1
Classical_ESN,Mackey_Glass_(tau=30),0.00026670946030287596,0.005039051257441046,18.893410273931366,0.5,1e-08,2,,0,2025,2028,11,cold_start,150.0,1.25,0.1
Classical_ESN,Mackey_Glass_(tau=30),0.0002341219867212326,0.019337045798505603,82.59389077169453,0.5,1e-08,4,,0,2025,2030,11,cold_start,150.0,1.25,0.1
Classical_ESN,Mackey_Glass_(tau=30),0.0008018432388554379,0.0029698196919618796,3.7037410157639306,0.5,1e-08,6,,0,2025,2030,11,cold_start,150.0,1.25,0.1
Classical_ESN,Mackey_Glass_(tau=30),0.0006894499728006886,0.0073642973426055825,10.681409287305184,0.5,1e-08,8,,0,2025,2026,11,cold_start,150.0,1.25,0.1
Classical_ESN,Mackey_Glass_(tau=30),0.0007166590253879284,0.005880063430635787,8.204827152567988,0.5,1e-08,10,,0,2025,2025,11,cold_start,150.0,1.25,0.1
Classical_ESN,Mackey_Glass_(tau=30),0.0008229523374710045,0.41496887840831664,504.24412145610734,0.7,1e-08,1,,0,2025,2034,11,cold_start,150.0,1.25,0.1
Classical_ESN,Mackey_Glass_(tau=30),0.0001813248379051187,0.0036795595637953743,20.29263947678677,0.7,1e-08,2,,0,2025,2027,11,cold_start,150.0,1.25,0.1
Classical_ESN,Mackey_Glass_(tau=30),0.0002754022632151956,0.014286386235591376,51.87461449591716,0.7,1e-08,4,,0,2025,2030,11,cold_start,150.0,1.25,0.1
Classical_ESN,Mackey_Glass_(tau=30),0.00030111984064063477,0.004659302989074184,15.473251377795238,0.7,1e-08,6,,0,2025,2035,11,cold_start,150.0,1.25,0.1
Classical_ESN,Mackey_Glass_(tau=30),0.0003589887240117995,0.0004828795649351577,1.3451106751734243,0.7,1e-08,8,,0,2025,2026,11,cold_start,150.0,1.25,0.1
Classical_ESN,Mackey_Glass_(tau=30),0.0007521789284078583,0.004693715922815709,6.240158751523292,0.7,1e-08,10,,0,2025,2034,11,cold_start,150.0,1.25,0.1
Classical_ESN,Mackey_Glass_(tau=30),0.0010195373200203386,0.637814621181233,625.5922256661573,0.9,1e-08,1,,0,2025,2034,11,cold_start,150.0,1.25,0.1
Classical_ESN,Mackey_Glass_(tau=30),0.00034064630407568234,0.001976238802373449,5.801439142972126,0.9,1e-08,2,,0,2025,2027,11,cold_start,150.0,1.25,0.1
Classical_ESN,Mackey_Glass_(tau=30),0.0006663381645219035,0.0022705081302286188,3.407441222967777,0.9,1e-08,4,,0,2025,2034,11,cold_start,150.0,1.25,0.1
Classical_ESN,Mackey_Glass_(tau=30),0.0006632056231204382,0.0017744605223385381,2.675581238273512,0.9,1e-08,6,,0,2025,2027,11,cold_start,150.0,1.25,0.1
Classical_ESN,Mackey_Glass_(tau=30),0.0006386743060031502,0.000386848961395575,0.6057061600246478,0.9,1e-08,8,,0,2025,2033,11,cold_start,150.0,1.25,0.1
Classical_ESN,Mackey_Glass_(tau=30),0.0007681467315021953,0.0025496743286434133,3.319254283172233,0.9,1e-08,10,,0,2025,2035,11,cold_start,150.0,1.25,0.1
Classical_ESN,Mackey_Glass_(tau=30),5.925551019971907,4.585148119441173,0.7737926994446688,0.1,1e-08,1,,0,2025,2029,11,cold_start,150.0,1.25,0.2
Classical_ESN,Mackey_Glass_(tau=30),3.2096970100782927,7.360195355166947,2.2931121947200284,0.1,1e-08,2,,0,2025,2031,11,cold_start,150.0,1.25,0.2
Classical_ESN,Mackey_Glass_(tau=30),0.24141721106555056,0.7879692611045989,3.263931588086511,0.1,1e-08,4,,0,2025,2025,11,cold_start,150.0,1.25,0.2
Classical_ESN,Mackey_Glass_(tau=30),0.196465117497173,0.66758295084502,3.397971911500402,0.1,1e-08,6,,0,2025,2029,11,cold_start,150.0,1.25,0.2
Classical_ESN,Mackey_Glass_(tau=30),0.15426105781494365,0.23753439800268605,1.5398208813506238,0.1,1e-08,8,,0,2025,2031,11,cold_start,150.0,1.25,0.2
Classical_ESN,Mackey_Glass_(tau=30),0.1281772239899618,0.2704501125794782,2.109970119189494,0.1,1e-08,10,,0,2025,2033,11,cold_start,150.0,1.25,0.2
Classical_ESN,Mackey_Glass_(tau=30),0.014875823889798462,0.24236534691602682,16.29256629491534,0.3,1e-08,1,,0,2025,2027,11,cold_start,150.0,1.25,0.2
Classical_ESN,Mackey_Glass_(tau=30),0.034427478002220215,2.8778420839125083,83.59142902442396,0.3,1e-08,2,,0,2025,2031,11,cold_start,150.0,1.25,0.2
Classical_ESN,Mackey_Glass_(tau=30),0.0073331746192198035,0.05929777861380069,8.086235729118577,0.3,1e-08,4,,0,2025,2032,11,cold_start,150.0,1.25,0.2
Classical_ESN,Mackey_Glass_(tau=30),0.0035517803561142744,0.023634875480682792,6.65437417603713,0.3,1e-08,6,,0,2025,2029,11,cold_start,150.0,1.25,0.2
Classical_ESN,Mackey_Glass_(tau=30),0.0024155596385297675,0.0038294436579610473,1.5853235816987907,0.3,1e-08,8,,0,2025,2030,11,cold_start,150.0,1.25,0.2
Classical_ESN,Mackey_Glass_(tau=30),0.0039099311613497575,0.002469118482111899,0.631499220886418,0.3,1e-08,10,,0,2025,2027,11,cold_start,150.0,1.25,0.2
Classical_ESN,Mackey_Glass_(tau=30),0.0020206054407893846,0.012566290793535386,6.21907203646158,0.5,1e-08,1,,0,2025,2034,11,cold_start,150.0,1.25,0.2
Classical_ESN,Mackey_Glass_(tau=30),0.003100151139444496,1.153616990740578,372.1163707351668,0.5,1e-08,2,,0,2025,2031,11,cold_start,150.0,1.25,0.2
Classical_ESN,Mackey_Glass_(tau=30),0.0007162052284380617,0.06473712219781025,90.38906674696078,0.5,1e-08,4,,0,2025,2032,11,cold_start,150.0,1.25,0.2
Classical_ESN,Mackey_Glass_(tau=30),0.0017493502885046063,0.002956677028139819,1.6901572244100234,0.5,1e-08,6,,0,2025,2034,11,cold_start,150.0,1.25,0.2
Classical_ESN,Mackey_Glass_(tau=30),0.0007350201791496305,0.0007716795272443885,1.0498752947669687,0.5,1e-08,8,,0,2025,2032,11,cold_start,150.0,1.25,0.2
Classical_ESN,Mackey_Glass_(tau=30),0.0005189600844026756,0.0008795819514243234,1.6948932641644772,0.5,1e-08,10,,0,2025,2026,11,cold_start,150.0,1.25,0.2
Classical_ESN,Mackey_Glass_(tau=30),0.0008699421845040001,0.0038767075529961893,4.4562818334950665,0.7,1e-08,1,,0,2025,2032,11,cold_start,150.0,1.25,0.2
Classical_ESN,Mackey_Glass_(tau=30),0.0006516500260295956,0.01385945671327028,21.268251606945896,0.7,1e-08,2,,0,2025,2032,11,cold_start,150.0,1.25,0.2
Classical_ESN,Mackey_Glass_(tau=30),0.00023546650586400182,0.5328784975503987,2263.0755724475434,0.7,1e-08,4,,0,2025,2033,11,cold_start,150.0,1.25,0.2
Classical_ESN,Mackey_Glass_(tau=30),0.00039622713782712994,0.0019958483411179747,5.037131863463486,0.7,1e-08,6,,0,2025,2027,11,cold_start,150.0,1.25,0.2
Classical_ESN,Mackey_Glass_(tau=30),0.00029602263281531865,0.0011309777298172047,3.820578578945328,0.7,1e-08,8,,0,2025,2030,11,cold_start,150.0,1.25,0.2
Classical_ESN,Mackey_Glass_(tau=30),0.0002971183519157884,0.0007223144735866208,2.431066505751704,0.7,1e-08,10,,0,2025,2030,11,cold_start,150.0,1.25,0.2
Classical_ESN,Mackey_Glass_(tau=30),0.0009430998994572646,0.004606573776774266,4.8845024577197576,0.9,1e-08,1,,0,2025,2032,11,cold_start,150.0,1.25,0.2
Classical_ESN,Mackey_Glass_(tau=30),0.0010340356139558798,0.7132703009226498,689.79278014798,0.9,1e-08,2,,0,2025,2033,11,cold_start,150.0,1.25,0.2
Classical_ESN,Mackey_Glass_(tau=30),0.00046274194100993747,0.011187569307434376,24.176691836096442,0.9,1e-08,4,,0,2025,2028,11,cold_start,150.0,1.25,0.2
Classical_ESN,Mackey_Glass_(tau=30),0.00044967084181351977,0.0002150857985074872,0.47831831310219597,0.9,1e-08,6,,0,2025,2028,11,cold_start,150.0,1.25,0.2
Classical_ESN,Mackey_Glass_(tau=30),0.0004459636224306691,0.0004936394488976381,1.1069051915201464,0.9,1e-08,8,,0,2025,2028,11,cold_start,150.0,1.25,0.2
Classical_ESN,Mackey_Glass_(tau=30),0.0004409773758525191,0.00021995885323468142,0.49879849915076974,0.9,1e-08,10,,0,2025,2032,11,cold_start,150.0,1.25,0.2
QRC,Mackey_Glass_(tau=100),0.022170748537286403,1.0921370937144726e-17,4.92602715635755e-16,0.1,1e-08,1,1.0,0,2025,2034,11,cold_start,,,
QRC,Mackey_Glass_(tau=100),0.022170748537286396,9.813077866773595e-18,4.4261373720738943e-16,0.1,1e-08,1,2.0,0,2025,2029,11,cold_start,,,
QRC,Mackey_Glass_(tau=100),0.022170748537286403,1.2063955578769986e-17,5.441383974240212e-16,0.1,1e-08,1,4.0,0,2025,2030,11,cold_start,,,
QRC,Mackey_Glass_(tau=100),0.006310462798222704,0.003919744134108502,0.6211500264627928,0.1,1e-08,2,1.0,0,2025,2033,11,cold_start,,,
QRC,Mackey_Glass_(tau=100),0.005464061934116178,0.00029478271968549197,0.05394937378819693,0.1,1e-08,2,2.0,0,2025,2025,11,cold_start,,,
QRC,Mackey_Glass_(tau=100),0.005463382760501553,0.0001327125972796415,0.024291286753531087,0.1,1e-08,2,4.0,0,2025,2026,11,cold_start,,,
QRC,Mackey_Glass_(tau=100),0.0059575545713972675,0.0002705423638565681,0.045411646777935584,0.1,1e-08,4,1.0,0,2025,2031,11,cold_start,,,
QRC,Mackey_Glass_(tau=100),0.006046221744480087,0.00010132629075619652,0.01675861307083264,0.1,1e-08,4,2.0,0,2025,2025,11,cold_start,,,
QRC,Mackey_Glass_(tau=100),0.005964604859536043,8.571827538860746e-05,0.014371157420690405,0.1,1e-08,4,4.0,0,2025,2025,11,cold_start,,,
QRC,Mackey_Glass_(tau=100),0.006305345715380037,5.4463415238826745e-05,0.008637657266909134,0.1,1e-08,6,1.0,0,2025,2026,11,cold_start,,,
QRC,Mackey_Glass_(tau=100),0.006279744244720018,5.67085870266223e-05,0.009030397547527932,0.1,1e-08,6,2.0,0,2025,2030,11,cold_start,,,
QRC,Mackey_Glass_(tau=100),0.006361331490641856,3.707912145098464e-05,0.005828830254410051,0.1,1e-08,6,4.0,0,2025,2030,11,cold_start,,,
QRC,Mackey_Glass_(tau=100),0.0065480009277427,0.0001348355328013944,0.02059186220180888,0.1,1e-08,8,1.0,0,2025,2027,11,cold_start,,,
QRC,Mackey_Glass_(tau=100),0.006660256967197414,6.122461988804057e-05,0.00919253118754717,0.1,1e-08,8,2.0,0,2025,2026,11,cold_start,,,
QRC,Mackey_Glass_(tau=100),0.006599726880868959,8.418923073972231e-05,0.012756471935795844,0.1,1e-08,8,4.0,0,2025,2035,11,cold_start,,,
QRC,Mackey_Glass_(tau=100),0.006656669013020658,0.00019257101461133606,0.028929035563381774,0.1,1e-08,10,1.0,0,2025,2032,11,cold_start,,,
QRC,Mackey_Glass_(tau=100),0.006883678139752807,7.365905374776357e-05,0.010700537162303854,0.1,1e-08,10,2.0,0,2025,2034,11,cold_start,,,
QRC,Mackey_Glass_(tau=100),0.006892956799233274,4.779707625185439e-05,0.006934190601219351,0.1,1e-08,10,4.0,0,2025,2033,11,cold_start,,,
QRC,Mackey_Glass_(tau=100),0.007341124079478228,5.894348011900446e-18,8.029217253496399e-16,0.3,1e-08,1,1.0,0,2025,2032,11,cold_start,,,
QRC,Mackey_Glass_(tau=100),0.007341124079478225,3.1922511477640996e-18,4.348450064599631e-16,0.3,1e-08,1,2.0,0,2025,2034,11,cold_start,,,
QRC,Mackey_Glass_(tau=100),0.007341124079478228,6.5275159382129326e-18,8.891711769945833e-16,0.3,1e-08,1,4.0,0,2025,2026,11,cold_start,,,
QRC,Mackey_Glass_(tau=100),0.0023494060702726467,0.0014035908984529719,0.5974237132579155,0.3,1e-08,2,1.0,0,2025,2033,11,cold_start,,,
QRC,Mackey_Glass_(tau=100),0.0013966403776904733,4.080725227005696e-05,0.029218153020562864,0.3,1e-08,2,2.0,0,2025,2034,11,cold_start,,,
QRC,Mackey_Glass_(tau=100),0.0014114535936155725,4.3838553005443876e-05,0.031059152921313733,0.3,1e-08,2,4.0,0,2025,2026,11,cold_start,,,
QRC,Mackey_Glass_(tau=100),0.001362089174400941,0.00014829159981331059,0.10887069848310817,0.3,1e-08,4,1.0,0,2025,2028,11,cold_start,,,
QRC,Mackey_Glass_(tau=100),0.0013677443659237047,3.694178061048617e-05,0.027009272734629452,0.3,1e-08,4,2.0,0,2025,2025,11,cold_start,,,
QRC,Mackey_Glass_(tau=100),0.0013580011667755469,1.4523558859474768e-05,0.010694805877052129,0.3,1e-08,4,4.0,0,2025,2025,11,cold_start,,,
QRC,Mackey_Glass_(tau=100),0.0014193433598279183,4.23622459401249e-05,0.029846369200797834,0.3,1e-08,6,1.0,0,2025,2026,11,cold_start,,,
QRC,Mackey_Glass_(tau=100),0.0014183579936200797,1.2029435418151651e-05,0.00848124061221588,0.3,1e-08,6,2.0,0,2025,2026,11,cold_start,,,
QRC,Mackey_Glass_(tau=100),0.001418815916583246,2.4390537148808928e-05,0.017190769333590192,0.3,1e-08,6,4.0,0,2025,2030,11,cold_start,,,
QRC,Mackey_Glass_(tau=100),0.0014985929988028256,6.974004962913243e-05,0.04653701817961606,0.3,1e-08,8,1.0,0,2025,2025,11,cold_start,,,
QRC,Mackey_Glass_(tau=100),0.001476975696737795,1.0296818110627613e-05,0.006971555546492915,0.3,1e-08,8,2.0,0,2025,2032,11,cold_start,,,
QRC,Mackey_Glass_(tau=100),0.0014686251121088535,1.1694261088057509e-05,0.00796272717362519,0.3,1e-08,8,4.0,0,2025,2032,11,cold_start,,,
QRC,Mackey_Glass_(tau=100),0.0015557552204467171,4.5021092178355716e-05,0.02893841626668521,0.3,1e-08,10,1.0,0,2025,2027,11,cold_start,,,
QRC,Mackey_Glass_(tau=100),0.001519558650990906,6.73142511694368e-06,0.004429855413974386,0.3,1e-08,10,2.0,0,2025,2033,11,cold_start,,,
QRC,Mackey_Glass_(tau=100),0.00151987612714567,1.0099223745687164e-05,0.006644767665805452,0.3,1e-08,10,4.0,0,2025,2026,11,cold_start,,,
QRC,Mackey_Glass_(tau=100),0.003257711958933344,4.857507335525842e-18,1.4910794437198528e-15,0.5,1e-08,1,1.0,0,2025,2033,11,cold_start,,,
QRC,Mackey_Glass_(tau=100),0.003257711958933349,6.613390877637073e-18,2.0300723210048477e-15,0.5,1e-08,1,2.0,0,2025,2029,11,cold_start,,,
QRC,Mackey_Glass_(tau=100),0.003257711958933349,3.719188435061373e-18,1.1416566234048273e-15,0.5,1e-08,1,4.0,0,2025,2025,11,cold_start,,,
QRC,Mackey_Glass_(tau=100),0.0012795442809924022,0.0006817533674785155,0.5328095147670499,0.5,1e-08,2,1.0,0,2025,2033,11,cold_start,,,
QRC,Mackey_Glass_(tau=100),0.0005288729271749334,2.3417851422127683e-05,0.044278786488879666,0.5,1e-08,2,2.0,0,2025,2034,11,cold_start,,,
QRC,Mackey_Glass_(tau=100),0.0005429574376702126,2.4420637543151145e-05,0.0449770752712002,0.5,1e-08,2,4.0,0,2025,2032,11,cold_start,,,
QRC,Mackey_Glass_(tau=100),0.0004894919999034939,7.624748962703068e-05,0.15576861244323362,0.5,1e-08,4,1.0,0,2025,2035,11,cold_start,,,
QRC,Mackey_Glass_(tau=100),0.0004904781700826829,1.8825765673267715e-05,0.03838247412742985,0.5,1e-08,4,2.0,0,2025,2035,11,cold_start,,,
QRC,Mackey_Glass_(tau=100),0.00047813616860016653,6.77751738368709e-06,0.01417486864365343,0.5,1e-08,4,4.0,0,2025,2033,11,cold_start,,,
QRC,Mackey_Glass_(tau=100),0.0005024258450371684,3.14691830801963e-05,0.0626344830606162,0.5,1e-08,6,1.0,0,2025,2026,11,cold_start,,,
QRC,Mackey_Glass_(tau=100),0.000499985595839162,6.9669843748138435e-06,0.013934370175446055,0.5,1e-08,6,2.0,0,2025,2027,11,cold_start,,,
QRC,Mackey_Glass_(tau=100),0.0005016290819704223,1.3666600497579402e-05,0.027244434162182866,0.5,1e-08,6,4.0,0,2025,2034,11,cold_start,,,
QRC,Mackey_Glass_(tau=100),0.0005481010567716419,6.68726760902972e-05,0.12200793131869238,0.5,1e-08,8,1.0,0,2025,2033,11,cold_start,,,
QRC,Mackey_Glass_(tau=100),0.0005218070001211226,4.710253582483402e-06,0.009026811793230161,0.5,1e-08,8,2.0,0,2025,2035,11,cold_start,,,
QRC,Mackey_Glass_(tau=100),0.0005227661608087042,8.523481934568407e-06,0.016304578554554538,0.5,1e-08,8,4.0,0,2025,2031,11,cold_start,,,
QRC,Mackey_Glass_(tau=100),0.0005706157140788047,5.867357235395072e-05,0.10282502024794857,0.5,1e-08,10,1.0,0,2025,2027,11,cold_start,,,
QRC,Mackey_Glass_(tau=100),0.0005308411049403927,9.144106907367517e-06,0.01722569488735107,0.5,1e-08,10,2.0,0,2025,2030,11,cold_start,,,
QRC,Mackey_Glass_(tau=100),0.0005345333243129278,4.403180316002165e-06,0.008237429016538629,0.5,1e-08,10,4.0,0,2025,2029,11,cold_start,,,
QRC,Mackey_Glass_(tau=100),0.0017684333585440228,3.774518715275648e-18,2.1343856114449596e-15,0.7,1e-08,1,1.0,0,2025,2031,11,cold_start,,,
QRC,Mackey_Glass_(tau=100),0.0017684333585440244,5.6055358913049306e-18,3.1697750238776573e-15,0.7,1e-08,1,2.0,0,2025,2025,11,cold_start,,,
QRC,Mackey_Glass_(tau=100),0.001768433358544023,4.385813733432452e-18,2.480055984152751e-15,0.7,1e-08,1,4.0,0,2025,2031,11,cold_start,,,
QRC,Mackey_Glass_(tau=100),0.0007341951467274509,0.00040711331483236815,0.5545028684090408,0.7,1e-08,2,1.0,0,2025,2025,11,cold_start,,,
QRC,Mackey_Glass_(tau=100),0.00019388928081575396,1.846063361606676e-05,0.09521224452634511,0.7,1e-08,2,2.0,0,2025,2029,11,cold_start,,,
QRC,Mackey_Glass_(tau=100),0.00020695139872606386,1.5405214820730583e-05,0.07443880503133038,0.7,1e-08,2,4.0,0,2025,2032,11,cold_start,,,
QRC,Mackey_Glass_(tau=100),0.00016011793057623097,4.6000169431147924e-05,0.2872893077346361,0.7,1e-08,4,1.0,0,2025,2035,11,cold_start,,,
QRC,Mackey_Glass_(tau=100),0.00015524118636311849,1.2228527711423818e-05,0.07877115601796907,0.7,1e-08,4,2.0,0,2025,2035,11,cold_start,,,
QRC,Mackey_Glass_(tau=100),0.00014840874451107298,4.136797713258283e-06,0.027874352868402782,0.7,1e-08,4,4.0,0,2025,2027,11,cold_start,,,
QRC,Mackey_Glass_(tau=100),0.00015467090726645994,2.294890876704473e-05,0.14837249727584131,0.7,1e-08,6,1.0,0,2025,2026,11,cold_start,,,
QRC,Mackey_Glass_(tau=100),0.0001533173390091313,4.798801739214572e-06,0.03129979798911566,0.7,1e-08,6,2.0,0,2025,2027,11,cold_start,,,
QRC,Mackey_Glass_(tau=100),0.00015612538380902093,8.143634943107148e-06,0.05216086420046071,0.7,1e-08,6,4.0,0,2025,2034,11,cold_start,,,
QRC,Mackey_Glass_(tau=100),0.00018202472017850568,5.395601789268075e-05,0.2964213752932451,0.7,1e-08,8,1.0,0,2025,2033,11,cold_start,,,
QRC,Mackey_Glass_(tau=100),0.00016066155107820058,3.57403316926697e-06,0.022245728024419115,0.7,1e-08,8,2.0,0,2025,2032,11,cold_start,,,
QRC,Mackey_Glass_(tau=100),0.00016254982931544144,5.818976480738479e-06,0.035798108833730434,0.7,1e-08,8,4.0,0,2025,2029,11,cold_start,,,
QRC,Mackey_Glass_(tau=100),0.00019349555745977562,5.560792375514356e-05,0.28738604898824865,0.7,1e-08,10,1.0,0,2025,2031,11,cold_start,,,
QRC,Mackey_Glass_(tau=100),0.00016177039799685823,1.0500838987362573e-05,0.06491199327806878,0.7,1e-08,10,2.0,0,2025,2031,11,cold_start,,,
QRC,Mackey_Glass_(tau=100),0.00016451757390773837,3.819432549887432e-06,0.02321595474067332,0.7,1e-08,10,4.0,0,2025,2034,11,cold_start,,,
QRC,Mackey_Glass_(tau=100),0.0011180420901974449,3.138913812506933e-18,2.807509520462333e-15,0.9,1e-08,1,1.0,0,2025,2025,11,cold_start,,,
QRC,Mackey_Glass_(tau=100),0.001118042090197443,3.617225560547763e-18,3.2353214536931896e-15,0.9,1e-08,1,2.0,0,2025,2025,11,cold_start,,,
QRC,Mackey_Glass_(tau=100),0.0011180420901974453,3.664189234857633e-18,3.2773267366084043e-15,0.9,1e-08,1,4.0,0,2025,2033,11,cold_start,,,
QRC,Mackey_Glass_(tau=100),0.0004189838018766289,0.0002803691307939637,0.6691646062167321,0.9,1e-08,2,1.0,0,2025,2025,11,cold_start,,,
QRC,Mackey_Glass_(tau=100),5.923383612681406e-05,1.694894238099026e-05,0.28613615948668547,0.9,1e-08,2,2.0,0,2025,2029,11,cold_start,,,
QRC,Mackey_Glass_(tau=100),6.719044742387055e-05,1.0912275231451343e-05,0.1624081346357365,0.9,1e-08,2,4.0,0,2025,2025,11,cold_start,,,
QRC,Mackey_Glass_(tau=100),3.351523962835637e-05,3.1121654221487404e-05,0.928582178334067,0.9,1e-08,4,1.0,0,2025,2035,11,cold_start,,,
QRC,Mackey_Glass_(tau=100),2.6080923322045504e-05,8.98265896290263e-06,0.34441491399615554,0.9,1e-08,4,2.0,0,2025,2035,11,cold_start,,,
QRC,Mackey_Glass_(tau=100),2.2773635663365285e-05,2.960481937082365e-06,0.1299960173616342,0.9,1e-08,4,4.0,0,2025,2025,11,cold_start,,,
QRC,Mackey_Glass_(tau=100),2.4012704880869463e-05,1.8317160317829373e-05,0.7628112038482745,0.9,1e-08,6,1.0,0,2025,2025,11,cold_start,,,
QRC,Mackey_Glass_(tau=100),2.1020505445196014e-05,4.25987560441687e-06,0.202653338451974,0.9,1e-08,6,2.0,0,2025,2027,11,cold_start,,,
QRC,Mackey_Glass_(tau=100),2.3129695868912973e-05,5.555517148472748e-06,0.24018980534627501,0.9,1e-08,6,4.0,0,2025,2026,11,cold_start,,,
QRC,Mackey_Glass_(tau=100),3.928484170333752e-05,4.43494443722684e-05,1.1289200223123363,0.9,1e-08,8,1.0,0,2025,2033,11,cold_start,,,
QRC,Mackey_Glass_(tau=100),2.2875256244508634e-05,2.659056478259032e-06,0.11624160402126019,0.9,1e-08,8,2.0,0,2025,2028,11,cold_start,,,
QRC,Mackey_Glass_(tau=100),2.3882010762611284e-05,3.8127726534980685e-06,0.1596504034520909,0.9,1e-08,8,4.0,0,2025,2029,11,cold_start,,,
QRC,Mackey_Glass_(tau=100),4.993238008554439e-05,5.003532504797776e-05,1.0020616874712764,0.9,1e-08,10,1.0,0,2025,2031,11,cold_start,,,
QRC,Mackey_Glass_(tau=100),2.1318748115158603e-05,1.0169700287141281e-05,0.47703083840603944,0.9,1e-08,10,2.0,0,2025,2033,11,cold_start,,,
QRC,Mackey_Glass_(tau=100),2.445941951030798e-05,3.624143021175943e-06,0.14816962518871774,0.9,1e-08,10,4.0,0,2025,2030,11,cold_start,,,
QRC,Mackey_Glass_(tau=100),0.0009383790032197562,2.848528903549663e-18,3.0355846558542128e-15,1.0,1e-08,1,1.0,0,2025,2031,11,cold_start,,,
QRC,Mackey_Glass_(tau=100),0.0009383790032197532,3.623424246131956e-18,3.861365433049239e-15,1.0,1e-08,1,2.0,0,2025,2026,11,cold_start,,,
QRC,Mackey_Glass_(tau=100),0.0009383790032197565,5.1716247326049385e-18,5.511232364385938e-15,1.0,1e-08,1,4.0,0,2025,2035,11,cold_start,,,
QRC,Mackey_Glass_(tau=100),0.00034169206268735975,0.00024307582148322244,0.7113885513507849,1.0,1e-08,2,1.0,0,2025,2025,11,cold_start,,,
QRC,Mackey_Glass_(tau=100),3.832507989827636e-05,1.68574749172618e-05,0.4398549190766319,1.0,1e-08,2,2.0,0,2025,2029,11,cold_start,,,
QRC,Mackey_Glass_(tau=100),4.496072250416642e-05,1.0303500109540954e-05,0.229166693408589,1.0,1e-08,2,4.0,0,2025,2029,11,cold_start,,,
QRC,Mackey_Glass_(tau=100),1.709264101511777e-05,2.5916455587124684e-05,1.5162347096743327,1.0,1e-08,4,1.0,0,2025,2035,11,cold_start,,,
QRC,Mackey_Glass_(tau=100),1.0211020457780882e-05,7.882997444451588e-06,0.7720087798320567,1.0,1e-08,4,2.0,0,2025,2035,11,cold_start,,,
QRC,Mackey_Glass_(tau=100),7.477405157272003e-06,2.6083622742948763e-06,0.34883254543966563,1.0,1e-08,4,4.0,0,2025,2027,11,cold_start,,,
QRC,Mackey_Glass_(tau=100),8.329224055128782e-06,1.710832418661273e-05,2.0540117630859207,1.0,1e-08,6,1.0,0,2025,2025,11,cold_start,,,
QRC,Mackey_Glass_(tau=100),5.503076578309977e-06,3.88654798538461e-06,0.7062500276124066,1.0,1e-08,6,2.0,0,2025,2027,11,cold_start,,,
QRC,Mackey_Glass_(tau=100),7.012404277299991e-06,4.784194475686521e-06,0.6822473842778208,1.0,1e-08,6,4.0,0,2025,2030,11,cold_start,,,
QRC,Mackey_Glass_(tau=100),2.26101012376735e-05,4.0180122211323796e-05,1.7770872314527588,1.0,1e-08,8,1.0,0,2025,2033,11,cold_start,,,
QRC,Mackey_Glass_(tau=100),6.590285181876707e-06,2.3966940317555995e-06,0.363670761676067,1.0,1e-08,8,2.0,0,2025,2028,11,cold_start,,,
QRC,Mackey_Glass_(tau=100),6.624740366870463e-06,3.3200368134492205e-06,0.5011572725253247,1.0,1e-08,8,4.0,0,2025,2033,11,cold_start,,,
QRC,Mackey_Glass_(tau=100),3.1374750675892955e-05,4.654227357321075e-05,1.483430866240218,1.0,1e-08,10,1.0,0,2025,2031,11,cold_start,,,
QRC,Mackey_Glass_(tau=100),5.298922422081292e-06,9.2804157325688e-06,1.7513779205175968,1.0,1e-08,10,2.0,0,2025,2033,11,cold_start,,,
QRC,Mackey_Glass_(tau=100),7.549124077274516e-06,3.3998091049244027e-06,0.45035809057093235,1.0,1e-08,10,4.0,0,2025,2030,11,cold_start,,,
Classical_ESN,Mackey_Glass_(tau=100),0.0009353934965483964,0.00012519259936663517,0.13383950158793714,0.1,1e-08,1,,0,2025,2025,11,cold_start,50.0,0.9,0.1
Classical_ESN,Mackey_Glass_(tau=100),0.0005923883060795279,0.00026891102442210517,0.45394384335804894,0.1,1e-08,2,,0,2025,2032,11,cold_start,50.0,0.9,0.1
Classical_ESN,Mackey_Glass_(tau=100),0.000582784051628439,0.0006280724119828924,1.077710363260468,0.1,1e-08,4,,0,2025,2031,11,cold_start,50.0,0.9,0.1
Classical_ESN,Mackey_Glass_(tau=100),0.000982960367203392,0.0009558724117451762,0.9724424744252066,0.1,1e-08,6,,0,2025,2029,11,cold_start,50.0,0.9,0.1
Classical_ESN,Mackey_Glass_(tau=100),0.0024852431250345685,0.005268361389221228,2.119857544781639,0.1,1e-08,8,,0,2025,2026,11,cold_start,50.0,0.9,0.1
Classical_ESN,Mackey_Glass_(tau=100),0.004290626489434099,0.0032281027634804022,0.7523616356328804,0.1,1e-08,10,,0,2025,2033,11,cold_start,50.0,0.9,0.1
Classical_ESN,Mackey_Glass_(tau=100),0.0002403458912781026,2.674115707609576e-05,0.11126113674709649,0.3,1e-08,1,,0,2025,2028,11,cold_start,50.0,0.9,0.1
Classical_ESN,Mackey_Glass_(tau=100),2.0151654608893344e-05,3.997852121727928e-06,0.1983882812264752,0.3,1e-08,2,,0,2025,2026,11,cold_start,50.0,0.9,0.1
Classical_ESN,Mackey_Glass_(tau=100),3.934310403131679e-05,6.320703613995669e-05,1.6065594643890935,0.3,1e-08,4,,0,2025,2030,11,cold_start,50.0,0.9,0.1
Classical_ESN,Mackey_Glass_(tau=100),0.00020511852181518252,0.0001500021257957117,0.7312948848708445,0.3,1e-08,6,,0,2025,2026,11,cold_start,50.0,0.9,0.1
Classical_ESN,Mackey_Glass_(tau=100),0.0008319951830936822,0.0004243782640705148,0.5100729820243803,0.3,1e-08,8,,0,2025,2026,11,cold_start,50.0,0.9,0.1
Classical_ESN,Mackey_Glass_(tau=100),0.0013441703597186672,0.0013991481393650263,1.0409009016222213,0.3,1e-08,10,,0,2025,2030,11,cold_start,50.0,0.9,0.1
Classical_ESN,Mackey_Glass_(tau=100),0.00017732832250090674,7.935274819910678e-05,0.4474905479281293,0.5,1e-08,1,,0,2025,2034,11,cold_start,50.0,0.9,0.1
Classical_ESN,Mackey_Glass_(tau=100),2.1931757059690034e-05,1.926821351431494e-06,0.08785531164636774,0.5,1e-08,2,,0,2025,2033,11,cold_start,50.0,0.9,0.1
Classical_ESN,Mackey_Glass_(tau=100),3.1688577339399316e-05,3.998104433127452e-05,1.2616863137482963,0.5,1e-08,4,,0,2025,2034,11,cold_start,50.0,0.9,0.1
Classical_ESN,Mackey_Glass_(tau=100),6.209058286075457e-05,9.021202489219213e-05,1.4529099379611752,0.5,1e-08,6,,0,2025,2029,11,cold_start,50.0,0.9,0.1
Classical_ESN,Mackey_Glass_(tau=100),0.00014295118915603027,0.00024589139427830595,1.7201073718240785,0.5,1e-08,8,,0,2025,2033,11,cold_start,50.0,0.9,0.1
Classical_ESN,Mackey_Glass_(tau=100),0.0004436615935120395,0.0007075221280207787,1.594733775398521,0.5,1e-08,10,,0,2025,2034,11,cold_start,50.0,0.9,0.1
Classical_ESN,Mackey_Glass_(tau=100),0.00017473299279341126,0.00013358628358082678,0.7645166573594222,0.7,1e-08,1,,0,2025,2028,11,cold_start,50.0,0.9,0.1
Classical_ESN,Mackey_Glass_(tau=100),3.1675113787457176e-05,1.0163153143323423e-06,0.032085608946882026,0.7,1e-08,2,,0,2025,2033,11,cold_start,50.0,0.9,0.1
Classical_ESN,Mackey_Glass_(tau=100),4.835134291536141e-05,6.880581617223558e-05,1.423038369227501,0.7,1e-08,4,,0,2025,2025,11,cold_start,50.0,0.9,0.1
Classical_ESN,Mackey_Glass_(tau=100),4.2462123973410626e-05,6.005058660513324e-05,1.4142153285298762,0.7,1e-08,6,,0,2025,2030,11,cold_start,50.0,0.9,0.1
Classical_ESN,Mackey_Glass_(tau=100),0.0001522907019438927,0.0005160437284937491,3.3885438960276852,0.7,1e-08,8,,0,2025,2025,11,cold_start,50.0,0.9,0.1
Classical_ESN,Mackey_Glass_(tau=100),0.000522156231035907,0.0008250515506744605,1.5800856173594613,0.7,1e-08,10,,0,2025,2035,11,cold_start,50.0,0.9,0.1
Classical_ESN,Mackey_Glass_(tau=100),0.00019748996692323933,0.00016704743318593388,0.8458527579320629,0.9,1e-08,1,,0,2025,2026,11,cold_start,50.0,0.9,0.1
Classical_ESN,Mackey_Glass_(tau=100),3.4157283939659455e-05,2.0444353090461137e-06,0.0598535677677918,0.9,1e-08,2,,0,2025,2030,11,cold_start,50.0,0.9,0.1
Classical_ESN,Mackey_Glass_(tau=100),4.7767675730062513e-05,6.025271553010797e-05,1.2613700501276015,0.9,1e-08,4,,0,2025,2034,11,cold_start,50.0,0.9,0.1
Classical_ESN,Mackey_Glass_(tau=100),0.00014687470721360605,0.00026904500201221693,1.8317994099619446,0.9,1e-08,6,,0,2025,2030,11,cold_start,50.0,0.9,0.1
Classical_ESN,Mackey_Glass_(tau=100),0.0005452600279657984,0.00043032280121104555,0.789206578770226,0.9,1e-08,8,,0,2025,2026,11,cold_start,50.0,0.9,0.1
Classical_ESN,Mackey_Glass_(tau=100),0.0005279884990869369,0.0005991243601140856,1.1347299442131138,0.9,1e-08,10,,0,2025,2031,11,cold_start,50.0,0.9,0.1
Classical_ESN,Mackey_Glass_(tau=100),0.0009694763490444036,0.0001308056656929734,0.13492403999530916,0.1,1e-08,1,,0,2025,2030,11,cold_start,50.0,0.9,0.2
Classical_ESN,Mackey_Glass_(tau=100),0.000590916372378247,6.119977511977165e-05,0.10356757399268256,0.1,1e-08,2,,0,2025,2035,11,cold_start,50.0,0.9,0.2
Classical_ESN,Mackey_Glass_(tau=100),0.0007952175568850609,0.0005254989014011607,0.6608240686480659,0.1,1e-08,4,,0,2025,2031,11,cold_start,50.0,0.9,0.2
Classical_ESN,Mackey_Glass_(tau=100),0.0012322171775147144,0.0014127468513615278,1.1465079996782124,0.1,1e-08,6,,0,2025,2034,11,cold_start,50.0,0.9,0.2
Classical_ESN,Mackey_Glass_(tau=100),0.0013075979969577119,0.0016998376156783586,1.2999695775255398,0.1,1e-08,8,,0,2025,2032,11,cold_start,50.0,0.9,0.2
Classical_ESN,Mackey_Glass_(tau=100),0.0023644939664042384,0.007884651394232809,3.3346041505122765,0.1,1e-08,10,,0,2025,2026,11,cold_start,50.0,0.9,0.2
Classical_ESN,Mackey_Glass_(tau=100),0.00025029645480048504,4.275272528057502e-05,0.17080835329710858,0.3,1e-08,1,,0,2025,2028,11,cold_start,50.0,0.9,0.2
Classical_ESN,Mackey_Glass_(tau=100),2.0577179348865318e-05,2.7931236871016046e-06,0.135738899863145,0.3,1e-08,2,,0,2025,2035,11,cold_start,50.0,0.9,0.2
Classical_ESN,Mackey_Glass_(tau=100),5.502092586891466e-05,0.00013974680793047225,2.539884702475089,0.3,1e-08,4,,0,2025,2031,11,cold_start,50.0,0.9,0.2
Classical_ESN,Mackey_Glass_(tau=100),0.00012391663621541969,0.0005904420647999128,4.764832897606048,0.3,1e-08,6,,0,2025,2031,11,cold_start,50.0,0.9,0.2
Classical_ESN,Mackey_Glass_(tau=100),0.00029806551957250397,0.0011079081671233379,3.7169954066218014,0.3,1e-08,8,,0,2025,2031,11,cold_start,50.0,0.9,0.2
Classical_ESN,Mackey_Glass_(tau=100),0.0006724755029609824,0.0008491258339660767,1.262686640966524,0.3,1e-08,10,,0,2025,2027,11,cold_start,50.0,0.9,0.2
Classical_ESN,Mackey_Glass_(tau=100),0.00020602478968401202,4.5026914895252126e-05,0.2185509567286131,0.5,1e-08,1,,0,2025,2028,11,cold_start,50.0,0.9,0.2
Classical_ESN,Mackey_Glass_(tau=100),2.2777905954058184e-05,2.0290644751349435e-06,0.08908037811849157,0.5,1e-08,2,,0,2025,2025,11,cold_start,50.0,0.9,0.2
Classical_ESN,Mackey_Glass_(tau=100),1.6642306524874802e-05,8.044829351399096e-06,0.4833962972244688,0.5,1e-08,4,,0,2025,2033,11,cold_start,50.0,0.9,0.2
Classical_ESN,Mackey_Glass_(tau=100),3.5021936100767664e-05,0.0002462231107908062,7.030539661838088,0.5,1e-08,6,,0,2025,2035,11,cold_start,50.0,0.9,0.2
Classical_ESN,Mackey_Glass_(tau=100),0.0003022804468114283,0.00045306516264182015,1.4988239147484652,0.5,1e-08,8,,0,2025,2027,11,cold_start,50.0,0.9,0.2
Classical_ESN,Mackey_Glass_(tau=100),0.000694990435287211,0.0014527445337503778,2.0903086718740496,0.5,1e-08,10,,0,2025,2025,11,cold_start,50.0,0.9,0.2
Classical_ESN,Mackey_Glass_(tau=100),0.00024432256264802067,5.508492869122348e-05,0.22545985149386588,0.7,1e-08,1,,0,2025,2028,11,cold_start,50.0,0.9,0.2
Classical_ESN,Mackey_Glass_(tau=100),3.183642836240395e-05,1.522191029073162e-06,0.04781287058163651,0.7,1e-08,2,,0,2025,2031,11,cold_start,50.0,0.9,0.2
Classical_ESN,Mackey_Glass_(tau=100),1.8106440714836725e-05,3.16403093804335e-05,1.7474615734116585,0.7,1e-08,4,,0,2025,2026,11,cold_start,50.0,0.9,0.2
Classical_ESN,Mackey_Glass_(tau=100),9.108968760933742e-05,0.00014385785266453634,1.5792990012383108,0.7,1e-08,6,,0,2025,2029,11,cold_start,50.0,0.9,0.2
Classical_ESN,Mackey_Glass_(tau=100),0.0002027826704871968,0.00022273721807987643,1.0984036138035744,0.7,1e-08,8,,0,2025,2032,11,cold_start,50.0,0.9,0.2
Classical_ESN,Mackey_Glass_(tau=100),0.001145813431209809,0.0012468031736826205,1.0881380334023325,0.7,1e-08,10,,0,2025,2031,11,cold_start,50.0,0.9,0.2
Classical_ESN,Mackey_Glass_(tau=100),0.0002836169466276359,0.0001085811897921019,0.3828445058844084,0.9,1e-08,1,,0,2025,2035,11,cold_start,50.0,0.9,0.2
Classical_ESN,Mackey_Glass_(tau=100),3.39297621418356e-05,1.6191747868782202e-06,0.04772137158255431,0.9,1e-08,2,,0,2025,2029,11,cold_start,50.0,0.9,0.2
Classical_ESN,Mackey_Glass_(tau=100),4.893814642511502e-05,6.304245145333593e-05,1.28820676830912,0.9,1e-08,4,,0,2025,2028,11,cold_start,50.0,0.9,0.2
Classical_ESN,Mackey_Glass_(tau=100),0.00011880613680467755,0.00023350966888318285,1.9654680739857984,0.9,1e-08,6,,0,2025,2033,11,cold_start,50.0,0.9,0.2
Classical_ESN,Mackey_Glass_(tau=100),0.0005571076796135,0.0004376508305972704,0.7855767324925333,0.9,1e-08,8,,0,2025,2025,11,cold_start,50.0,0.9,0.2
Classical_ESN,Mackey_Glass_(tau=100),0.0007077086678104776,0.0009401786224196108,1.3284825595373209,0.9,1e-08,10,,0,2025,2031,11,cold_start,50.0,0.9,0.2
Classical_ESN,Mackey_Glass_(tau=100),0.0019022320117572868,0.0031140320965964293,1.6370411586753177,0.1,1e-08,1,,0,2025,2028,11,cold_start,50.0,1.1,0.1
Classical_ESN,Mackey_Glass_(tau=100),0.0013328634451225077,0.0013944854825470698,1.0462328212616696,0.1,1e-08,2,,0,2025,2025,11,cold_start,50.0,1.1,0.1
Classical_ESN,Mackey_Glass_(tau=100),0.0012283088416318569,0.053957673031885214,43.92842516724077,0.1,1e-08,4,,0,2025,2027,11,cold_start,50.0,1.1,0.1
Classical_ESN,Mackey_Glass_(tau=100),0.0016880419944952441,0.004810815017556072,2.849937995170905,0.1,1e-08,6,,0,2025,2032,11,cold_start,50.0,1.1,0.1
Classical_ESN,Mackey_Glass_(tau=100),0.0018782479083181598,0.0015165705991546804,0.8074389927113848,0.1,1e-08,8,,0,2025,2031,11,cold_start,50.0,1.1,0.1
Classical_ESN,Mackey_Glass_(tau=100),0.0030916737129071505,0.0031218710244532285,1.0097673022285663,0.1,1e-08,10,,0,2025,2025,11,cold_start,50.0,1.1,0.1
Classical_ESN,Mackey_Glass_(tau=100),0.00041238391399781076,0.001347976478538318,3.2687416574291355,0.3,1e-08,1,,0,2025,2025,11,cold_start,50.0,1.1,0.1
Classical_ESN,Mackey_Glass_(tau=100),6.842079706914635e-05,0.00021147911491558796,3.0908601474178425,0.3,1e-08,2,,0,2025,2029,11,cold_start,50.0,1.1,0.1
Classical_ESN,Mackey_Glass_(tau=100),0.00014401807495482952,0.013644710919996255,94.74304474820848,0.3,1e-08,4,,0,2025,2029,11,cold_start,50.0,1.1,0.1
Classical_ESN,Mackey_Glass_(tau=100),0.00028057439826719447,0.0002760391751596132,0.9838359339426889,0.3,1e-08,6,,0,2025,2025,11,cold_start,50.0,1.1,0.1
Classical_ESN,Mackey_Glass_(tau=100),0.0005348759953421546,0.00034493608232068104,0.6448898161900667,0.3,1e-08,8,,0,2025,2029,11,cold_start,50.0,1.1,0.1
Classical_ESN,Mackey_Glass_(tau=100),0.0006438755144622107,0.001011546269394053,1.5710277012769074,0.3,1e-08,10,,0,2025,2034,11,cold_start,50.0,1.1,0.1
Classical_ESN,Mackey_Glass_(tau=100),0.00023756077866555158,0.0001677759836606041,0.7062444592202926,0.5,1e-08,1,,0,2025,2025,11,cold_start,50.0,1.1,0.1
Classical_ESN,Mackey_Glass_(tau=100),2.9136780695798417e-05,8.188181651618084e-05,2.8102561285361345,0.5,1e-08,2,,0,2025,2026,11,cold_start,50.0,1.1,0.1
Classical_ESN,Mackey_Glass_(tau=100),3.695726836658162e-05,0.002669721606949647,72.2380664195335,0.5,1e-08,4,,0,2025,2029,11,cold_start,50.0,1.1,0.1
Classical_ESN,Mackey_Glass_(tau=100),0.0001233233155608742,0.00017461609871934885,1.4159212142910298,0.5,1e-08,6,,0,2025,2025,11,cold_start,50.0,1.1,0.1
Classical_ESN,Mackey_Glass_(tau=100),0.00024655343653918793,0.0001605013265347966,0.6509798800118775,0.5,1e-08,8,,0,2025,2029,11,cold_start,50.0,1.1,0.1
Classical_ESN,Mackey_Glass_(tau=100),0.00032322864696307133,0.001482507915882198,4.586561029819778,0.5,1e-08,10,,0,2025,2030,11,cold_start,50.0,1.1,0.1
Classical_ESN,Mackey_Glass_(tau=100),0.000233704561255875,0.00013859446670462793,0.5930327844687878,0.7,1e-08,1,,0,2025,2030,11,cold_start,50.0,1.1,0.1
Classical_ESN,Mackey_Glass_(tau=100),3.5646683317458075e-05,1.1943679650974102e-05,0.3350572490744082,0.7,1e-08,2,,0,2025,2026,11,cold_start,50.0,1.1,0.1
Classical_ESN,Mackey_Glass_(tau=100),4.430557670409913e-05,0.0005443549084469093,12.28637451403597,0.7,1e-08,4,,0,2025,2027,11,cold_start,50.0,1.1,0.1
Classical_ESN,Mackey_Glass_(tau=100),0.0001658591223687943,9.83574507492323e-05,0.5930180344891168,0.7,1e-08,6,,0,2025,2031,11,cold_start,50.0,1.1,0.1
Classical_ESN,Mackey_Glass_(tau=100),0.0002622589967436411,0.00014567633172865035,0.5554674331003003,0.7,1e-08,8,,0,2025,2035,11,cold_start,50.0,1.1,0.1
Classical_ESN,Mackey_Glass_(tau=100),0.0004205276532940932,0.00045814606340059243,1.0894552589153774,0.7,1e-08,10,,0,2025,2025,11,cold_start,50.0,1.1,0.1
Classical_ESN,Mackey_Glass_(tau=100),0.00028688377596992144,0.00016353103015135593,0.570025368630471,0.9,1e-08,1,,0,2025,2035,11,cold_start,50.0,1.1,0.1
Classical_ESN,Mackey_Glass_(tau=100),4.3787405833364235e-05,2.1223257948250657e-05,0.4846886346502718,0.9,1e-08,2,,0,2025,2026,11,cold_start,50.0,1.1,0.1
Classical_ESN,Mackey_Glass_(tau=100),8.182046319614448e-05,0.00031776475976672686,3.883683217546249,0.9,1e-08,4,,0,2025,2026,11,cold_start,50.0,1.1,0.1
Classical_ESN,Mackey_Glass_(tau=100),0.00024157485163007352,0.00022350746633611812,0.9252099911392175,0.9,1e-08,6,,0,2025,2025,11,cold_start,50.0,1.1,0.1
Classical_ESN,Mackey_Glass_(tau=100),0.00039016444149404794,0.00048707968400939965,1.2483958869861034,0.9,1e-08,8,,0,2025,2034,11,cold_start,50.0,1.1,0.1
Classical_ESN,Mackey_Glass_(tau=100),0.0007161173948824441,0.0006016489524918819,0.8401540819863019,0.9,1e-08,10,,0,2025,2033,11,cold_start,50.0,1.1,0.1
Classical_ESN,Mackey_Glass_(tau=100),0.0016373443669026174,0.04517682200010635,27.59152131543827,0.1,1e-08,1,,0,2025,2034,11,cold_start,50.0,1.1,0.2
Classical_ESN,Mackey_Glass_(tau=100),0.0023039059651788125,0.004876105965470966,2.116451816683637,0.1,1e-08,2,,0,2025,2029,11,cold_start,50.0,1.1,0.2
Classical_ESN,Mackey_Glass_(tau=100),0.0008978288975988927,0.007136406978819464,7.948515577862,0.1,1e-08,4,,0,2025,2027,11,cold_start,50.0,1.1,0.2
Classical_ESN,Mackey_Glass_(tau=100),0.0019048687601267852,0.0009449251251501505,0.49605786232079196,0.1,1e-08,6,,0,2025,2025,11,cold_start,50.0,1.1,0.2
Classical_ESN,Mackey_Glass_(tau=100),0.00180490990190778,0.0012098911628926174,0.6703332734857119,0.1,1e-08,8,,0,2025,2026,11,cold_start,50.0,1.1,0.2
Classical_ESN,Mackey_Glass_(tau=100),0.0030508510063132835,0.005638985884640454,1.8483321122438983,0.1,1e-08,10,,0,2025,2031,11,cold_start,50.0,1.1,0.2
Classical_ESN,Mackey_Glass_(tau=100),0.00032950723931749376,0.0017708796267095815,5.374326920335933,0.3,1e-08,1,,0,2025,2025,11,cold_start,50.0,1.1,0.2
Classical_ESN,Mackey_Glass_(tau=100),5.004696685110127e-05,0.0005251950973158351,10.494044501805373,0.3,1e-08,2,,0,2025,2026,11,cold_start,50.0,1.1,0.2
Classical_ESN,Mackey_Glass_(tau=100),0.00010309676482212233,0.0006669665103940831,6.4693253134066,0.3,1e-08,4,,0,2025,2027,11,cold_start,50.0,1.1,0.2
Classical_ESN,Mackey_Glass_(tau=100),0.00018671652478724493,0.0005441667097768456,2.9144003745619145,0.3,1e-08,6,,0,2025,2026,11,cold_start,50.0,1.1,0.2
Classical_ESN,Mackey_Glass_(tau=100),0.0005206744757503022,0.00039119736944661515,0.7513281093391261,0.3,1e-08,8,,0,2025,2033,11,cold_start,50.0,1.1,0.2
Classical_ESN,Mackey_Glass_(tau=100),0.000637284187047521,0.0011661878718427368,1.8299337964834463,0.3,1e-08,10,,0,2025,2027,11,cold_start,50.0,1.1,0.2
Classical_ESN,Mackey_Glass_(tau=100),0.0002652779266567692,0.0017682502750250104,6.665651746113304,0.5,1e-08,1,,0,2025,2026,11,cold_start,50.0,1.1,0.2
Classical_ESN,Mackey_Glass_(tau=100),2.8631820883401642e-05,0.00023765285961993655,8.300305474378963,0.5,1e-08,2,,0,2025,2031,11,cold_start,50.0,1.1,0.2
Classical_ESN,Mackey_Glass_(tau=100),3.326008309297093e-05,0.0003752901225369096,11.283499247066587,0.5,1e-08,4,,0,2025,2029,11,cold_start,50.0,1.1,0.2
Classical_ESN,Mackey_Glass_(tau=100),0.00010076391034820219,0.00020233483887418374,2.008009000196505,0.5,1e-08,6,,0,2025,2025,11,cold_start,50.0,1.1,0.2
Classical_ESN,Mackey_Glass_(tau=100),0.0002982418427065377,0.00045944446390719715,1.5405097411474842,0.5,1e-08,8,,0,2025,2033,11,cold_start,50.0,1.1,0.2
Classical_ESN,Mackey_Glass_(tau=100),0.0007341890954084186,0.0007607146459937342,1.0361290446169864,0.5,1e-08,10,,0,2025,2026,11,cold_start,50.0,1.1,0.2
Classical_ESN,Mackey_Glass_(tau=100),0.00024780508151970497,0.0011241441671829937,4.536404823859933,0.7,1e-08,1,,0,2025,2025,11,cold_start,50.0,1.1,0.2
Classical_ESN,Mackey_Glass_(tau=100),3.503183619813942e-05,3.875535510035516e-05,1.106289572751927,0.7,1e-08,2,,0,2025,2031,11,cold_start,50.0,1.1,0.2
Classical_ESN,Mackey_Glass_(tau=100),3.395999300879194e-05,0.00023009328365049804,6.775421997022465,0.7,1e-08,4,,0,2025,2027,11,cold_start,50.0,1.1,0.2
Classical_ESN,Mackey_Glass_(tau=100),0.00015958500883005963,0.000174909441335468,1.09602676728694,0.7,1e-08,6,,0,2025,2032,11,cold_start,50.0,1.1,0.2
Classical_ESN,Mackey_Glass_(tau=100),0.0003753391648445054,0.00024082851197326183,0.6416290505496055,0.7,1e-08,8,,0,2025,2026,11,cold_start,50.0,1.1,0.2
Classical_ESN,Mackey_Glass_(tau=100),0.0005907404878099182,0.0007769729269001243,1.3152525397076387,0.7,1e-08,10,,0,2025,2033,11,cold_start,50.0,1.1,0.2
Classical_ESN,Mackey_Glass_(tau=100),0.00027317377122364184,0.00112873895509988,4.131944842449037,0.9,1e-08,1,,0,2025,2029,11,cold_start,50.0,1.1,0.2
Classical_ESN,Mackey_Glass_(tau=100),6.011551699030261e-05,1.9405913823311148e-05,0.3228103956328208,0.9,1e-08,2,,0,2025,2032,11,cold_start,50.0,1.1,0.2
Classical_ESN,Mackey_Glass_(tau=100),9.934140242018475e-05,0.00031610046656501144,3.181960983679292,0.9,1e-08,4,,0,2025,2035,11,cold_start,50.0,1.1,0.2
Classical_ESN,Mackey_Glass_(tau=100),0.00014953099606809821,0.0003294428087405243,2.203174040186906,0.9,1e-08,6,,0,2025,2026,11,cold_start,50.0,1.1,0.2
Classical_ESN,Mackey_Glass_(tau=100),0.0004673585706317826,0.0006287334619088912,1.345291391701578,0.9,1e-08,8,,0,2025,2035,11,cold_start,50.0,1.1,0.2
Classical_ESN,Mackey_Glass_(tau=100),0.0005696924520707074,0.001093569965800306,1.9195795236981261,0.9,1e-08,10,,0,2025,2025,11,cold_start,50.0,1.1,0.2
Classical_ESN,Mackey_Glass_(tau=100),0.029114874481474762,0.2825845490525796,9.705848096043923,0.1,1e-08,1,,0,2025,2027,11,cold_start,50.0,1.25,0.1
Classical_ESN,Mackey_Glass_(tau=100),0.008944735353539788,0.07150443508902059,7.994024670693408,0.1,1e-08,2,,0,2025,2026,11,cold_start,50.0,1.25,0.1
Classical_ESN,Mackey_Glass_(tau=100),0.014772383875574353,0.6376979857674996,43.16825172827468,0.1,1e-08,4,,0,2025,2029,11,cold_start,50.0,1.25,0.1
Classical_ESN,Mackey_Glass_(tau=100),0.011107671345712956,0.01593091477058498,1.4342263355436393,0.1,1e-08,6,,0,2025,2025,11,cold_start,50.0,1.25,0.1
Classical_ESN,Mackey_Glass_(tau=100),0.007149952234841914,0.03996395240945561,5.589401313019991,0.1,1e-08,8,,0,2025,2033,11,cold_start,50.0,1.25,0.1
Classical_ESN,Mackey_Glass_(tau=100),0.004601733165329487,0.03464598561385696,7.528899301438806,0.1,1e-08,10,,0,2025,2031,11,cold_start,50.0,1.25,0.1
Classical_ESN,Mackey_Glass_(tau=100),0.002407958270796353,0.042121659353244856,17.492686590168567,0.3,1e-08,1,,0,2025,2027,11,cold_start,50.0,1.25,0.1
Classical_ESN,Mackey_Glass_(tau=100),0.00045842357048449456,0.0019603959102571884,4.276385501263172,0.3,1e-08,2,,0,2025,2031,11,cold_start,50.0,1.25,0.1
Classical_ESN,Mackey_Glass_(tau=100),0.0005822650278608377,0.00839352329437676,14.415296974323567,0.3,1e-08,4,,0,2025,2033,11,cold_start,50.0,1.25,0.1
Classical_ESN,Mackey_Glass_(tau=100),0.001484405001490169,0.006380672681035067,4.298471559062128,0.3,1e-08,6,,0,2025,2025,11,cold_start,50.0,1.25,0.1
Classical_ESN,Mackey_Glass_(tau=100),0.0012492081784134554,0.013932924663368665,11.153404936128451,0.3,1e-08,8,,0,2025,2029,11,cold_start,50.0,1.25,0.1
Classical_ESN,Mackey_Glass_(tau=100),0.0011066389012816245,0.009323503736380008,8.425064151985113,0.3,1e-08,10,,0,2025,2026,11,cold_start,50.0,1.25,0.1
Classical_ESN,Mackey_Glass_(tau=100),0.001301356488964914,0.00714806576461588,5.492780667887075,0.5,1e-08,1,,0,2025,2032,11,cold_start,50.0,1.25,0.1
Classical_ESN,Mackey_Glass_(tau=100),0.00024699126631846853,0.0012962106584009404,5.248001995056849,0.5,1e-08,2,,0,2025,2031,11,cold_start,50.0,1.25,0.1
Classical_ESN,Mackey_Glass_(tau=100),0.00030732117999118243,0.0019801646953757244,6.443306951484889,0.5,1e-08,4,,0,2025,2032,11,cold_start,50.0,1.25,0.1
Classical_ESN,Mackey_Glass_(tau=100),0.0005302601097011565,0.0010907980952046894,2.0571000443903658,0.5,1e-08,6,,0,2025,2033,11,cold_start,50.0,1.25,0.1
Classical_ESN,Mackey_Glass_(tau=100),0.001072866570931549,0.005655810889166652,5.271681532826419,0.5,1e-08,8,,0,2025,2029,11,cold_start,50.0,1.25,0.1
Classical_ESN,Mackey_Glass_(tau=100),0.0006265031409532412,0.00715819644057289,11.425635360233795,0.5,1e-08,10,,0,2025,2030,11,cold_start,50.0,1.25,0.1
Classical_ESN,Mackey_Glass_(tau=100),0.001426646789303543,0.0031074349998904648,2.1781389922080465,0.7,1e-08,1,,0,2025,2035,11,cold_start,50.0,1.25,0.1
Classical_ESN,Mackey_Glass_(tau=100),0.00024565320607877403,0.00047211394928049213,1.9218717183324632,0.7,1e-08,2,,0,2025,2034,11,cold_start,50.0,1.25,0.1
Classical_ESN,Mackey_Glass_(tau=100),0.00022317567126941548,0.0011843573528830963,5.306838985389907,0.7,1e-08,4,,0,2025,2033,11,cold_start,50.0,1.25,0.1
Classical_ESN,Mackey_Glass_(tau=100),0.0004940849546358451,0.0012925411719443348,2.616030218724177,0.7,1e-08,6,,0,2025,2025,11,cold_start,50.0,1.25,0.1
Classical_ESN,Mackey_Glass_(tau=100),0.0006071549886460919,0.0030576458997319013,5.036022032117717,0.7,1e-08,8,,0,2025,2030,11,cold_start,50.0,1.25,0.1
Classical_ESN,Mackey_Glass_(tau=100),0.0005402698094740424,0.004544126023587586,8.410845736524374,0.7,1e-08,10,,0,2025,2035,11,cold_start,50.0,1.25,0.1
Classical_ESN,Mackey_Glass_(tau=100),0.0007690368146527591,0.001400498073672978,1.8211066713436088,0.9,1e-08,1,,0,2025,2026,11,cold_start,50.0,1.25,0.1
Classical_ESN,Mackey_Glass_(tau=100),0.00024102204158459807,0.0005650874302737407,2.3445466919065847,0.9,1e-08,2,,0,2025,2027,11,cold_start,50.0,1.25,0.1
Classical_ESN,Mackey_Glass_(tau=100),0.0005789425346865893,0.0007441168417630412,1.2853034579085971,0.9,1e-08,4,,0,2025,2028,11,cold_start,50.0,1.25,0.1
Classical_ESN,Mackey_Glass_(tau=100),0.0011825924590903802,0.0014937663241612938,1.2631285720443886,0.9,1e-08,6,,0,2025,2035,11,cold_start,50.0,1.25,0.1
Classical_ESN,Mackey_Glass_(tau=100),0.0015286289596206906,0.0012813068788154601,0.8382065973245724,0.9,1e-08,8,,0,2025,2033,11,cold_start,50.0,1.25,0.1
Classical_ESN,Mackey_Glass_(tau=100),0.0015018997111427403,0.005624261511013827,3.7447650261111862,0.9,1e-08,10,,0,2025,2035,11,cold_start,50.0,1.25,0.1
Classical_ESN,Mackey_Glass_(tau=100),0.013534078195701368,0.3520212153045947,26.009988283975044,0.1,1e-08,1,,0,2025,2035,11,cold_start,50.0,1.25,0.2
Classical_ESN,Mackey_Glass_(tau=100),0.005875752540350466,0.38534805082603957,65.58275696257539,0.1,1e-08,2,,0,2025,2025,11,cold_start,50.0,1.25,0.2
Classical_ESN,Mackey_Glass_(tau=100),0.005803427595403425,0.2164170828502303,37.291252331922315,0.1,1e-08,4,,0,2025,2030,11,cold_start,50.0,1.25,0.2
Classical_ESN,Mackey_Glass_(tau=100),0.00480515243223752,0.004202300251371544,0.8745404668494028,0.1,1e-08,6,,0,2025,2029,11,cold_start,50.0,1.25,0.2
Classical_ESN,Mackey_Glass_(tau=100),0.009943379488648724,0.05138903567517375,5.168165987614073,0.1,1e-08,8,,0,2025,2031,11,cold_start,50.0,1.25,0.2
Classical_ESN,Mackey_Glass_(tau=100),0.00946650080328622,0.013249672914059474,1.3996378587386753,0.1,1e-08,10,,0,2025,2035,11,cold_start,50.0,1.25,0.2
Classical_ESN,Mackey_Glass_(tau=100),0.0014748722998242146,0.037986283065738397,25.75564207848087,0.3,1e-08,1,,0,2025,2026,11,cold_start,50.0,1.25,0.2
Classical_ESN,Mackey_Glass_(tau=100),0.00033892553048072934,0.06123305072229865,180.66815632167388,0.3,1e-08,2,,0,2025,2033,11,cold_start,50.0,1.25,0.2
Classical_ESN,Mackey_Glass_(tau=100),0.0005353046998722438,0.016542998273903493,30.9038913311459,0.3,1e-08,4,,0,2025,2026,11,cold_start,50.0,1.25,0.2
Classical_ESN,Mackey_Glass_(tau=100),0.00078584511243069,0.0024929922217189733,3.1723709701622025,0.3,1e-08,6,,0,2025,2026,11,cold_start,50.0,1.25,0.2
Classical_ESN,Mackey_Glass_(tau=100),0.0018163090645891488,0.0042249541444678825,2.3261207174691783,0.3,1e-08,8,,0,2025,2026,11,cold_start,50.0,1.25,0.2
Classical_ESN,Mackey_Glass_(tau=100),0.002023871772251783,0.021940526407487813,10.840867839703368,0.3,1e-08,10,,0,2025,2029,11,cold_start,50.0,1.25,0.2
Classical_ESN,Mackey_Glass_(tau=100),0.0008148504141434901,0.022174798030496955,27.21333590264594,0.5,1e-08,1,,0,2025,2030,11,cold_start,50.0,1.25,0.2
Classical_ESN,Mackey_Glass_(tau=100),0.00013580142626051453,0.010292300143899319,75.78933761825958,0.5,1e-08,2,,0,2025,2026,11,cold_start,50.0,1.25,0.2
Classical_ESN,Mackey_Glass_(tau=100),0.0003136053353646367,0.0014362771339496323,4.579887431697031,0.5,1e-08,4,,0,2025,2035,11,cold_start,50.0,1.25,0.2
Classical_ESN,Mackey_Glass_(tau=100),0.0003932121577661927,0.002564104448797392,6.520918537625763,0.5,1e-08,6,,0,2025,2026,11,cold_start,50.0,1.25,0.2
Classical_ESN,Mackey_Glass_(tau=100),0.0010001738383464329,0.0020335556933603837,2.033202244844176,0.5,1e-08,8,,0,2025,2027,11,cold_start,50.0,1.25,0.2
Classical_ESN,Mackey_Glass_(tau=100),0.000702422671358095,0.01249334933961559,17.786085001300425,0.5,1e-08,10,,0,2025,2029,11,cold_start,50.0,1.25,0.2
Classical_ESN,Mackey_Glass_(tau=100),0.0004547489696229019,0.007277630170974301,16.003621024164683,0.7,1e-08,1,,0,2025,2026,11,cold_start,50.0,1.25,0.2
Classical_ESN,Mackey_Glass_(tau=100),9.985503435330256e-05,0.002018746454541063,20.216771919565172,0.7,1e-08,2,,0,2025,2025,11,cold_start,50.0,1.25,0.2
Classical_ESN,Mackey_Glass_(tau=100),0.00027876127766982006,0.0008478342187227125,3.041434684938319,0.7,1e-08,4,,0,2025,2035,11,cold_start,50.0,1.25,0.2
Classical_ESN,Mackey_Glass_(tau=100),0.00040055178210548337,0.0001780684174749015,0.4445577960954073,0.7,1e-08,6,,0,2025,2030,11,cold_start,50.0,1.25,0.2
Classical_ESN,Mackey_Glass_(tau=100),0.0008075384827987976,0.0018989817737889356,2.3515681472013226,0.7,1e-08,8,,0,2025,2027,11,cold_start,50.0,1.25,0.2
Classical_ESN,Mackey_Glass_(tau=100),0.0007679765776327472,0.00514721217182613,6.702303588075794,0.7,1e-08,10,,0,2025,2033,11,cold_start,50.0,1.25,0.2
Classical_ESN,Mackey_Glass_(tau=100),0.0005867681617298811,0.010083555905605312,17.184906345084347,0.9,1e-08,1,,0,2025,2035,11,cold_start,50.0,1.25,0.2
Classical_ESN,Mackey_Glass_(tau=100),0.00033890292004034055,0.00042323619039347926,1.24884197027013,0.9,1e-08,2,,0,2025,2034,11,cold_start,50.0,1.25,0.2
Classical_ESN,Mackey_Glass_(tau=100),0.0008940842069153907,0.0011670133750874302,1.305261144376603,0.9,1e-08,4,,0,2025,2033,11,cold_start,50.0,1.25,0.2
Classical_ESN,Mackey_Glass_(tau=100),0.0005542451196822749,0.0004574266996563179,0.8253147991966824,0.9,1e-08,6,,0,2025,2029,11,cold_start,50.0,1.25,0.2
Classical_ESN,Mackey_Glass_(tau=100),0.0023058596013124113,0.0014832968261059534,0.6432728277392582,0.9,1e-08,8,,0,2025,2032,11,cold_start,50.0,1.25,0.2
Classical_ESN,Mackey_Glass_(tau=100),0.0014881861033524738,0.0016679577601960197,1.120799177225597,0.9,1e-08,10,,0,2025,2030,11,cold_start,50.0,1.25,0.2
Classical_ESN,Mackey_Glass_(tau=100),0.0009274977433263778,0.00015639456518484505,0.1686198875524501,0.1,1e-08,1,,0,2025,2031,11,cold_start,100.0,0.9,0.1
Classical_ESN,Mackey_Glass_(tau=100),0.0005929150218832774,0.00042722388315318,0.7205482529287043,0.1,1e-08,2,,0,2025,2034,11,cold_start,100.0,0.9,0.1
Classical_ESN,Mackey_Glass_(tau=100),0.0007044289465890056,0.0006141829616149874,0.8718877391239976,0.1,1e-08,4,,0,2025,2029,11,cold_start,100.0,0.9,0.1
Classical_ESN,Mackey_Glass_(tau=100),0.0026375434114719316,0.0016271371184877863,0.6169138719804923,0.1,1e-08,6,,0,2025,2033,11,cold_start,100.0,0.9,0.1
Classical_ESN,Mackey_Glass_(tau=100),0.0029219951100131433,0.0023258019731487636,0.7959636774129653,0.1,1e-08,8,,0,2025,2032,11,cold_start,100.0,0.9,0.1
Classical_ESN,Mackey_Glass_(tau=100),0.014067717318612878,0.0156852638792336,1.1149828734815819,0.1,1e-08,10,,0,2025,2029,11,cold_start,100.0,0.9,0.1
Classical_ESN,Mackey_Glass_(tau=100),0.0003013155300930333,3.371830561077919e-05,0.11190364333484047,0.3,1e-08,1,,0,2025,2025,11,cold_start,100.0,0.9,0.1
Classical_ESN,Mackey_Glass_(tau=100),1.6152099050847884e-05,2.124607807997017e-06,0.13153756680841358,0.3,1e-08,2,,0,2025,2030,11,cold_start,100.0,0.9,0.1
Classical_ESN,Mackey_Glass_(tau=100),4.803811514811753e-05,5.093568783645441e-05,1.0603182010660221,0.3,1e-08,4,,0,2025,2032,11,cold_start,100.0,0.9,0.1
Classical_ESN,Mackey_Glass_(tau=100),0.00026988389718888845,0.0002958274375566299,1.0961285228128446,0.3,1e-08,6,,0,2025,2025,11,cold_start,100.0,0.9,0.1
Classical_ESN,Mackey_Glass_(tau=100),0.0007394790918061324,0.0007314621162521932,0.989158617677265,0.3,1e-08,8,,0,2025,2025,11,cold_start,100.0,0.9,0.1
Classical_ESN,Mackey_Glass_(tau=100),0.0013220546532688982,0.001358845994368713,1.0278289108614722,0.3,1e-08,10,,0,2025,2034,11,cold_start,100.0,0.9,0.1
Classical_ESN,Mackey_Glass_(tau=100),0.0003187180444196794,5.792973853761994e-05,0.18175857800300635,0.5,1e-08,1,,0,2025,2034,11,cold_start,100.0,0.9,0.1
Classical_ESN,Mackey_Glass_(tau=100),2.418261402971038e-05,1.3785086376919619e-06,0.05700412023275679,0.5,1e-08,2,,0,2025,2027,11,cold_start,100.0,0.9,0.1
Classical_ESN,Mackey_Glass_(tau=100),6.041408927363238e-05,6.483885231830909e-05,1.0732405817562807,0.5,1e-08,4,,0,2025,2029,11,cold_start,100.0,0.9,0.1
Classical_ESN,Mackey_Glass_(tau=100),0.00010025124729034364,0.00025780841515481205,2.571623018396546,0.5,1e-08,6,,0,2025,2027,11,cold_start,100.0,0.9,0.1
Classical_ESN,Mackey_Glass_(tau=100),0.00016513799073220056,0.00013178841537494433,0.7980502535522656,0.5,1e-08,8,,0,2025,2029,11,cold_start,100.0,0.9,0.1
Classical_ESN,Mackey_Glass_(tau=100),0.001031909843665769,0.0017980102476131677,1.7424102102039207,0.5,1e-08,10,,0,2025,2029,11,cold_start,100.0,0.9,0.1
Classical_ESN,Mackey_Glass_(tau=100),0.0004312608887369046,9.279081615798859e-05,0.21516167726166477,0.7,1e-08,1,,0,2025,2025,11,cold_start,100.0,0.9,0.1
Classical_ESN,Mackey_Glass_(tau=100),3.1065905464968725e-05,2.1047648253300874e-06,0.06775160079282133,0.7,1e-08,2,,0,2025,2025,11,cold_start,100.0,0.9,0.1
Classical_ESN,Mackey_Glass_(tau=100),0.00012710560536067513,9.041195646483897e-05,0.7113136844617184,0.7,1e-08,4,,0,2025,2032,11,cold_start,100.0,0.9,0.1
Classical_ESN,Mackey_Glass_(tau=100),0.0003058552012658159,0.0004735549941996961,1.5482979927751297,0.7,1e-08,6,,0,2025,2026,11,cold_start,100.0,0.9,0.1
Classical_ESN,Mackey_Glass_(tau=100),0.0003078372463845609,0.0006244555556568981,2.028525017654318,0.7,1e-08,8,,0,2025,2027,11,cold_start,100.0,0.9,0.1
Classical_ESN,Mackey_Glass_(tau=100),0.001475325842389777,0.0019258915983083823,1.3054008429681982,0.7,1e-08,10,,0,2025,2032,11,cold_start,100.0,0.9,0.1
Classical_ESN,Mackey_Glass_(tau=100),0.0005269125023788469,0.00014746307411513975,0.2798625453930009,0.9,1e-08,1,,0,2025,2030,11,cold_start,100.0,0.9,0.1
Classical_ESN,Mackey_Glass_(tau=100),3.34759758746821e-05,5.148571225918215e-06,0.15379898842059098,0.9,1e-08,2,,0,2025,2025,11,cold_start,100.0,0.9,0.1
Classical_ESN,Mackey_Glass_(tau=100),0.00022472249320113643,0.0002459226954241948,1.0943394758622726,0.9,1e-08,4,,0,2025,2031,11,cold_start,100.0,0.9,0.1
Classical_ESN,Mackey_Glass_(tau=100),0.0009521460276630813,0.0011289809299436448,1.1857224597308689,0.9,1e-08,6,,0,2025,2032,11,cold_start,100.0,0.9,0.1
Classical_ESN,Mackey_Glass_(tau=100),0.00177176271704114,0.0012644255418032939,0.7136539953357276,0.9,1e-08,8,,0,2025,2028,11,cold_start,100.0,0.9,0.1
Classical_ESN,Mackey_Glass_(tau=100),0.0018098122114122363,0.005524261182179201,3.052394688987372,0.9,1e-08,10,,0,2025,2029,11,cold_start,100.0,0.9,0.1
Classical_ESN,Mackey_Glass_(tau=100),0.0010186089916296185,0.0001792631493141899,0.17598818662242152,0.1,1e-08,1,,0,2025,2035,11,cold_start,100.0,0.9,0.2
Classical_ESN,Mackey_Glass_(tau=100),0.0005640535903066131,0.00019403881490407047,0.3440077649334582,0.1,1e-08,2,,0,2025,2028,11,cold_start,100.0,0.9,0.2
Classical_ESN,Mackey_Glass_(tau=100),0.0013873849796740953,0.0009275392061666048,0.6685521464882005,0.1,1e-08,4,,0,2025,2031,11,cold_start,100.0,0.9,0.2
Classical_ESN,Mackey_Glass_(tau=100),0.001655181115441863,0.0009609235063099186,0.5805548996089125,0.1,1e-08,6,,0,2025,2028,11,cold_start,100.0,0.9,0.2
Classical_ESN,Mackey_Glass_(tau=100),0.0016992831215891877,0.002384251833280114,1.403092753048907,0.1,1e-08,8,,0,2025,2026,11,cold_start,100.0,0.9,0.2
Classical_ESN,Mackey_Glass_(tau=100),0.008821930436082318,0.023122623816307437,2.621039009980658,0.1,1e-08,10,,0,2025,2035,11,cold_start,100.0,0.9,0.2
Classical_ESN,Mackey_Glass_(tau=100),0.0002806386522373947,2.688868087970886e-05,0.09581246441050996,0.3,1e-08,1,,0,2025,2029,11,cold_start,100.0,0.9,0.2
Classical_ESN,Mackey_Glass_(tau=100),1.8642121017301386e-05,4.276880763642381e-06,0.22942028751305132,0.3,1e-08,2,,0,2025,2025,11,cold_start,100.0,0.9,0.2
Classical_ESN,Mackey_Glass_(tau=100),6.711504543386262e-05,6.921397707949262e-05,1.0312736381546275,0.3,1e-08,4,,0,2025,2026,11,cold_start,100.0,0.9,0.2
Classical_ESN,Mackey_Glass_(tau=100),0.00015900075846682783,0.000336507122522851,2.116386901343343,0.3,1e-08,6,,0,2025,2028,11,cold_start,100.0,0.9,0.2
Classical_ESN,Mackey_Glass_(tau=100),0.0006226296754501059,0.000922234703811095,1.4811929790278648,0.3,1e-08,8,,0,2025,2029,11,cold_start,100.0,0.9,0.2
Classical_ESN,Mackey_Glass_(tau=100),0.0015105714792461467,0.0018294016595081467,1.2110659340802017,0.3,1e-08,10,,0,2025,2034,11,cold_start,100.0,0.9,0.2
Classical_ESN,Mackey_Glass_(tau=100),0.00031251657337558566,7.799505807346005e-05,0.24957094988919126,0.5,1e-08,1,,0,2025,2028,11,cold_start,100.0,0.9,0.2
Classical_ESN,Mackey_Glass_(tau=100),2.439626552353315e-05,1.397449909249995e-06,0.05728130430052852,0.5,1e-08,2,,0,2025,2035,11,cold_start,100.0,0.9,0.2
Classical_ESN,Mackey_Glass_(tau=100),2.963803026926981e-05,4.480166777896011e-05,1.5116277084517562,0.5,1e-08,4,,0,2025,2025,11,cold_start,100.0,0.9,0.2
Classical_ESN,Mackey_Glass_(tau=100),6.028133327858154e-05,0.0001454562289173494,2.4129563997057644,0.5,1e-08,6,,0,2025,2030,11,cold_start,100.0,0.9,0.2
Classical_ESN,Mackey_Glass_(tau=100),0.0004445033334686403,0.00028797921931086965,0.6478674008216107,0.5,1e-08,8,,0,2025,2030,11,cold_start,100.0,0.9,0.2
Classical_ESN,Mackey_Glass_(tau=100),0.0007774481642220939,0.0007067769943549686,0.909098544289653,0.5,1e-08,10,,0,2025,2035,11,cold_start,100.0,0.9,0.2
Classical_ESN,Mackey_Glass_(tau=100),0.0004149001121387116,0.00013270980346478156,0.3198596471345694,0.7,1e-08,1,,0,2025,2030,11,cold_start,100.0,0.9,0.2
Classical_ESN,Mackey_Glass_(tau=100),3.093760770463616e-05,1.7593261098280808e-06,0.056866908606008244,0.7,1e-08,2,,0,2025,2031,11,cold_start,100.0,0.9,0.2
Classical_ESN,Mackey_Glass_(tau=100),6.309710401483382e-05,0.00011408238415970441,1.8080446946167956,0.7,1e-08,4,,0,2025,2033,11,cold_start,100.0,0.9,0.2
Classical_ESN,Mackey_Glass_(tau=100),0.0003690631305701372,0.0002125012912907246,0.575785749615378,0.7,1e-08,6,,0,2025,2031,11,cold_start,100.0,0.9,0.2
Classical_ESN,Mackey_Glass_(tau=100),0.000612497775000603,0.0003832471809301152,0.6257119561450454,0.7,1e-08,8,,0,2025,2035,11,cold_start,100.0,0.9,0.2
Classical_ESN,Mackey_Glass_(tau=100),0.0008668563142346873,0.0006778576245420248,0.7819722985354016,0.7,1e-08,10,,0,2025,2029,11,cold_start,100.0,0.9,0.2
Classical_ESN,Mackey_Glass_(tau=100),0.0005360148447971708,0.0002931926741490882,0.5469861086777045,0.9,1e-08,1,,0,2025,2034,11,cold_start,100.0,0.9,0.2
Classical_ESN,Mackey_Glass_(tau=100),3.6679462668114126e-05,4.80838000581417e-06,0.13109188783166525,0.9,1e-08,2,,0,2025,2035,11,cold_start,100.0,0.9,0.2
Classical_ESN,Mackey_Glass_(tau=100),0.00014859694441283304,0.0005496995384765138,3.699265423314054,0.9,1e-08,4,,0,2025,2029,11,cold_start,100.0,0.9,0.2
Classical_ESN,Mackey_Glass_(tau=100),0.0006392149018244847,0.0005480056830691872,0.8573105562855892,0.9,1e-08,6,,0,2025,2029,11,cold_start,100.0,0.9,0.2
Classical_ESN,Mackey_Glass_(tau=100),0.0014909046266874909,0.00081227594294612,0.5448208613792044,0.9,1e-08,8,,0,2025,2026,11,cold_start,100.0,0.9,0.2
Classical_ESN,Mackey_Glass_(tau=100),0.0013970243410573585,0.0017361023873583537,1.242714487024871,0.9,1e-08,10,,0,2025,2031,11,cold_start,100.0,0.9,0.2
Classical_ESN,Mackey_Glass_(tau=100),0.029347717032831885,0.22604773035819936,7.702395729975016,0.1,1e-08,1,,0,2025,2035,11,cold_start,100.0,1.1,0.1
Classical_ESN,Mackey_Glass_(tau=100),0.017363653116495622,0.1396510530571357,8.042723044522583,0.1,1e-08,2,,0,2025,2031,11,cold_start,100.0,1.1,0.1
Classical_ESN,Mackey_Glass_(tau=100),0.013208108919568492,0.0307527987059848,2.3283271582068004,0.1,1e-08,4,,0,2025,2025,11,cold_start,100.0,1.1,0.1
Classical_ESN,Mackey_Glass_(tau=100),0.008922727907339752,0.014645215644625554,1.64133836610422,0.1,1e-08,6,,0,2025,2035,11,cold_start,100.0,1.1,0.1
Classical_ESN,Mackey_Glass_(tau=100),0.012150560523845418,0.12813593756410552,10.545681189986203,0.1,1e-08,8,,0,2025,2027,11,cold_start,100.0,1.1,0.1
Classical_ESN,Mackey_Glass_(tau=100),0.015711566981031985,0.019051515254170644,1.2125789411820513,0.1,1e-08,10,,0,2025,2035,11,cold_start,100.0,1.1,0.1
Classical_ESN,Mackey_Glass_(tau=100),0.0006930244594831436,0.0033856963443844226,4.885392280251507,0.3,1e-08,1,,0,2025,2028,11,cold_start,100.0,1.1,0.1
Classical_ESN,Mackey_Glass_(tau=100),0.00011570014059773111,0.002414345608251334,20.867265984106155,0.3,1e-08,2,,0,2025,2027,11,cold_start,100.0,1.1,0.1
Classical_ESN,Mackey_Glass_(tau=100),0.00017036957179489845,0.0006366580848709864,3.736923666377675,0.3,1e-08,4,,0,2025,2028,11,cold_start,100.0,1.1,0.1
Classical_ESN,Mackey_Glass_(tau=100),0.0001677433502475476,0.0001810515732938544,1.0793368144052635,0.3,1e-08,6,,0,2025,2026,11,cold_start,100.0,1.1,0.1
Classical_ESN,Mackey_Glass_(tau=100),0.001443625024350059,0.0014951856820414771,1.0357161013571592,0.3,1e-08,8,,0,2025,2034,11,cold_start,100.0,1.1,0.1
Classical_ESN,Mackey_Glass_(tau=100),0.0014161074205421116,0.002217540841717621,1.565941121097089,0.3,1e-08,10,,0,2025,2026,11,cold_start,100.0,1.1,0.1
Classical_ESN,Mackey_Glass_(tau=100),0.00047813433658572084,0.0011843828214788184,2.477092170238813,0.5,1e-08,1,,0,2025,2028,11,cold_start,100.0,1.1,0.1
Classical_ESN,Mackey_Glass_(tau=100),2.9962802856975914e-05,0.00023528322376975279,7.852510490852639,0.5,1e-08,2,,0,2025,2027,11,cold_start,100.0,1.1,0.1
Classical_ESN,Mackey_Glass_(tau=100),5.671575421281774e-05,0.000218505280592484,3.8526381888985246,0.5,1e-08,4,,0,2025,2031,11,cold_start,100.0,1.1,0.1
Classical_ESN,Mackey_Glass_(tau=100),9.122084232895366e-05,0.00010221592369287986,1.1205325568500735,0.5,1e-08,6,,0,2025,2026,11,cold_start,100.0,1.1,0.1
Classical_ESN,Mackey_Glass_(tau=100),0.00020365041903166583,0.00035289377533208945,1.7328408996655078,0.5,1e-08,8,,0,2025,2028,11,cold_start,100.0,1.1,0.1
Classical_ESN,Mackey_Glass_(tau=100),0.0005346694800487389,0.0002903051853036175,0.5429619533868926,0.5,1e-08,10,,0,2025,2032,11,cold_start,100.0,1.1,0.1
Classical_ESN,Mackey_Glass_(tau=100),0.0005051991260959184,0.0006157828324535564,1.2188913255100173,0.7,1e-08,1,,0,2025,2033,11,cold_start,100.0,1.1,0.1
Classical_ESN,Mackey_Glass_(tau=100),3.4185215418549046e-05,9.807991144745277e-05,2.869073962138445,0.7,1e-08,2,,0,2025,2032,11,cold_start,100.0,1.1,0.1
Classical_ESN,Mackey_Glass_(tau=100),5.5017444950885665e-05,0.000390561777447808,7.098871599661968,0.7,1e-08,4,,0,2025,2029,11,cold_start,100.0,1.1,0.1
Classical_ESN,Mackey_Glass_(tau=100),0.00012477161234975364,8.266652456429178e-05,0.6625427291310867,0.7,1e-08,6,,0,2025,2033,11,cold_start,100.0,1.1,0.1
Classical_ESN,Mackey_Glass_(tau=100),0.00020842387036497815,0.0007838510923470297,3.7608508611532896,0.7,1e-08,8,,0,2025,2030,11,cold_start,100.0,1.1,0.1
Classical_ESN,Mackey_Glass_(tau=100),0.00038041542504076495,0.000773826658350109,2.034162148570044,0.7,1e-08,10,,0,2025,2026,11,cold_start,100.0,1.1,0.1
Classical_ESN,Mackey_Glass_(tau=100),0.000464331738602858,0.0006338008062854605,1.3649741199955945,0.9,1e-08,1,,0,2025,2028,11,cold_start,100.0,1.1,0.1
Classical_ESN,Mackey_Glass_(tau=100),4.0642578782084286e-05,8.562649653093194e-05,2.1068175075710767,0.9,1e-08,2,,0,2025,2026,11,cold_start,100.0,1.1,0.1
Classical_ESN,Mackey_Glass_(tau=100),7.818517818261921e-05,0.00028325443150173087,3.6228660992512665,0.9,1e-08,4,,0,2025,2033,11,cold_start,100.0,1.1,0.1
Classical_ESN,Mackey_Glass_(tau=100),0.00010817580213496061,9.253877181798611e-05,0.8554479836676813,0.9,1e-08,6,,0,2025,2029,11,cold_start,100.0,1.1,0.1
Classical_ESN,Mackey_Glass_(tau=100),0.0004962869558115817,0.0006972785292962076,1.4049906432780266,0.9,1e-08,8,,0,2025,2032,11,cold_start,100.0,1.1,0.1
Classical_ESN,Mackey_Glass_(tau=100),0.0007191914551113316,0.0006995902947581469,0.9727455600120409,0.9,1e-08,10,,0,2025,2028,11,cold_start,100.0,1.1,0.1
Classical_ESN,Mackey_Glass_(tau=100),0.03454831159148147,0.1318387271527487,3.816068603053122,0.1,1e-08,1,,0,2025,2030,11,cold_start,100.0,1.1,0.2
Classical_ESN,Mackey_Glass_(tau=100),0.061313282930265584,0.30444929894526884,4.9654705211517225,0.1,1e-08,2,,0,2025,2032,11,cold_start,100.0,1.1,0.2
Classical_ESN,Mackey_Glass_(tau=100),0.005861519149485953,0.047127005512901984,8.040066800265414,0.1,1e-08,4,,0,2025,2027,11,cold_start,100.0,1.1,0.2
Classical_ESN,Mackey_Glass_(tau=100),0.004952294052855999,0.1515105321040608,30.59400966238754,0.1,1e-08,6,,0,2025,2026,11,cold_start,100.0,1.1,0.2
Classical_ESN,Mackey_Glass_(tau=100),0.013140637224738893,0.030462271434782934,2.3181730774390377,0.1,1e-08,8,,0,2025,2026,11,cold_start,100.0,1.1,0.2
Classical_ESN,Mackey_Glass_(tau=100),0.019954485324626917,0.043847425850133764,2.197371926000981,0.1,1e-08,10,,0,2025,2035,11,cold_start,100.0,1.1,0.2
Classical_ESN,Mackey_Glass_(tau=100),0.0007021933627121597,0.0012665928585880123,1.8037664920327778,0.3,1e-08,1,,0,2025,2033,11,cold_start,100.0,1.1,0.2
Classical_ESN,Mackey_Glass_(tau=100),0.00012915727255818227,0.004551880111822552,35.24292532402338,0.3,1e-08,2,,0,2025,2027,11,cold_start,100.0,1.1,0.2
Classical_ESN,Mackey_Glass_(tau=100),0.0002599502654583391,0.00037659048968594717,1.4487020777684159,0.3,1e-08,4,,0,2025,2030,11,cold_start,100.0,1.1,0.2
Classical_ESN,Mackey_Glass_(tau=100),0.0002936949146429219,0.001099022626865011,3.7420553508773446,0.3,1e-08,6,,0,2025,2026,11,cold_start,100.0,1.1,0.2
Classical_ESN,Mackey_Glass_(tau=100),0.0004847716924367176,0.0015276431543878677,3.1512631166830913,0.3,1e-08,8,,0,2025,2031,11,cold_start,100.0,1.1,0.2
Classical_ESN,Mackey_Glass_(tau=100),0.0020979675026708703,0.0023158587914738574,1.1038582764154332,0.3,1e-08,10,,0,2025,2032,11,cold_start,100.0,1.1,0.2
Classical_ESN,Mackey_Glass_(tau=100),0.0004899745162064246,0.00028153364338899544,0.5745883389379913,0.5,1e-08,1,,0,2025,2031,11,cold_start,100.0,1.1,0.2
Classical_ESN,Mackey_Glass_(tau=100),5.0434370543560094e-05,0.0013074202754823868,25.923200019977838,0.5,1e-08,2,,0,2025,2034,11,cold_start,100.0,1.1,0.2
Classical_ESN,Mackey_Glass_(tau=100),9.298643646037551e-05,9.395354650942761e-05,1.0104005496485955,0.5,1e-08,4,,0,2025,2031,11,cold_start,100.0,1.1,0.2
Classical_ESN,Mackey_Glass_(tau=100),8.006967188606222e-05,0.0005630458099090239,7.031948509920567,0.5,1e-08,6,,0,2025,2033,11,cold_start,100.0,1.1,0.2
Classical_ESN,Mackey_Glass_(tau=100),0.00024403224094823184,0.00030502440947575684,1.2499348786477098,0.5,1e-08,8,,0,2025,2035,11,cold_start,100.0,1.1,0.2
Classical_ESN,Mackey_Glass_(tau=100),0.0009569183705874216,0.0004608348207070708,0.48158216507451834,0.5,1e-08,10,,0,2025,2028,11,cold_start,100.0,1.1,0.2
Classical_ESN,Mackey_Glass_(tau=100),0.000397364287575909,0.00017354682248517825,0.4367448910517038,0.7,1e-08,1,,0,2025,2033,11,cold_start,100.0,1.1,0.2
Classical_ESN,Mackey_Glass_(tau=100),3.563030433491722e-05,0.0007388559829588794,20.73672949896222,0.7,1e-08,2,,0,2025,2029,11,cold_start,100.0,1.1,0.2
Classical_ESN,Mackey_Glass_(tau=100),3.514554129604407e-05,6.0806852700635416e-05,1.7301441508166426,0.7,1e-08,4,,0,2025,2026,11,cold_start,100.0,1.1,0.2
Classical_ESN,Mackey_Glass_(tau=100),0.00017588186613981267,0.0008650348882002179,4.918272174304661,0.7,1e-08,6,,0,2025,2032,11,cold_start,100.0,1.1,0.2
Classical_ESN,Mackey_Glass_(tau=100),0.00021995375486822904,0.0005325077958852613,2.42099888771746,0.7,1e-08,8,,0,2025,2033,11,cold_start,100.0,1.1,0.2
Classical_ESN,Mackey_Glass_(tau=100),0.0004670425444725057,0.0006331369589677562,1.3556301593098834,0.7,1e-08,10,,0,2025,2028,11,cold_start,100.0,1.1,0.2
Classical_ESN,Mackey_Glass_(tau=100),0.000255079666210092,0.00026833495680617385,1.0519652969326232,0.9,1e-08,1,,0,2025,2027,11,cold_start,100.0,1.1,0.2
Classical_ESN,Mackey_Glass_(tau=100),6.073831884181828e-05,0.0005846385328762402,9.625530373977309,0.9,1e-08,2,,0,2025,2035,11,cold_start,100.0,1.1,0.2
Classical_ESN,Mackey_Glass_(tau=100),9.86686680756606e-05,0.00024980838730016754,2.5317904069467194,0.9,1e-08,4,,0,2025,2035,11,cold_start,100.0,1.1,0.2
Classical_ESN,Mackey_Glass_(tau=100),0.00015618449157294153,0.00165258907146515,10.581006185837314,0.9,1e-08,6,,0,2025,2032,11,cold_start,100.0,1.1,0.2
Classical_ESN,Mackey_Glass_(tau=100),0.0007300151782768145,0.0004095198721778084,0.5609744624001811,0.9,1e-08,8,,0,2025,2026,11,cold_start,100.0,1.1,0.2
Classical_ESN,Mackey_Glass_(tau=100),0.0015728725450327413,0.002014579352320012,1.2808280993156225,0.9,1e-08,10,,0,2025,2027,11,cold_start,100.0,1.1,0.2
Classical_ESN,Mackey_Glass_(tau=100),0.9773139804717368,9.770308859296831,9.997103340914892,0.1,1e-08,1,,0,2025,2026,11,cold_start,100.0,1.25,0.1
Classical_ESN,Mackey_Glass_(tau=100),0.549405916375708,1.2910644180659376,2.3499281307030024,0.1,1e-08,2,,0,2025,2027,11,cold_start,100.0,1.25,0.1
Classical_ESN,Mackey_Glass_(tau=100),0.12663793270451135,0.4022127189738137,3.1760840562070016,0.1,1e-08,4,,0,2025,2026,11,cold_start,100.0,1.25,0.1
Classical_ESN,Mackey_Glass_(tau=100),0.21523480486553942,0.4016225319980911,1.8659739174107601,0.1,1e-08,6,,0,2025,2026,11,cold_start,100.0,1.25,0.1
Classical_ESN,Mackey_Glass_(tau=100),0.21746823957620942,0.9951554222446252,4.5760954527609705,0.1,1e-08,8,,0,2025,2026,11,cold_start,100.0,1.25,0.1
Classical_ESN,Mackey_Glass_(tau=100),0.20211121470989937,0.4436624780956379,2.195140327727234,0.1,1e-08,10,,0,2025,2034,11,cold_start,100.0,1.25,0.1
Classical_ESN,Mackey_Glass_(tau=100),0.0021334336899579546,0.1803195792361275,84.52082672402216,0.3,1e-08,1,,0,2025,2035,11,cold_start,100.0,1.25,0.1
Classical_ESN,Mackey_Glass_(tau=100),0.0008816313032546817,0.0020891208993105907,2.369608351697892,0.3,1e-08,2,,0,2025,2033,11,cold_start,100.0,1.25,0.1
Classical_ESN,Mackey_Glass_(tau=100),0.0020268975640711094,0.007760967980457375,3.8289887550454904,0.3,1e-08,4,,0,2025,2032,11,cold_start,100.0,1.25,0.1
Classical_ESN,Mackey_Glass_(tau=100),0.001820036349135456,0.0024437248096188077,1.3426791232931217,0.3,1e-08,6,,0,2025,2031,11,cold_start,100.0,1.25,0.1
Classical_ESN,Mackey_Glass_(tau=100),0.002402895784766397,0.042952148040845864,17.875160592959944,0.3,1e-08,8,,0,2025,2032,11,cold_start,100.0,1.25,0.1
Classical_ESN,Mackey_Glass_(tau=100),0.0119552892308898,0.01726766293544581,1.444353423991619,0.3,1e-08,10,,0,2025,2028,11,cold_start,100.0,1.25,0.1
Classical_ESN,Mackey_Glass_(tau=100),0.0009376785399671946,0.07895205552485417,84.19949072057932,0.5,1e-08,1,,0,2025,2034,11,cold_start,100.0,1.25,0.1
Classical_ESN,Mackey_Glass_(tau=100),0.00029047014723483324,0.0028171749515080286,9.698672921560018,0.5,1e-08,2,,0,2025,2035,11,cold_start,100.0,1.25,0.1
Classical_ESN,Mackey_Glass_(tau=100),0.00046064911419746956,0.003327409233719451,7.223305399200372,0.5,1e-08,4,,0,2025,2028,11,cold_start,100.0,1.25,0.1
Classical_ESN,Mackey_Glass_(tau=100),0.0002716686172920409,0.0011248520561383272,4.14052998594653,0.5,1e-08,6,,0,2025,2029,11,cold_start,100.0,1.25,0.1
Classical_ESN,Mackey_Glass_(tau=100),0.0008059542075614375,0.0234550896330876,29.102260913874105,0.5,1e-08,8,,0,2025,2029,11,cold_start,100.0,1.25,0.1
Classical_ESN,Mackey_Glass_(tau=100),0.002333453466039329,0.03821085658470719,16.37523830700773,0.5,1e-08,10,,0,2025,2028,11,cold_start,100.0,1.25,0.1
Classical_ESN,Mackey_Glass_(tau=100),0.0010376137434167292,0.0069039860348370456,6.653714909464386,0.7,1e-08,1,,0,2025,2028,11,cold_start,100.0,1.25,0.1
Classical_ESN,Mackey_Glass_(tau=100),0.00048638373971582614,0.0012917477774836263,2.6558202341187247,0.7,1e-08,2,,0,2025,2032,11,cold_start,100.0,1.25,0.1
Classical_ESN,Mackey_Glass_(tau=100),0.00045386348150120294,0.0042471601767650625,9.357792265456382,0.7,1e-08,4,,0,2025,2028,11,cold_start,100.0,1.25,0.1
Classical_ESN,Mackey_Glass_(tau=100),0.00046933912138695527,0.0011210842170830458,2.388644300032145,0.7,1e-08,6,,0,2025,2034,11,cold_start,100.0,1.25,0.1
Classical_ESN,Mackey_Glass_(tau=100),0.0004600947881888059,0.013020858072419993,28.30038158805814,0.7,1e-08,8,,0,2025,2027,11,cold_start,100.0,1.25,0.1
Classical_ESN,Mackey_Glass_(tau=100),0.0006328947696035335,0.00538599141179452,8.510089939862334,0.7,1e-08,10,,0,2025,2026,11,cold_start,100.0,1.25,0.1
Classical_ESN,Mackey_Glass_(tau=100),0.0011494971285876611,0.019348947029738807,16.832531851133936,0.9,1e-08,1,,0,2025,2029,11,cold_start,100.0,1.25,0.1
Classical_ESN,Mackey_Glass_(tau=100),0.0009481930024105276,0.0032228475762349404,3.398936258801437,0.9,1e-08,2,,0,2025,2025,11,cold_start,100.0,1.25,0.1
Classical_ESN,Mackey_Glass_(tau=100),0.0003166512694407328,0.0020725099642634184,6.5450865487571575,0.9,1e-08,4,,0,2025,2027,11,cold_start,100.0,1.25,0.1
Classical_ESN,Mackey_Glass_(tau=100),0.0007713550040058682,0.0010972302211934607,1.4224711261289924,0.9,1e-08,6,,0,2025,2035,11,cold_start,100.0,1.25,0.1
Classical_ESN,Mackey_Glass_(tau=100),0.001059182407994679,0.011253185056006712,10.624407062530485,0.9,1e-08,8,,0,2025,2032,11,cold_start,100.0,1.25,0.1
Classical_ESN,Mackey_Glass_(tau=100),0.001444360416824028,0.04123496884772943,28.548946902325174,0.9,1e-08,10,,0,2025,2028,11,cold_start,100.0,1.25,0.1
Classical_ESN,Mackey_Glass_(tau=100),1.4472751405903408,5.919091308446142,4.089817576795906,0.1,1e-08,1,,0,2025,2027,11,cold_start,100.0,1.25,0.2
Classical_ESN,Mackey_Glass_(tau=100),0.7841402002051662,7.874701433882813,10.042466171001612,0.1,1e-08,2,,0,2025,2027,11,cold_start,100.0,1.25,0.2
Classical_ESN,Mackey_Glass_(tau=100),0.3052443391692813,5.412739305480489,17.732480543983854,0.1,1e-08,4,,0,2025,2027,11,cold_start,100.0,1.25,0.2
Classical_ESN,Mackey_Glass_(tau=100),0.23263624842089697,2.4471910640583645,10.519388447284388,0.1,1e-08,6,,0,2025,2032,11,cold_start,100.0,1.25,0.2
Classical_ESN,Mackey_Glass_(tau=100),0.3305092204939933,0.7512706525221313,2.2730701775861197,0.1,1e-08,8,,0,2025,2026,11,cold_start,100.0,1.25,0.2
Classical_ESN,Mackey_Glass_(tau=100),0.19921412156376384,0.4097505823101666,2.05683502300822,0.1,1e-08,10,,0,2025,2031,11,cold_start,100.0,1.25,0.2
Classical_ESN,Mackey_Glass_(tau=100),0.004822149251287843,0.05867704475665385,12.168234888412686,0.3,1e-08,1,,0,2025,2034,11,cold_start,100.0,1.25,0.2
Classical_ESN,Mackey_Glass_(tau=100),0.0007387967404854068,0.08444817178712292,114.30501403083952,0.3,1e-08,2,,0,2025,2027,11,cold_start,100.0,1.25,0.2
Classical_ESN,Mackey_Glass_(tau=100),0.005195828384361572,0.02694120626088863,5.1851609152404645,0.3,1e-08,4,,0,2025,2035,11,cold_start,100.0,1.25,0.2
Classical_ESN,Mackey_Glass_(tau=100),0.0009543774828370577,0.003991045345488882,4.181831002157328,0.3,1e-08,6,,0,2025,2026,11,cold_start,100.0,1.25,0.2
Classical_ESN,Mackey_Glass_(tau=100),0.0036485939455309464,0.02086865941779632,5.719644260046453,0.3,1e-08,8,,0,2025,2033,11,cold_start,100.0,1.25,0.2
Classical_ESN,Mackey_Glass_(tau=100),0.0049082429632218115,0.007887842676031199,1.6070603544152087,0.3,1e-08,10,,0,2025,2027,11,cold_start,100.0,1.25,0.2
Classical_ESN,Mackey_Glass_(tau=100),0.0007776755124257516,0.038619653623319074,49.66036991811064,0.5,1e-08,1,,0,2025,2031,11,cold_start,100.0,1.25,0.2
Classical_ESN,Mackey_Glass_(tau=100),0.0006593799589521415,0.00514511455562224,7.802958651941191,0.5,1e-08,2,,0,2025,2027,11,cold_start,100.0,1.25,0.2
Classical_ESN,Mackey_Glass_(tau=100),0.0003466906140028284,0.002480561818432025,7.154972526633755,0.5,1e-08,4,,0,2025,2035,11,cold_start,100.0,1.25,0.2
Classical_ESN,Mackey_Glass_(tau=100),0.0003967021371401588,0.0022072320362980205,5.563952975423935,0.5,1e-08,6,,0,2025,2028,11,cold_start,100.0,1.25,0.2
Classical_ESN,Mackey_Glass_(tau=100),0.0017691916628042145,0.023285196021354513,13.161488667907735,0.5,1e-08,8,,0,2025,2034,11,cold_start,100.0,1.25,0.2
Classical_ESN,Mackey_Glass_(tau=100),0.003407085922072734,0.004376364864779697,1.2844891396567109,0.5,1e-08,10,,0,2025,2031,11,cold_start,100.0,1.25,0.2
Classical_ESN,Mackey_Glass_(tau=100),0.0013149675432254258,0.04037257030875851,30.70233217295266,0.7,1e-08,1,,0,2025,2031,11,cold_start,100.0,1.25,0.2
Classical_ESN,Mackey_Glass_(tau=100),0.0011148782239431725,0.004451550987131437,3.9928584947931864,0.7,1e-08,2,,0,2025,2025,11,cold_start,100.0,1.25,0.2
Classical_ESN,Mackey_Glass_(tau=100),0.0005777240880415933,0.0027522790049416494,4.76400250900305,0.7,1e-08,4,,0,2025,2025,11,cold_start,100.0,1.25,0.2
Classical_ESN,Mackey_Glass_(tau=100),0.0004293865479975891,0.005412632652804305,12.605501215736027,0.7,1e-08,6,,0,2025,2033,11,cold_start,100.0,1.25,0.2
Classical_ESN,Mackey_Glass_(tau=100),0.0021989851204704445,0.002601071056988115,1.1828506854251244,0.7,1e-08,8,,0,2025,2026,11,cold_start,100.0,1.25,0.2
Classical_ESN,Mackey_Glass_(tau=100),0.002027815233555529,0.003240308958423187,1.5979310663041506,0.7,1e-08,10,,0,2025,2026,11,cold_start,100.0,1.25,0.2
Classical_ESN,Mackey_Glass_(tau=100),0.0010766171679763906,0.0039793300949455615,3.6961421509050516,0.9,1e-08,1,,0,2025,2030,11,cold_start,100.0,1.25,0.2
Classical_ESN,Mackey_Glass_(tau=100),0.0010840296669713395,0.04395873215284124,40.55122612617894,0.9,1e-08,2,,0,2025,2025,11,cold_start,100.0,1.25,0.2
Classical_ESN,Mackey_Glass_(tau=100),0.0010069032927295443,0.0070013728653089006,6.953371704972147,0.9,1e-08,4,,0,2025,2033,11,cold_start,100.0,1.25,0.2
Classical_ESN,Mackey_Glass_(tau=100),0.000622858787350262,0.0017881039257722667,2.8708014755304943,0.9,1e-08,6,,0,2025,2029,11,cold_start,100.0,1.25,0.2
Classical_ESN,Mackey_Glass_(tau=100),0.001228866086544168,0.0038916641821874613,3.166874100278612,0.9,1e-08,8,,0,2025,2033,11,cold_start,100.0,1.25,0.2
Classical_ESN,Mackey_Glass_(tau=100),0.0023120390807586863,0.007203919574969894,3.1158295008603214,0.9,1e-08,10,,0,2025,2031,11,cold_start,100.0,1.25,0.2
Classical_ESN,Mackey_Glass_(tau=100),0.0011802499427516061,0.0002538265020161508,0.2150616516230332,0.1,1e-08,1,,0,2025,2030,11,cold_start,150.0,0.9,0.1
Classical_ESN,Mackey_Glass_(tau=100),0.0007862437051754131,0.0004334690778501619,0.5513164366173892,0.1,1e-08,2,,0,2025,2030,11,cold_start,150.0,0.9,0.1
Classical_ESN,Mackey_Glass_(tau=100),0.0012351482925473715,0.0005536538537192868,0.4482488921046317,0.1,1e-08,4,,0,2025,2035,11,cold_start,150.0,0.9,0.1
Classical_ESN,Mackey_Glass_(tau=100),0.0029754009209259323,0.0018294135126948263,0.6148460531246729,0.1,1e-08,6,,0,2025,2027,11,cold_start,150.0,0.9,0.1
Classical_ESN,Mackey_Glass_(tau=100),0.0052029340195606085,0.005407114493576583,1.0392433333285316,0.1,1e-08,8,,0,2025,2027,11,cold_start,150.0,0.9,0.1
Classical_ESN,Mackey_Glass_(tau=100),0.010009677663619843,0.016099874448986477,1.6084308596171326,0.1,1e-08,10,,0,2025,2034,11,cold_start,150.0,0.9,0.1
Classical_ESN,Mackey_Glass_(tau=100),0.00029607169362276574,4.607541246948756e-05,0.1556224842223306,0.3,1e-08,1,,0,2025,2034,11,cold_start,150.0,0.9,0.1
Classical_ESN,Mackey_Glass_(tau=100),1.6508731438218568e-05,2.893498496412315e-06,0.17527079577499916,0.3,1e-08,2,,0,2025,2034,11,cold_start,150.0,0.9,0.1
Classical_ESN,Mackey_Glass_(tau=100),5.016327799943465e-05,7.553245122841352e-05,1.5057319665047564,0.3,1e-08,4,,0,2025,2027,11,cold_start,150.0,0.9,0.1
Classical_ESN,Mackey_Glass_(tau=100),0.00027755243715161826,0.0005321646387208993,1.9173481025143884,0.3,1e-08,6,,0,2025,2032,11,cold_start,150.0,0.9,0.1
Classical_ESN,Mackey_Glass_(tau=100),0.0005390223997826435,0.0004787410133657741,0.8881653407331914,0.3,1e-08,8,,0,2025,2031,11,cold_start,150.0,0.9,0.1
Classical_ESN,Mackey_Glass_(tau=100),0.000980419418487699,0.0013168642653669722,1.3431642014988245,0.3,1e-08,10,,0,2025,2030,11,cold_start,150.0,0.9,0.1
Classical_ESN,Mackey_Glass_(tau=100),0.0003545220117872635,9.7357283280063e-05,0.27461562341151263,0.5,1e-08,1,,0,2025,2033,11,cold_start,150.0,0.9,0.1
Classical_ESN,Mackey_Glass_(tau=100),2.5659403666825948e-05,1.1999856046099082e-06,0.04676591943410296,0.5,1e-08,2,,0,2025,2029,11,cold_start,150.0,0.9,0.1
Classical_ESN,Mackey_Glass_(tau=100),7.693192781122425e-05,5.2094532858323187e-05,0.6771510131158143,0.5,1e-08,4,,0,2025,2032,11,cold_start,150.0,0.9,0.1
Classical_ESN,Mackey_Glass_(tau=100),0.00028296048962871026,0.00020862422218912767,0.737290999400221,0.5,1e-08,6,,0,2025,2030,11,cold_start,150.0,0.9,0.1
Classical_ESN,Mackey_Glass_(tau=100),0.0005004356005262998,0.0006965449677028698,1.3918773304103964,0.5,1e-08,8,,0,2025,2032,11,cold_start,150.0,0.9,0.1
Classical_ESN,Mackey_Glass_(tau=100),0.0004651743443596273,0.0008564342298989,1.8411037502033623,0.5,1e-08,10,,0,2025,2031,11,cold_start,150.0,0.9,0.1
Classical_ESN,Mackey_Glass_(tau=100),0.0004541728015229208,0.00016843376980779523,0.37085833683348574,0.7,1e-08,1,,0,2025,2033,11,cold_start,150.0,0.9,0.1
Classical_ESN,Mackey_Glass_(tau=100),3.0217913665181895e-05,2.2697973431518294e-06,0.07511429704583368,0.7,1e-08,2,,0,2025,2026,11,cold_start,150.0,0.9,0.1
Classical_ESN,Mackey_Glass_(tau=100),0.00013096544318339388,0.00013220654441688318,1.009476555061562,0.7,1e-08,4,,0,2025,2034,11,cold_start,150.0,0.9,0.1
Classical_ESN,Mackey_Glass_(tau=100),0.0009663289854589236,0.000663214758792122,0.6863239836246366,0.7,1e-08,6,,0,2025,2033,11,cold_start,150.0,0.9,0.1
Classical_ESN,Mackey_Glass_(tau=100),0.000786958747425925,0.00172689236990643,2.1943874130060155,0.7,1e-08,8,,0,2025,2035,11,cold_start,150.0,0.9,0.1
Classical_ESN,Mackey_Glass_(tau=100),0.0015026982469081738,0.0013812618616425999,0.9191877773761756,0.7,1e-08,10,,0,2025,2033,11,cold_start,150.0,0.9,0.1
Classical_ESN,Mackey_Glass_(tau=100),0.0006897588930790185,0.0002715685141696192,0.39371513277250114,0.9,1e-08,1,,0,2025,2029,11,cold_start,150.0,0.9,0.1
Classical_ESN,Mackey_Glass_(tau=100),3.7033896439115575e-05,7.365419622992253e-06,0.19888319434875404,0.9,1e-08,2,,0,2025,2031,11,cold_start,150.0,0.9,0.1
Classical_ESN,Mackey_Glass_(tau=100),0.0003642911459359893,0.00029817494305298635,0.8185072472372951,0.9,1e-08,4,,0,2025,2029,11,cold_start,150.0,0.9,0.1
Classical_ESN,Mackey_Glass_(tau=100),0.0009871625425847796,0.0006569652174650059,0.6655086565023148,0.9,1e-08,6,,0,2025,2035,11,cold_start,150.0,0.9,0.1
Classical_ESN,Mackey_Glass_(tau=100),0.0021424027687768146,0.0023186314180553406,1.0822574783074717,0.9,1e-08,8,,0,2025,2029,11,cold_start,150.0,0.9,0.1
Classical_ESN,Mackey_Glass_(tau=100),0.0028937226154081763,0.004646734140877347,1.605798052700327,0.9,1e-08,10,,0,2025,2030,11,cold_start,150.0,0.9,0.1
Classical_ESN,Mackey_Glass_(tau=100),0.0011097195898302843,0.0002872578771284899,0.2588562730269742,0.1,1e-08,1,,0,2025,2031,11,cold_start,150.0,0.9,0.2
Classical_ESN,Mackey_Glass_(tau=100),0.0008118919113556574,0.00043186776236840306,0.5319276572755742,0.1,1e-08,2,,0,2025,2030,11,cold_start,150.0,0.9,0.2
Classical_ESN,Mackey_Glass_(tau=100),0.0006614847057279744,0.0006929693639285253,1.0475969556482816,0.1,1e-08,4,,0,2025,2034,11,cold_start,150.0,0.9,0.2
Classical_ESN,Mackey_Glass_(tau=100),0.0023748809292385878,0.002519000843111779,1.0606851114507867,0.1,1e-08,6,,0,2025,2035,11,cold_start,150.0,0.9,0.2
Classical_ESN,Mackey_Glass_(tau=100),0.004052073690671788,0.009107739800720232,2.247673782855186,0.1,1e-08,8,,0,2025,2032,11,cold_start,150.0,0.9,0.2
Classical_ESN,Mackey_Glass_(tau=100),0.018598431725503753,0.010704041990587911,0.5755346552101819,0.1,1e-08,10,,0,2025,2034,11,cold_start,150.0,0.9,0.2
Classical_ESN,Mackey_Glass_(tau=100),0.000301283980124692,6.353770888171625e-05,0.21088976870067896,0.3,1e-08,1,,0,2025,2030,11,cold_start,150.0,0.9,0.2
Classical_ESN,Mackey_Glass_(tau=100),1.666711917793525e-05,5.004241677111512e-06,0.30024634873532147,0.3,1e-08,2,,0,2025,2032,11,cold_start,150.0,0.9,0.2
Classical_ESN,Mackey_Glass_(tau=100),7.25598085080475e-05,6.645471417862116e-05,0.9158612122198583,0.3,1e-08,4,,0,2025,2035,11,cold_start,150.0,0.9,0.2
Classical_ESN,Mackey_Glass_(tau=100),0.00023433505357655106,0.000364269634089798,1.554482048375237,0.3,1e-08,6,,0,2025,2034,11,cold_start,150.0,0.9,0.2
Classical_ESN,Mackey_Glass_(tau=100),0.000718167791687567,0.0006637665858270187,0.9242500060707052,0.3,1e-08,8,,0,2025,2033,11,cold_start,150.0,0.9,0.2
Classical_ESN,Mackey_Glass_(tau=100),0.0017213909765340224,0.0027193677455218156,1.5797502035227315,0.3,1e-08,10,,0,2025,2030,11,cold_start,150.0,0.9,0.2
Classical_ESN,Mackey_Glass_(tau=100),0.0003552739166963498,0.0001286438002002438,0.362097508864392,0.5,1e-08,1,,0,2025,2032,11,cold_start,150.0,0.9,0.2
Classical_ESN,Mackey_Glass_(tau=100),2.6461188556308353e-05,1.2910525630996022e-06,0.04879042225757523,0.5,1e-08,2,,0,2025,2035,11,cold_start,150.0,0.9,0.2
Classical_ESN,Mackey_Glass_(tau=100),7.293818424153025e-05,7.415413879232527e-05,1.0166710285351834,0.5,1e-08,4,,0,2025,2028,11,cold_start,150.0,0.9,0.2
Classical_ESN,Mackey_Glass_(tau=100),0.0003282817921562738,0.00018208825161685418,0.5546705786538831,0.5,1e-08,6,,0,2025,2026,11,cold_start,150.0,0.9,0.2
Classical_ESN,Mackey_Glass_(tau=100),0.00047512326348468864,0.000613566909543664,1.2913846925608112,0.5,1e-08,8,,0,2025,2028,11,cold_start,150.0,0.9,0.2
Classical_ESN,Mackey_Glass_(tau=100),0.0014126505335098028,0.0010997716167528,0.7785164063332499,0.5,1e-08,10,,0,2025,2035,11,cold_start,150.0,0.9,0.2
Classical_ESN,Mackey_Glass_(tau=100),0.0004813373447493483,0.00018459713771597864,0.3835088628165882,0.7,1e-08,1,,0,2025,2033,11,cold_start,150.0,0.9,0.2
Classical_ESN,Mackey_Glass_(tau=100),3.091312565393847e-05,2.4357421046475657e-06,0.07879313570277037,0.7,1e-08,2,,0,2025,2026,11,cold_start,150.0,0.9,0.2
Classical_ESN,Mackey_Glass_(tau=100),0.00021042304497106062,0.0001228739331708436,0.5839376252146831,0.7,1e-08,4,,0,2025,2035,11,cold_start,150.0,0.9,0.2
Classical_ESN,Mackey_Glass_(tau=100),0.00025540271082400735,0.000444329381224521,1.7397206936096268,0.7,1e-08,6,,0,2025,2032,11,cold_start,150.0,0.9,0.2
Classical_ESN,Mackey_Glass_(tau=100),0.0019495145004500454,0.00231528013492312,1.187618832477849,0.7,1e-08,8,,0,2025,2025,11,cold_start,150.0,0.9,0.2
Classical_ESN,Mackey_Glass_(tau=100),0.0024012613071108142,0.0016676387901931426,0.6944845133075656,0.7,1e-08,10,,0,2025,2026,11,cold_start,150.0,0.9,0.2
Classical_ESN,Mackey_Glass_(tau=100),0.0006433333728322503,0.0002430939168035643,0.37786616872268375,0.9,1e-08,1,,0,2025,2026,11,cold_start,150.0,0.9,0.2
Classical_ESN,Mackey_Glass_(tau=100),3.48488521933226e-05,4.615183351749434e-06,0.13243430016423186,0.9,1e-08,2,,0,2025,2027,11,cold_start,150.0,0.9,0.2
Classical_ESN,Mackey_Glass_(tau=100),0.0004426395761713911,0.00038744263369665667,0.875300480467291,0.9,1e-08,4,,0,2025,2028,11,cold_start,150.0,0.9,0.2
Classical_ESN,Mackey_Glass_(tau=100),0.0009107879457353603,0.0007290173872731195,0.8004249404997547,0.9,1e-08,6,,0,2025,2026,11,cold_start,150.0,0.9,0.2
Classical_ESN,Mackey_Glass_(tau=100),0.0031037002102180943,0.0032954802917220666,1.061790787935184,0.9,1e-08,8,,0,2025,2033,11,cold_start,150.0,0.9,0.2
Classical_ESN,Mackey_Glass_(tau=100),0.0030589940418243576,0.0021673195573266007,0.708507283013219,0.9,1e-08,10,,0,2025,2035,11,cold_start,150.0,0.9,0.2
Classical_ESN,Mackey_Glass_(tau=100),0.12030690980618902,3.0459614943545823,25.31825893676048,0.1,1e-08,1,,0,2025,2031,11,cold_start,150.0,1.1,0.1
Classical_ESN,Mackey_Glass_(tau=100),1.9141647136818072,3.331204499515064,1.7402914575243875,0.1,1e-08,2,,0,2025,2027,11,cold_start,150.0,1.1,0.1
Classical_ESN,Mackey_Glass_(tau=100),0.22489591414151358,0.47466923838596153,2.110617439173575,0.1,1e-08,4,,0,2025,2033,11,cold_start,150.0,1.1,0.1
Classical_ESN,Mackey_Glass_(tau=100),0.4005256804443907,0.4459441275582111,1.1133970912013127,0.1,1e-08,6,,0,2025,2034,11,cold_start,150.0,1.1,0.1
Classical_ESN,Mackey_Glass_(tau=100),0.07553957760801021,0.37674609816354765,4.987400116513195,0.1,1e-08,8,,0,2025,2025,11,cold_start,150.0,1.1,0.1
Classical_ESN,Mackey_Glass_(tau=100),0.09691039408187262,0.48846983051157167,5.040427656283171,0.1,1e-08,10,,0,2025,2033,11,cold_start,150.0,1.1,0.1
Classical_ESN,Mackey_Glass_(tau=100),0.003061027100500232,0.00484884589610141,1.5840584669469322,0.3,1e-08,1,,0,2025,2029,11,cold_start,150.0,1.1,0.1
Classical_ESN,Mackey_Glass_(tau=100),0.0012880539110595858,0.010875996255936958,8.443743047206842,0.3,1e-08,2,,0,2025,2031,11,cold_start,150.0,1.1,0.1
Classical_ESN,Mackey_Glass_(tau=100),0.0005102127165389865,0.0017280821967635411,3.3869837829326124,0.3,1e-08,4,,0,2025,2029,11,cold_start,150.0,1.1,0.1
Classical_ESN,Mackey_Glass_(tau=100),0.0005911255354965125,0.004899276174376162,8.288046920965854,0.3,1e-08,6,,0,2025,2027,11,cold_start,150.0,1.1,0.1
Classical_ESN,Mackey_Glass_(tau=100),0.0012218042468863678,0.0025006742188123134,2.0467061112162632,0.3,1e-08,8,,0,2025,2031,11,cold_start,150.0,1.1,0.1
Classical_ESN,Mackey_Glass_(tau=100),0.001190516467435474,0.004985006687205508,4.187263951034508,0.3,1e-08,10,,0,2025,2025,11,cold_start,150.0,1.1,0.1
Classical_ESN,Mackey_Glass_(tau=100),0.0008753406062061291,0.003205766578328731,3.662307626996825,0.5,1e-08,1,,0,2025,2029,11,cold_start,150.0,1.1,0.1
Classical_ESN,Mackey_Glass_(tau=100),0.00013302936291598468,0.0004910800268003457,3.6915160385342114,0.5,1e-08,2,,0,2025,2027,11,cold_start,150.0,1.1,0.1
Classical_ESN,Mackey_Glass_(tau=100),0.00010594754577237336,0.0002569173981400238,2.4249490280030344,0.5,1e-08,4,,0,2025,2035,11,cold_start,150.0,1.1,0.1
Classical_ESN,Mackey_Glass_(tau=100),0.00012457788315103514,0.00016353571111914008,1.3127186542483904,0.5,1e-08,6,,0,2025,2028,11,cold_start,150.0,1.1,0.1
Classical_ESN,Mackey_Glass_(tau=100),0.00037002408407268327,0.0006121455757892183,1.6543398176994757,0.5,1e-08,8,,0,2025,2034,11,cold_start,150.0,1.1,0.1
Classical_ESN,Mackey_Glass_(tau=100),0.0005442512607289256,0.0005996238167728987,1.1017407951794391,0.5,1e-08,10,,0,2025,2032,11,cold_start,150.0,1.1,0.1
Classical_ESN,Mackey_Glass_(tau=100),0.0004056506502459517,0.00252483781088586,6.224168035611468,0.7,1e-08,1,,0,2025,2029,11,cold_start,150.0,1.1,0.1
Classical_ESN,Mackey_Glass_(tau=100),5.576032085390321e-05,0.000647950304576264,11.620275756194964,0.7,1e-08,2,,0,2025,2027,11,cold_start,150.0,1.1,0.1
Classical_ESN,Mackey_Glass_(tau=100),0.00011001423432263675,0.0002402374336934832,2.183694093520146,0.7,1e-08,4,,0,2025,2034,11,cold_start,150.0,1.1,0.1
Classical_ESN,Mackey_Glass_(tau=100),0.00023452013035483955,0.00016091893205780487,0.6861625559150392,0.7,1e-08,6,,0,2025,2032,11,cold_start,150.0,1.1,0.1
Classical_ESN,Mackey_Glass_(tau=100),0.00019927978378388958,0.00022180848739289806,1.1130506225028822,0.7,1e-08,8,,0,2025,2026,11,cold_start,150.0,1.1,0.1
Classical_ESN,Mackey_Glass_(tau=100),0.0007505974947329091,0.0010727140454094566,1.4291468502584979,0.7,1e-08,10,,0,2025,2030,11,cold_start,150.0,1.1,0.1
Classical_ESN,Mackey_Glass_(tau=100),0.00047182237174885343,0.0011660800341443992,2.4714386259859094,0.9,1e-08,1,,0,2025,2025,11,cold_start,150.0,1.1,0.1
Classical_ESN,Mackey_Glass_(tau=100),7.768687253970683e-05,0.000127720097201543,1.6440370557620723,0.9,1e-08,2,,0,2025,2027,11,cold_start,150.0,1.1,0.1
Classical_ESN,Mackey_Glass_(tau=100),0.0001385356832653155,0.0003878971536307092,2.7999800808563604,0.9,1e-08,4,,0,2025,2034,11,cold_start,150.0,1.1,0.1
Classical_ESN,Mackey_Glass_(tau=100),0.00021285283965988245,0.0002914902859009524,1.3694451357413167,0.9,1e-08,6,,0,2025,2026,11,cold_start,150.0,1.1,0.1
Classical_ESN,Mackey_Glass_(tau=100),0.00027624983611131447,0.0009665544783987856,3.4988418165407125,0.9,1e-08,8,,0,2025,2029,11,cold_start,150.0,1.1,0.1
Classical_ESN,Mackey_Glass_(tau=100),0.0009610565121061935,0.0024530995801458136,2.552502947792059,0.9,1e-08,10,,0,2025,2029,11,cold_start,150.0,1.1,0.1
Classical_ESN,Mackey_Glass_(tau=100),0.25158217833773544,1.904490651106473,7.570053903221227,0.1,1e-08,1,,0,2025,2028,11,cold_start,150.0,1.1,0.2
Classical_ESN,Mackey_Glass_(tau=100),0.4591597502511143,4.593092798196711,10.003256591381867,0.1,1e-08,2,,0,2025,2030,11,cold_start,150.0,1.1,0.2
Classical_ESN,Mackey_Glass_(tau=100),0.1632419956972891,0.24614625943242646,1.507861125937669,0.1,1e-08,4,,0,2025,2027,11,cold_start,150.0,1.1,0.2
Classical_ESN,Mackey_Glass_(tau=100),0.0753612411350763,0.12090312982057182,1.604314472526626,0.1,1e-08,6,,0,2025,2029,11,cold_start,150.0,1.1,0.2
Classical_ESN,Mackey_Glass_(tau=100),0.07645107019587101,0.08414929543885633,1.1006948002593309,0.1,1e-08,8,,0,2025,2034,11,cold_start,150.0,1.1,0.2
Classical_ESN,Mackey_Glass_(tau=100),0.05365192797480018,0.37392027843488396,6.969372631129135,0.1,1e-08,10,,0,2025,2031,11,cold_start,150.0,1.1,0.2
Classical_ESN,Mackey_Glass_(tau=100),0.0019507273300775646,0.003542025896613758,1.8157462819126649,0.3,1e-08,1,,0,2025,2035,11,cold_start,150.0,1.1,0.2
Classical_ESN,Mackey_Glass_(tau=100),0.0009265821593716569,0.007442742790066352,8.032469344233325,0.3,1e-08,2,,0,2025,2031,11,cold_start,150.0,1.1,0.2
Classical_ESN,Mackey_Glass_(tau=100),0.00042991122023652915,0.0010552514471081904,2.4545799165874542,0.3,1e-08,4,,0,2025,2028,11,cold_start,150.0,1.1,0.2
Classical_ESN,Mackey_Glass_(tau=100),0.0005374503057191472,0.0007929336784985317,1.475361852176322,0.3,1e-08,6,,0,2025,2027,11,cold_start,150.0,1.1,0.2
Classical_ESN,Mackey_Glass_(tau=100),0.000758774383717255,0.0023465860557961575,3.0926005228328517,0.3,1e-08,8,,0,2025,2026,11,cold_start,150.0,1.1,0.2
Classical_ESN,Mackey_Glass_(tau=100),0.0010860297994142133,0.0015837419564955625,1.458285911997817,0.3,1e-08,10,,0,2025,2034,11,cold_start,150.0,1.1,0.2
Classical_ESN,Mackey_Glass_(tau=100),0.0006173238255546269,0.004970216822496073,8.051231163855768,0.5,1e-08,1,,0,2025,2033,11,cold_start,150.0,1.1,0.2
Classical_ESN,Mackey_Glass_(tau=100),4.5819263786308575e-05,0.00048309017542313726,10.543385805502428,0.5,1e-08,2,,0,2025,2031,11,cold_start,150.0,1.1,0.2
Classical_ESN,Mackey_Glass_(tau=100),0.00015893607108879556,0.00035799464079115184,2.2524442584914834,0.5,1e-08,4,,0,2025,2033,11,cold_start,150.0,1.1,0.2
Classical_ESN,Mackey_Glass_(tau=100),0.00014516736538646178,0.00018000430870839792,1.239977788597278,0.5,1e-08,6,,0,2025,2030,11,cold_start,150.0,1.1,0.2
Classical_ESN,Mackey_Glass_(tau=100),0.0003609507939265177,0.0006469681984372101,1.7923999872650778,0.5,1e-08,8,,0,2025,2035,11,cold_start,150.0,1.1,0.2
Classical_ESN,Mackey_Glass_(tau=100),0.0006368503152207138,0.0009484231208374135,1.489240247150883,0.5,1e-08,10,,0,2025,2035,11,cold_start,150.0,1.1,0.2
Classical_ESN,Mackey_Glass_(tau=100),0.0005479947466369127,0.000889498661895742,1.6231883012650503,0.7,1e-08,1,,0,2025,2031,11,cold_start,150.0,1.1,0.2
Classical_ESN,Mackey_Glass_(tau=100),4.624458298573297e-05,0.00010237497607141374,2.2137722834044733,0.7,1e-08,2,,0,2025,2033,11,cold_start,150.0,1.1,0.2
Classical_ESN,Mackey_Glass_(tau=100),6.70510971853814e-05,0.00015734749258572902,2.346680355590575,0.7,1e-08,4,,0,2025,2033,11,cold_start,150.0,1.1,0.2
Classical_ESN,Mackey_Glass_(tau=100),0.0001239740057070612,0.00015292112422820927,1.2334934517607452,0.7,1e-08,6,,0,2025,2033,11,cold_start,150.0,1.1,0.2
Classical_ESN,Mackey_Glass_(tau=100),0.0002742031546953356,0.0007032643217707807,2.5647564943305294,0.7,1e-08,8,,0,2025,2030,11,cold_start,150.0,1.1,0.2
Classical_ESN,Mackey_Glass_(tau=100),0.0009364802802882099,0.0006999187153144706,0.7473929030294846,0.7,1e-08,10,,0,2025,2031,11,cold_start,150.0,1.1,0.2
Classical_ESN,Mackey_Glass_(tau=100),0.0005299635296361887,0.0007777129364165897,1.4674838794104887,0.9,1e-08,1,,0,2025,2033,11,cold_start,150.0,1.1,0.2
Classical_ESN,Mackey_Glass_(tau=100),5.2754696427984275e-05,0.00012163737873980527,2.305716589723023,0.9,1e-08,2,,0,2025,2028,11,cold_start,150.0,1.1,0.2
Classical_ESN,Mackey_Glass_(tau=100),0.00011017984592745386,0.00034088519612004476,3.093897919810989,0.9,1e-08,4,,0,2025,2033,11,cold_start,150.0,1.1,0.2
Classical_ESN,Mackey_Glass_(tau=100),0.00021924071149255172,0.0006899736846954507,3.147105662986736,0.9,1e-08,6,,0,2025,2033,11,cold_start,150.0,1.1,0.2
Classical_ESN,Mackey_Glass_(tau=100),0.0003711554330188618,0.0013668202567144571,3.6826087809012256,0.9,1e-08,8,,0,2025,2032,11,cold_start,150.0,1.1,0.2
Classical_ESN,Mackey_Glass_(tau=100),0.0006390026833775265,0.0007542940188236327,1.180423867450321,0.9,1e-08,10,,0,2025,2032,11,cold_start,150.0,1.1,0.2
Classical_ESN,Mackey_Glass_(tau=100),29.8709804308991,79.13373322020013,2.6491843280223475,0.1,1e-08,1,,0,2025,2031,11,cold_start,150.0,1.25,0.1
Classical_ESN,Mackey_Glass_(tau=100),12.800730471467022,13.876132339065501,1.0840109765607175,0.1,1e-08,2,,0,2025,2027,11,cold_start,150.0,1.25,0.1
Classical_ESN,Mackey_Glass_(tau=100),5.482721968131046,23.820033950362546,4.344563537749906,0.1,1e-08,4,,0,2025,2026,11,cold_start,150.0,1.25,0.1
Classical_ESN,Mackey_Glass_(tau=100),5.857185420894892,5.135855535312853,0.8768470120463029,0.1,1e-08,6,,0,2025,2031,11,cold_start,150.0,1.25,0.1
Classical_ESN,Mackey_Glass_(tau=100),1.4232262351980784,0.831422891987483,0.5841818197454526,0.1,1e-08,8,,0,2025,2026,11,cold_start,150.0,1.25,0.1
Classical_ESN,Mackey_Glass_(tau=100),2.6422563579305085,2.6198919593002765,0.9915358710130048,0.1,1e-08,10,,0,2025,2025,11,cold_start,150.0,1.25,0.1
Classical_ESN,Mackey_Glass_(tau=100),0.05037772444091823,19.216520210133115,381.44875385687146,0.3,1e-08,1,,0,2025,2027,11,cold_start,150.0,1.25,0.1
Classical_ESN,Mackey_Glass_(tau=100),0.006715956783585582,0.12668194058550955,18.862828434979196,0.3,1e-08,2,,0,2025,2029,11,cold_start,150.0,1.25,0.1
Classical_ESN,Mackey_Glass_(tau=100),0.007983014905577583,0.09184646894522232,11.505235807721078,0.3,1e-08,4,,0,2025,2032,11,cold_start,150.0,1.25,0.1
Classical_ESN,Mackey_Glass_(tau=100),0.008872298480617973,0.018246052687112126,2.0565192578869658,0.3,1e-08,6,,0,2025,2028,11,cold_start,150.0,1.25,0.1
Classical_ESN,Mackey_Glass_(tau=100),0.0027638245882206113,0.008309739258723843,3.0066087747174173,0.3,1e-08,8,,0,2025,2032,11,cold_start,150.0,1.25,0.1
Classical_ESN,Mackey_Glass_(tau=100),0.0066425919530820636,0.0038943296891854463,0.5862665833897166,0.3,1e-08,10,,0,2025,2025,11,cold_start,150.0,1.25,0.1
Classical_ESN,Mackey_Glass_(tau=100),0.003962421419236553,0.42131895184685564,106.32865797702858,0.5,1e-08,1,,0,2025,2029,11,cold_start,150.0,1.25,0.1
Classical_ESN,Mackey_Glass_(tau=100),0.0006874941188515844,0.024281537728914962,35.31890246490507,0.5,1e-08,2,,0,2025,2033,11,cold_start,150.0,1.25,0.1
Classical_ESN,Mackey_Glass_(tau=100),0.0023644247921250344,0.0032097046463722616,1.3574991503483302,0.5,1e-08,4,,0,2025,2030,11,cold_start,150.0,1.25,0.1
Classical_ESN,Mackey_Glass_(tau=100),0.0014445638455990821,0.01384084537362752,9.581331704925452,0.5,1e-08,6,,0,2025,2029,11,cold_start,150.0,1.25,0.1
Classical_ESN,Mackey_Glass_(tau=100),0.0006339332613609764,0.030312892332971395,47.81716653878258,0.5,1e-08,8,,0,2025,2031,11,cold_start,150.0,1.25,0.1
Classical_ESN,Mackey_Glass_(tau=100),0.0013484578882736926,0.004193929254039758,3.110167021536625,0.5,1e-08,10,,0,2025,2025,11,cold_start,150.0,1.25,0.1
Classical_ESN,Mackey_Glass_(tau=100),0.0013737065907760621,0.06070538469476449,44.19093939155491,0.7,1e-08,1,,0,2025,2025,11,cold_start,150.0,1.25,0.1
Classical_ESN,Mackey_Glass_(tau=100),0.0004845080988482216,0.009883370562936806,20.398772665372718,0.7,1e-08,2,,0,2025,2030,11,cold_start,150.0,1.25,0.1
Classical_ESN,Mackey_Glass_(tau=100),0.0005479543373362132,0.006054232908895077,11.048790923577135,0.7,1e-08,4,,0,2025,2026,11,cold_start,150.0,1.25,0.1
Classical_ESN,Mackey_Glass_(tau=100),0.0007522774223554867,0.0024078970436249092,3.200809930046078,0.7,1e-08,6,,0,2025,2026,11,cold_start,150.0,1.25,0.1
Classical_ESN,Mackey_Glass_(tau=100),0.00044320243869080326,0.0009702200765831863,2.1891126760249007,0.7,1e-08,8,,0,2025,2031,11,cold_start,150.0,1.25,0.1
Classical_ESN,Mackey_Glass_(tau=100),0.0008800169332181262,0.002038716483185367,2.316678698135958,0.7,1e-08,10,,0,2025,2025,11,cold_start,150.0,1.25,0.1
Classical_ESN,Mackey_Glass_(tau=100),0.0011721239906146363,0.4764719298537317,406.50300963798225,0.9,1e-08,1,,0,2025,2034,11,cold_start,150.0,1.25,0.1
Classical_ESN,Mackey_Glass_(tau=100),0.0005024407740110609,0.0032430722827089236,6.454635950062304,0.9,1e-08,2,,0,2025,2030,11,cold_start,150.0,1.25,0.1
Classical_ESN,Mackey_Glass_(tau=100),0.0009055964324359667,0.005630098273348859,6.217005800480507,0.9,1e-08,4,,0,2025,2030,11,cold_start,150.0,1.25,0.1
Classical_ESN,Mackey_Glass_(tau=100),0.0008552474600968574,0.01072859531053171,12.544433992609214,0.9,1e-08,6,,0,2025,2028,11,cold_start,150.0,1.25,0.1
Classical_ESN,Mackey_Glass_(tau=100),0.001430410410684141,0.0004938600259368918,0.3452575724058712,0.9,1e-08,8,,0,2025,2025,11,cold_start,150.0,1.25,0.1
Classical_ESN,Mackey_Glass_(tau=100),0.0017162578050517819,0.0012467589498243198,0.7264403670325644,0.9,1e-08,10,,0,2025,2034,11,cold_start,150.0,1.25,0.1
Classical_ESN,Mackey_Glass_(tau=100),45.377230042789805,103.4060619703973,2.2788094793994143,0.1,1e-08,1,,0,2025,2029,11,cold_start,150.0,1.25,0.2
Classical_ESN,Mackey_Glass_(tau=100),25.77238995857574,82.04967682665455,3.183627011640517,0.1,1e-08,2,,0,2025,2026,11,cold_start,150.0,1.25,0.2
Classical_ESN,Mackey_Glass_(tau=100),3.564364674683296,47.58267568634158,13.349553154397546,0.1,1e-08,4,,0,2025,2028,11,cold_start,150.0,1.25,0.2
Classical_ESN,Mackey_Glass_(tau=100),1.7218827057488424,28.52352844512586,16.565314437443664,0.1,1e-08,6,,0,2025,2033,11,cold_start,150.0,1.25,0.2
Classical_ESN,Mackey_Glass_(tau=100),1.4245196008417293,3.688021394882436,2.588957984644953,0.1,1e-08,8,,0,2025,2035,11,cold_start,150.0,1.25,0.2
Classical_ESN,Mackey_Glass_(tau=100),1.139500100418988,2.954861993089173,2.5931213099522203,0.1,1e-08,10,,0,2025,2026,11,cold_start,150.0,1.25,0.2
Classical_ESN,Mackey_Glass_(tau=100),0.021681476162653174,0.04378748689198883,2.0195805194949665,0.3,1e-08,1,,0,2025,2034,11,cold_start,150.0,1.25,0.2
Classical_ESN,Mackey_Glass_(tau=100),0.026403470849468296,11.859521933263586,449.1652631912372,0.3,1e-08,2,,0,2025,2027,11,cold_start,150.0,1.25,0.2
Classical_ESN,Mackey_Glass_(tau=100),0.004653461917587756,0.7956621858743448,170.98285103981192,0.3,1e-08,4,,0,2025,2029,11,cold_start,150.0,1.25,0.2
Classical_ESN,Mackey_Glass_(tau=100),0.0034514247427708277,0.006045769391981523,1.7516735384842659,0.3,1e-08,6,,0,2025,2034,11,cold_start,150.0,1.25,0.2
Classical_ESN,Mackey_Glass_(tau=100),0.0031543236208622766,0.005309321564456866,1.6831886016202395,0.3,1e-08,8,,0,2025,2034,11,cold_start,150.0,1.25,0.2
Classical_ESN,Mackey_Glass_(tau=100),0.004262651480257825,0.0028699606116232303,0.6732806153435846,0.3,1e-08,10,,0,2025,2025,11,cold_start,150.0,1.25,0.2
Classical_ESN,Mackey_Glass_(tau=100),0.0026631392516007326,0.010633992937296851,3.993029253316393,0.5,1e-08,1,,0,2025,2033,11,cold_start,150.0,1.25,0.2
Classical_ESN,Mackey_Glass_(tau=100),0.003459118226467388,2.182640481186624,630.9817526577106,0.5,1e-08,2,,0,2025,2033,11,cold_start,150.0,1.25,0.2
Classical_ESN,Mackey_Glass_(tau=100),0.0004441494094875948,0.028689905355184786,64.59516717197415,0.5,1e-08,4,,0,2025,2032,11,cold_start,150.0,1.25,0.2
Classical_ESN,Mackey_Glass_(tau=100),0.000656603531383869,0.007243360030007985,11.031558137894496,0.5,1e-08,6,,0,2025,2025,11,cold_start,150.0,1.25,0.2
Classical_ESN,Mackey_Glass_(tau=100),0.0004950998392876895,0.0006931181626111388,1.3999563474073076,0.5,1e-08,8,,0,2025,2034,11,cold_start,150.0,1.25,0.2
Classical_ESN,Mackey_Glass_(tau=100),0.0007619334812233288,0.0007879171994766366,1.0341023447500817,0.5,1e-08,10,,0,2025,2026,11,cold_start,150.0,1.25,0.2
Classical_ESN,Mackey_Glass_(tau=100),0.0018422839763830965,0.00583503190727541,3.167281473473575,0.7,1e-08,1,,0,2025,2030,11,cold_start,150.0,1.25,0.2
Classical_ESN,Mackey_Glass_(tau=100),0.0008974965355343733,1.3214363776690472,1472.3581934299705,0.7,1e-08,2,,0,2025,2031,11,cold_start,150.0,1.25,0.2
Classical_ESN,Mackey_Glass_(tau=100),0.0004898665795318655,0.004566373371003613,9.321667494376545,0.7,1e-08,4,,0,2025,2033,11,cold_start,150.0,1.25,0.2
Classical_ESN,Mackey_Glass_(tau=100),0.0005578928365176904,0.005555128458891588,9.957339645309172,0.7,1e-08,6,,0,2025,2027,11,cold_start,150.0,1.25,0.2
Classical_ESN,Mackey_Glass_(tau=100),0.00048623050531621957,0.0013636491825732386,2.8045323517626493,0.7,1e-08,8,,0,2025,2033,11,cold_start,150.0,1.25,0.2
Classical_ESN,Mackey_Glass_(tau=100),0.0005731739733496353,0.000966658692056038,1.68650137131467,0.7,1e-08,10,,0,2025,2030,11,cold_start,150.0,1.25,0.2
Classical_ESN,Mackey_Glass_(tau=100),0.0017221928676336277,0.005503637326532185,3.195714852828555,0.9,1e-08,1,,0,2025,2026,11,cold_start,150.0,1.25,0.2
Classical_ESN,Mackey_Glass_(tau=100),0.0009290004057851633,0.26782931651462055,288.29838485189816,0.9,1e-08,2,,0,2025,2031,11,cold_start,150.0,1.25,0.2
Classical_ESN,Mackey_Glass_(tau=100),0.0007832331337244593,0.004305578434811195,5.497186277522694,0.9,1e-08,4,,0,2025,2028,11,cold_start,150.0,1.25,0.2
Classical_ESN,Mackey_Glass_(tau=100),0.0006335977965787701,0.006618971012165966,10.446644618883365,0.9,1e-08,6,,0,2025,2027,11,cold_start,150.0,1.25,0.2
Classical_ESN,Mackey_Glass_(tau=100),0.0006759773411552019,0.0021539824947705184,3.1864714445746074,0.9,1e-08,8,,0,2025,2033,11,cold_start,150.0,1.25,0.2
Classical_ESN,Mackey_Glass_(tau=100),0.000508564293937911,0.0004562049606691293,0.8970448104735129,0.9,1e-08,10,,0,2025,2030,11,cold_start,150.0,1.25,0.2
QRC,ARMA_1_2_stochastic,0.02265323599153258,1.7252354003962106e-17,7.615845263966156e-16,0.1,1e-08,1,1.0,0,2025,2029,11,cold_start,,,
QRC,ARMA_1_2_stochastic,0.02265323599153256,9.119493225473048e-18,4.025691176696247e-16,0.1,1e-08,1,2.0,0,2025,2027,11,cold_start,,,
QRC,ARMA_1_2_stochastic,0.02265323599153255,2.7056833416766424e-17,1.1943915397729433e-15,0.1,1e-08,1,4.0,0,2025,2035,11,cold_start,,,
QRC,ARMA_1_2_stochastic,0.012049402192963916,0.003964074511050359,0.3289851602235608,0.1,1e-08,2,1.0,0,2025,2026,11,cold_start,,,
QRC,ARMA_1_2_stochastic,0.012124162997807901,0.00025012620457780005,0.020630389464660275,0.1,1e-08,2,2.0,0,2025,2032,11,cold_start,,,
QRC,ARMA_1_2_stochastic,0.01205651254484703,0.00022371195297103731,0.018555278911616287,0.1,1e-08,2,4.0,0,2025,2033,11,cold_start,,,
QRC,ARMA_1_2_stochastic,0.012574194248113721,0.0012580896545013,0.10005330199905481,0.1,1e-08,4,1.0,0,2025,2035,11,cold_start,,,
QRC,ARMA_1_2_stochastic,0.010885474067522374,0.0008430183444075171,0.07744433905021421,0.1,1e-08,4,2.0,0,2025,2035,11,cold_start,,,
QRC,ARMA_1_2_stochastic,0.011417693068749242,0.001078501834334135,0.09445882174622865,0.1,1e-08,4,4.0,0,2025,2034,11,cold_start,,,
QRC,ARMA_1_2_stochastic,0.012373338659634345,0.002562689275195491,0.2071138070079481,0.1,1e-08,6,1.0,0,2025,2025,11,cold_start,,,
QRC,ARMA_1_2_stochastic,0.011480580523244731,0.0009384147977343498,0.08173931586772475,0.1,1e-08,6,2.0,0,2025,2030,11,cold_start,,,
QRC,ARMA_1_2_stochastic,0.011936664658853683,0.0014372370998856725,0.12040525062582223,0.1,1e-08,6,4.0,0,2025,2031,11,cold_start,,,
QRC,ARMA_1_2_stochastic,0.011969227515281929,0.0051166896261000145,0.4274870387054794,0.1,1e-08,8,1.0,0,2025,2026,11,cold_start,,,
QRC,ARMA_1_2_stochastic,0.011828597746397631,0.002202457786807885,0.1861977077949614,0.1,1e-08,8,2.0,0,2025,2033,11,cold_start,,,
QRC,ARMA_1_2_stochastic,0.01291265423122498,0.0022690365939148477,0.17572193549703624,0.1,1e-08,8,4.0,0,2025,2033,11,cold_start,,,
QRC,ARMA_1_2_stochastic,0.011509829144760198,0.0030097857387033143,0.26149699538098764,0.1,1e-08,10,1.0,0,2025,2030,11,cold_start,,,
QRC,ARMA_1_2_stochastic,0.010571299697672966,0.0021712795614966937,0.2053938137781348,0.1,1e-08,10,2.0,0,2025,2028,11,cold_start,,,
QRC,ARMA_1_2_stochastic,0.011386373105270402,0.0013623740738307052,0.11964951975797317,0.1,1e-08,10,4.0,0,2025,2025,11,cold_start,,,
QRC,ARMA_1_2_stochastic,0.01722233407120619,1.943002934210337e-17,1.1281879251540125e-15,0.3,1e-08,1,1.0,0,2025,2032,11,cold_start,,,
QRC,ARMA_1_2_stochastic,0.01722233407120618,1.9288718162374973e-17,1.1199828131672093e-15,0.3,1e-08,1,2.0,0,2025,2032,11,cold_start,,,
QRC,ARMA_1_2_stochastic,0.017222334071206186,1.6539939370299605e-17,9.603773392105156e-16,0.3,1e-08,1,4.0,0,2025,2032,11,cold_start,,,
QRC,ARMA_1_2_stochastic,0.010997223899374336,0.0024196116057977365,0.22002021855128323,0.3,1e-08,2,1.0,0,2025,2030,11,cold_start,,,
QRC,ARMA_1_2_stochastic,0.010729943697900706,7.292927633183386e-05,0.006796799534568139,0.3,1e-08,2,2.0,0,2025,2027,11,cold_start,,,
QRC,ARMA_1_2_stochastic,0.010748691189667845,6.023880115309306e-05,0.005604291730978137,0.3,1e-08,2,4.0,0,2025,2026,11,cold_start,,,
QRC,ARMA_1_2_stochastic,0.009418433286940583,0.0008399240158780048,0.08917874027335598,0.3,1e-08,4,1.0,0,2025,2032,11,cold_start,,,
QRC,ARMA_1_2_stochastic,0.009064416354269014,0.0001055586080827427,0.0116453838788008,0.3,1e-08,4,2.0,0,2025,2035,11,cold_start,,,
QRC,ARMA_1_2_stochastic,0.009193766393288698,0.0001165151407266848,0.012673276189803887,0.3,1e-08,4,4.0,0,2025,2028,11,cold_start,,,
QRC,ARMA_1_2_stochastic,0.009506522573362925,0.0030276149256160995,0.3184776454535976,0.3,1e-08,6,1.0,0,2025,2029,11,cold_start,,,
QRC,ARMA_1_2_stochastic,0.008965917217112767,0.00043088086957203793,0.0480576453181654,0.3,1e-08,6,2.0,0,2025,2026,11,cold_start,,,
QRC,ARMA_1_2_stochastic,0.009296732220594224,0.00022388808032325867,0.02408244908111899,0.3,1e-08,6,4.0,0,2025,2026,11,cold_start,,,
QRC,ARMA_1_2_stochastic,0.012596707451801883,0.0026693678304216288,0.2119099646185553,0.3,1e-08,8,1.0,0,2025,2026,11,cold_start,,,
QRC,ARMA_1_2_stochastic,0.009135558337032746,0.0006918690339888524,0.07573363427435278,0.3,1e-08,8,2.0,0,2025,2027,11,cold_start,,,
QRC,ARMA_1_2_stochastic,0.010282310631465542,0.001124006195268084,0.10931455346509783,0.3,1e-08,8,4.0,0,2025,2026,11,cold_start,,,
QRC,ARMA_1_2_stochastic,0.010364726152967347,0.0022640217691956162,0.21843527130212148,0.3,1e-08,10,1.0,0,2025,2035,11,cold_start,,,
QRC,ARMA_1_2_stochastic,0.009609960436156292,0.0009663719297868699,0.10055940773190018,0.3,1e-08,10,2.0,0,2025,2028,11,cold_start,,,
QRC,ARMA_1_2_stochastic,0.009324842074336327,0.0004753605095883181,0.0509778616944728,0.3,1e-08,10,4.0,0,2025,2033,11,cold_start,,,
QRC,ARMA_1_2_stochastic,0.014528815529902693,1.464508661594661e-17,1.0080027918177234e-15,0.5,1e-08,1,1.0,0,2025,2030,11,cold_start,,,
QRC,ARMA_1_2_stochastic,0.01452881552990269,1.3568800131668046e-17,9.33923354160649e-16,0.5,1e-08,1,2.0,0,2025,2035,11,cold_start,,,
QRC,ARMA_1_2_stochastic,0.014528815529902693,2.508406001942927e-17,1.7265041302095236e-15,0.5,1e-08,1,4.0,0,2025,2025,11,cold_start,,,
QRC,ARMA_1_2_stochastic,0.010817342723388851,0.0018895691126198197,0.17467960116806364,0.5,1e-08,2,1.0,0,2025,2030,11,cold_start,,,
QRC,ARMA_1_2_stochastic,0.010602941771234576,3.647022720987274e-05,0.0034396328864896002,0.5,1e-08,2,2.0,0,2025,2025,11,cold_start,,,
QRC,ARMA_1_2_stochastic,0.010631730747423226,4.2136953514617244e-05,0.003963320226561402,0.5,1e-08,2,4.0,0,2025,2030,11,cold_start,,,
QRC,ARMA_1_2_stochastic,0.00926960933409556,0.0006226563360236565,0.06717179911060506,0.5,1e-08,4,1.0,0,2025,2032,11,cold_start,,,
QRC,ARMA_1_2_stochastic,0.008975636834314567,8.619379961781694e-05,0.00960308457315154,0.5,1e-08,4,2.0,0,2025,2031,11,cold_start,,,
QRC,ARMA_1_2_stochastic,0.009077668916336707,0.00011691528499717834,0.01287943921228177,0.5,1e-08,4,4.0,0,2025,2031,11,cold_start,,,
QRC,ARMA_1_2_stochastic,0.008964046791778021,0.0022276885722821824,0.24851371529267974,0.5,1e-08,6,1.0,0,2025,2026,11,cold_start,,,
QRC,ARMA_1_2_stochastic,0.008772948949870773,0.00041339262340576646,0.0471212845039815,0.5,1e-08,6,2.0,0,2025,2035,11,cold_start,,,
QRC,ARMA_1_2_stochastic,0.008863921115487533,0.00014046804907249472,0.015847168227508385,0.5,1e-08,6,4.0,0,2025,2032,11,cold_start,,,
QRC,ARMA_1_2_stochastic,0.012077315867474802,0.0021478607906870242,0.17784256156381475,0.5,1e-08,8,1.0,0,2025,2026,11,cold_start,,,
QRC,ARMA_1_2_stochastic,0.008998680531327763,0.00029124630651661894,0.03236544574537144,0.5,1e-08,8,2.0,0,2025,2030,11,cold_start,,,
QRC,ARMA_1_2_stochastic,0.009425839701522555,0.0008599307012588741,0.09123120363695231,0.5,1e-08,8,4.0,0,2025,2026,11,cold_start,,,
QRC,ARMA_1_2_stochastic,0.010212785500411648,0.0026195031565701275,0.25649252659468297,0.5,1e-08,10,1.0,0,2025,2035,11,cold_start,,,
QRC,ARMA_1_2_stochastic,0.009538454524280959,0.0007626940984149114,0.07995992395554309,0.5,1e-08,10,2.0,0,2025,2028,11,cold_start,,,
QRC,ARMA_1_2_stochastic,0.009248151327536185,0.0003886772466851258,0.04202756128436687,0.5,1e-08,10,4.0,0,2025,2033,11,cold_start,,,
QRC,ARMA_1_2_stochastic,0.01274462054276779,1.5427428402189156e-17,1.2105051186434721e-15,0.7,1e-08,1,1.0,0,2025,2025,11,cold_start,,,
QRC,ARMA_1_2_stochastic,0.01274462054276778,1.7236489767040184e-17,1.3524521745624992e-15,0.7,1e-08,1,2.0,0,2025,2026,11,cold_start,,,
QRC,ARMA_1_2_stochastic,0.012744620542767777,1.653166733208764e-17,1.297148650021511e-15,0.7,1e-08,1,4.0,0,2025,2032,11,cold_start,,,
QRC,ARMA_1_2_stochastic,0.010575176125014093,0.0015222188356376906,0.14394264621627398,0.7,1e-08,2,1.0,0,2025,2030,11,cold_start,,,
QRC,ARMA_1_2_stochastic,0.010454059015408898,3.324116662190809e-05,0.0031797378006869713,0.7,1e-08,2,2.0,0,2025,2033,11,cold_start,,,
QRC,ARMA_1_2_stochastic,0.010466771948652046,3.6341146104816345e-05,0.00347204909814592,0.7,1e-08,2,4.0,0,2025,2027,11,cold_start,,,
QRC,ARMA_1_2_stochastic,0.00919114096205127,0.0005421430731719371,0.05898539424108039,0.7,1e-08,4,1.0,0,2025,2032,11,cold_start,,,
QRC,ARMA_1_2_stochastic,0.008966643165366505,8.705667634904928e-05,0.009708948459698285,0.7,1e-08,4,2.0,0,2025,2028,11,cold_start,,,
QRC,ARMA_1_2_stochastic,0.008998464884860969,0.00011756333081156823,0.013064820757300165,0.7,1e-08,4,4.0,0,2025,2030,11,cold_start,,,
QRC,ARMA_1_2_stochastic,0.008908632158909696,0.002251184984573716,0.25269704084956096,0.7,1e-08,6,1.0,0,2025,2029,11,cold_start,,,
QRC,ARMA_1_2_stochastic,0.008753071814348017,0.00038987901981026805,0.04454196516143957,0.7,1e-08,6,2.0,0,2025,2033,11,cold_start,,,
QRC,ARMA_1_2_stochastic,0.008821590145656482,0.00012761402113269506,0.014466101805413032,0.7,1e-08,6,4.0,0,2025,2025,11,cold_start,,,
QRC,ARMA_1_2_stochastic,0.012459948571767817,0.0021857225525941954,0.17541986951267852,0.7,1e-08,8,1.0,0,2025,2026,11,cold_start,,,
QRC,ARMA_1_2_stochastic,0.009032427648008058,0.00025853920672928794,0.028623446187947512,0.7,1e-08,8,2.0,0,2025,2030,11,cold_start,,,
QRC,ARMA_1_2_stochastic,0.009310393592872735,0.0007345441016123465,0.07889506434772559,0.7,1e-08,8,4.0,0,2025,2034,11,cold_start,,,
QRC,ARMA_1_2_stochastic,0.010142608440392222,0.0028338287785516125,0.2793984205548239,0.7,1e-08,10,1.0,0,2025,2030,11,cold_start,,,
QRC,ARMA_1_2_stochastic,0.009257604820206019,0.0007306065196934474,0.0789196054360407,0.7,1e-08,10,2.0,0,2025,2033,11,cold_start,,,
QRC,ARMA_1_2_stochastic,0.009213784099904232,0.0003050026519599746,0.03310286508266943,0.7,1e-08,10,4.0,0,2025,2033,11,cold_start,,,
QRC,ARMA_1_2_stochastic,0.011414008830834634,1.755105020402507e-17,1.5376762419012142e-15,0.9,1e-08,1,1.0,0,2025,2032,11,cold_start,,,
QRC,ARMA_1_2_stochastic,0.011414008830834637,9.164380255782077e-18,8.029063575826883e-16,0.9,1e-08,1,2.0,0,2025,2026,11,cold_start,,,
QRC,ARMA_1_2_stochastic,0.011414008830834637,2.324435305374284e-17,2.036475825298895e-15,0.9,1e-08,1,4.0,0,2025,2029,11,cold_start,,,
QRC,ARMA_1_2_stochastic,0.010302725611985752,0.0012712491745799864,0.12338959829242363,0.9,1e-08,2,1.0,0,2025,2026,11,cold_start,,,
QRC,ARMA_1_2_stochastic,0.010189738792546747,3.237705813278818e-05,0.003177417870266731,0.9,1e-08,2,2.0,0,2025,2027,11,cold_start,,,
QRC,ARMA_1_2_stochastic,0.0101914650452876,3.316388151232248e-05,0.0032540838206237114,0.9,1e-08,2,4.0,0,2025,2028,11,cold_start,,,
QRC,ARMA_1_2_stochastic,0.009144212600040494,0.0005466615015100006,0.059782238823666435,0.9,1e-08,4,1.0,0,2025,2032,11,cold_start,,,
QRC,ARMA_1_2_stochastic,0.008923212513184934,8.024092758692385e-05,0.008992381103594686,0.9,1e-08,4,2.0,0,2025,2027,11,cold_start,,,
QRC,ARMA_1_2_stochastic,0.008940727831434311,0.00012806897042765022,0.01432422201438435,0.9,1e-08,4,4.0,0,2025,2027,11,cold_start,,,
QRC,ARMA_1_2_stochastic,0.009025851117049094,0.0022699868777484727,0.2514983737611906,0.9,1e-08,6,1.0,0,2025,2029,11,cold_start,,,
QRC,ARMA_1_2_stochastic,0.008806011248665755,0.0003343908367434848,0.037973019486450245,0.9,1e-08,6,2.0,0,2025,2033,11,cold_start,,,
QRC,ARMA_1_2_stochastic,0.008725785078927397,0.000143293687626599,0.016421867640614998,0.9,1e-08,6,4.0,0,2025,2025,11,cold_start,,,
QRC,ARMA_1_2_stochastic,0.011786002167848733,0.0025927400217357582,0.21998468902445517,0.9,1e-08,8,1.0,0,2025,2032,11,cold_start,,,
QRC,ARMA_1_2_stochastic,0.009002075375944055,0.00023748187607111333,0.02638079177894113,0.9,1e-08,8,2.0,0,2025,2025,11,cold_start,,,
QRC,ARMA_1_2_stochastic,0.009205681343778476,0.0006457333226676837,0.07014508742517934,0.9,1e-08,8,4.0,0,2025,2032,11,cold_start,,,
QRC,ARMA_1_2_stochastic,0.010060977374709857,0.002893647617551811,0.2876109854720013,0.9,1e-08,10,1.0,0,2025,2030,11,cold_start,,,
QRC,ARMA_1_2_stochastic,0.009043588260683409,0.0007189795547164989,0.07950157990299381,0.9,1e-08,10,2.0,0,2025,2026,11,cold_start,,,
QRC,ARMA_1_2_stochastic,0.009036796839655704,0.00026762561837821806,0.029615097376518473,0.9,1e-08,10,4.0,0,2025,2035,11,cold_start,,,
QRC,ARMA_1_2_stochastic,0.010869158937397738,2.0684845795887974e-17,1.9030769459739154e-15,1.0,1e-08,1,1.0,0,2025,2029,11,cold_start,,,
QRC,ARMA_1_2_stochastic,0.010869158937397745,1.3487912375833752e-17,1.2409343219212305e-15,1.0,1e-08,1,2.0,0,2025,2026,11,cold_start,,,
QRC,ARMA_1_2_stochastic,0.010869158937397747,1.5409685522940635e-17,1.417744060206922e-15,1.0,1e-08,1,4.0,0,2025,2031,11,cold_start,,,
QRC,ARMA_1_2_stochastic,0.010153424223490477,0.0011839457924462085,0.11660556738160197,1.0,1e-08,2,1.0,0,2025,2026,11,cold_start,,,
QRC,ARMA_1_2_stochastic,0.010018239293475274,3.3009496975134224e-05,0.003294939959822362,1.0,1e-08,2,2.0,0,2025,2027,11,cold_start,,,
QRC,ARMA_1_2_stochastic,0.010027038759327658,3.346035030201389e-05,0.0033370121633256263,1.0,1e-08,2,4.0,0,2025,2034,11,cold_start,,,
QRC,ARMA_1_2_stochastic,0.009123925159706656,0.000573918968661955,0.06290263878933518,1.0,1e-08,4,1.0,0,2025,2032,11,cold_start,,,
QRC,ARMA_1_2_stochastic,0.008925036514716959,7.73457149622273e-05,0.00866615109469725,1.0,1e-08,4,2.0,0,2025,2033,11,cold_start,,,
QRC,ARMA_1_2_stochastic,0.008923333021310386,0.00013410665992849482,0.01502876331167133,1.0,1e-08,4,4.0,0,2025,2027,11,cold_start,,,
QRC,ARMA_1_2_stochastic,0.0090129485173725,0.002272234730822838,0.25210781204875354,1.0,1e-08,6,1.0,0,2025,2025,11,cold_start,,,
QRC,ARMA_1_2_stochastic,0.008806175850924785,0.00029891794974627603,0.03394412680447268,1.0,1e-08,6,2.0,0,2025,2033,11,cold_start,,,
QRC,ARMA_1_2_stochastic,0.008708608187256845,0.0001536009268393158,0.017637827255114927,1.0,1e-08,6,4.0,0,2025,2033,11,cold_start,,,
QRC,ARMA_1_2_stochastic,0.011338696473445264,0.0028956612470212597,0.2553786719489998,1.0,1e-08,8,1.0,0,2025,2032,11,cold_start,,,
QRC,ARMA_1_2_stochastic,0.008910014794150387,0.00022858876504351568,0.0256552621207306,1.0,1e-08,8,2.0,0,2025,2026,11,cold_start,,,
QRC,ARMA_1_2_stochastic,0.009149981937703406,0.0005979424510702256,0.0653490307566996,1.0,1e-08,8,4.0,0,2025,2032,11,cold_start,,,
QRC,ARMA_1_2_stochastic,0.009984779640834402,0.0028874677301696803,0.2891869259047946,1.0,1e-08,10,1.0,0,2025,2030,11,cold_start,,,
QRC,ARMA_1_2_stochastic,0.009020046544565423,0.0007035695842487281,0.07800066006007793,1.0,1e-08,10,2.0,0,2025,2028,11,cold_start,,,
QRC,ARMA_1_2_stochastic,0.00895565691040536,0.0002601092225324736,0.02904412542091234,1.0,1e-08,10,4.0,0,2025,2035,11,cold_start,,,
Classical_ESN,ARMA_1_2_stochastic,0.015847664184976996,0.001364418245349509,0.0860958580030316,0.1,1e-08,1,,0,2025,2028,11,cold_start,50.0,0.9,0.1
Classical_ESN,ARMA_1_2_stochastic,0.016397974487579636,0.012501664758847836,0.7623907921260036,0.1,1e-08,2,,0,2025,2026,11,cold_start,50.0,0.9,0.1
Classical_ESN,ARMA_1_2_stochastic,0.018629709900532636,0.01266379693749493,0.6797635070599174,0.1,1e-08,4,,0,2025,2027,11,cold_start,50.0,0.9,0.1
Classical_ESN,ARMA_1_2_stochastic,0.16653251458350896,0.2525324319680244,1.5164151733347553,0.1,1e-08,6,,0,2025,2034,11,cold_start,50.0,0.9,0.1
Classical_ESN,ARMA_1_2_stochastic,0.08566322350746296,0.13060216871217295,1.5246002119076796,0.1,1e-08,8,,0,2025,2029,11,cold_start,50.0,0.9,0.1
Classical_ESN,ARMA_1_2_stochastic,0.06517213076876342,0.047036416647266745,0.7217259293570771,0.1,1e-08,10,,0,2025,2030,11,cold_start,50.0,0.9,0.1
Classical_ESN,ARMA_1_2_stochastic,0.010960201596563461,0.00019279380550202968,0.017590352130245453,0.3,1e-08,1,,0,2025,2025,11,cold_start,50.0,0.9,0.1
Classical_ESN,ARMA_1_2_stochastic,0.012448630020104715,0.0026679339483824923,0.21431546636647894,0.3,1e-08,2,,0,2025,2033,11,cold_start,50.0,0.9,0.1
Classical_ESN,ARMA_1_2_stochastic,0.014549799183510577,0.009415371063516878,0.6471134717919272,0.3,1e-08,4,,0,2025,2031,11,cold_start,50.0,0.9,0.1
Classical_ESN,ARMA_1_2_stochastic,0.029500100432944234,0.024959739194714194,0.8460899735392226,0.3,1e-08,6,,0,2025,2031,11,cold_start,50.0,0.9,0.1
Classical_ESN,ARMA_1_2_stochastic,0.02287148796031662,0.07963310000405721,3.4817629767781324,0.3,1e-08,8,,0,2025,2030,11,cold_start,50.0,0.9,0.1
Classical_ESN,ARMA_1_2_stochastic,0.019175628762065227,0.0346222735214834,1.8055352422120297,0.3,1e-08,10,,0,2025,2029,11,cold_start,50.0,0.9,0.1
Classical_ESN,ARMA_1_2_stochastic,0.009576053875338986,0.00025485575174129124,0.02661385943093073,0.5,1e-08,1,,0,2025,2027,11,cold_start,50.0,0.9,0.1
Classical_ESN,ARMA_1_2_stochastic,0.010256482575080229,0.0010079121300148658,0.09827073976255273,0.5,1e-08,2,,0,2025,2026,11,cold_start,50.0,0.9,0.1
Classical_ESN,ARMA_1_2_stochastic,0.011955259815247555,0.015735089455763393,1.316164575168421,0.5,1e-08,4,,0,2025,2034,11,cold_start,50.0,0.9,0.1
Classical_ESN,ARMA_1_2_stochastic,0.015715324888410143,0.021041573127595133,1.3389206571932237,0.5,1e-08,6,,0,2025,2028,11,cold_start,50.0,0.9,0.1
Classical_ESN,ARMA_1_2_stochastic,0.02108138432704558,0.019913306427442823,0.9445919735876066,0.5,1e-08,8,,0,2025,2031,11,cold_start,50.0,0.9,0.1
Classical_ESN,ARMA_1_2_stochastic,0.01235058268420323,0.001471188624261732,0.11911896481964587,0.5,1e-08,10,,0,2025,2034,11,cold_start,50.0,0.9,0.1
Classical_ESN,ARMA_1_2_stochastic,0.009228390154508227,0.00016324637132323052,0.017689582753876294,0.7,1e-08,1,,0,2025,2031,11,cold_start,50.0,0.9,0.1
Classical_ESN,ARMA_1_2_stochastic,0.009496166849871016,0.00019497682899234002,0.020532161247249815,0.7,1e-08,2,,0,2025,2033,11,cold_start,50.0,0.9,0.1
Classical_ESN,ARMA_1_2_stochastic,0.01165940901991286,0.0031836129827628426,0.27305097345205204,0.7,1e-08,4,,0,2025,2031,11,cold_start,50.0,0.9,0.1
Classical_ESN,ARMA_1_2_stochastic,0.015479787933903625,0.011456517981721455,0.7400952797699213,0.7,1e-08,6,,0,2025,2030,11,cold_start,50.0,0.9,0.1
Classical_ESN,ARMA_1_2_stochastic,0.018629228512526397,0.012481614782497107,0.6700017005054396,0.7,1e-08,8,,0,2025,2035,11,cold_start,50.0,0.9,0.1
Classical_ESN,ARMA_1_2_stochastic,0.010997970111618823,0.0032347484214156445,0.29412231426218277,0.7,1e-08,10,,0,2025,2030,11,cold_start,50.0,0.9,0.1
Classical_ESN,ARMA_1_2_stochastic,0.008833005558546119,0.00023352975269082517,0.02643831152861443,0.9,1e-08,1,,0,2025,2025,11,cold_start,50.0,0.9,0.1
Classical_ESN,ARMA_1_2_stochastic,0.009061316486405608,0.0002006446314389839,0.022142989017104122,0.9,1e-08,2,,0,2025,2032,11,cold_start,50.0,0.9,0.1
Classical_ESN,ARMA_1_2_stochastic,0.010011790560805787,0.0031893747388733597,0.3185618715756142,0.9,1e-08,4,,0,2025,2027,11,cold_start,50.0,0.9,0.1
Classical_ESN,ARMA_1_2_stochastic,0.012689658515118878,0.010165298443293216,0.8010695032637754,0.9,1e-08,6,,0,2025,2032,11,cold_start,50.0,0.9,0.1
Classical_ESN,ARMA_1_2_stochastic,0.016064532898940023,0.010175938418345774,0.633441288480738,0.9,1e-08,8,,0,2025,2033,11,cold_start,50.0,0.9,0.1
Classical_ESN,ARMA_1_2_stochastic,0.010841623344972105,0.0037309730421232236,0.3441341691559036,0.9,1e-08,10,,0,2025,2034,11,cold_start,50.0,0.9,0.1
Classical_ESN,ARMA_1_2_stochastic,0.015292473178518859,0.003010038713220036,0.19683138744674725,0.1,1e-08,1,,0,2025,2025,11,cold_start,50.0,0.9,0.2
Classical_ESN,ARMA_1_2_stochastic,0.01989056346820803,0.006681256243824068,0.3359008031372774,0.1,1e-08,2,,0,2025,2031,11,cold_start,50.0,0.9,0.2
Classical_ESN,ARMA_1_2_stochastic,0.013436967547187886,0.006458262671576502,0.4806339413187092,0.1,1e-08,4,,0,2025,2032,11,cold_start,50.0,0.9,0.2
Classical_ESN,ARMA_1_2_stochastic,0.062422999470087316,0.08320664989988674,1.3329486023778594,0.1,1e-08,6,,0,2025,2026,11,cold_start,50.0,0.9,0.2
Classical_ESN,ARMA_1_2_stochastic,0.1349216545841413,0.30095816992458024,2.2306142839131393,0.1,1e-08,8,,0,2025,2025,11,cold_start,50.0,0.9,0.2
Classical_ESN,ARMA_1_2_stochastic,0.03264862789596852,0.07814150107540296,2.393408425137889,0.1,1e-08,10,,0,2025,2030,11,cold_start,50.0,0.9,0.2
Classical_ESN,ARMA_1_2_stochastic,0.011056577819703562,0.0002890771729177495,0.026145266431589223,0.3,1e-08,1,,0,2025,2027,11,cold_start,50.0,0.9,0.2
Classical_ESN,ARMA_1_2_stochastic,0.01263312288319987,0.004529557423531045,0.35854613822799647,0.3,1e-08,2,,0,2025,2026,11,cold_start,50.0,0.9,0.2
Classical_ESN,ARMA_1_2_stochastic,0.016336212125789538,0.008052070131751039,0.4928970112379633,0.3,1e-08,4,,0,2025,2033,11,cold_start,50.0,0.9,0.2
Classical_ESN,ARMA_1_2_stochastic,0.029246802890208732,0.08405684224470863,2.8740523386523473,0.3,1e-08,6,,0,2025,2033,11,cold_start,50.0,0.9,0.2
Classical_ESN,ARMA_1_2_stochastic,0.027230088855741668,0.07413778917355295,2.7226422053309034,0.3,1e-08,8,,0,2025,2027,11,cold_start,50.0,0.9,0.2
Classical_ESN,ARMA_1_2_stochastic,0.014435893060168478,0.010489280846738688,0.7266111492388868,0.3,1e-08,10,,0,2025,2033,11,cold_start,50.0,0.9,0.2
Classical_ESN,ARMA_1_2_stochastic,0.009623440206368431,0.00017295241221699473,0.017971994266929754,0.5,1e-08,1,,0,2025,2027,11,cold_start,50.0,0.9,0.2
Classical_ESN,ARMA_1_2_stochastic,0.010155670934353071,0.0015386097562653837,0.15150252171531148,0.5,1e-08,2,,0,2025,2030,11,cold_start,50.0,0.9,0.2
Classical_ESN,ARMA_1_2_stochastic,0.013339873510952966,0.00615599359011943,0.4614731605262172,0.5,1e-08,4,,0,2025,2033,11,cold_start,50.0,0.9,0.2
Classical_ESN,ARMA_1_2_stochastic,0.0458621227561868,0.03370617245792928,0.7349457555010864,0.5,1e-08,6,,0,2025,2029,11,cold_start,50.0,0.9,0.2
Classical_ESN,ARMA_1_2_stochastic,0.017673771475892972,0.050977434834033615,2.8843552098411394,0.5,1e-08,8,,0,2025,2031,11,cold_start,50.0,0.9,0.2
Classical_ESN,ARMA_1_2_stochastic,0.014164271584129593,0.005273337847991789,0.3722985553242511,0.5,1e-08,10,,0,2025,2035,11,cold_start,50.0,0.9,0.2
Classical_ESN,ARMA_1_2_stochastic,0.009236313870585567,0.00014953038518535636,0.016189400585612232,0.7,1e-08,1,,0,2025,2030,11,cold_start,50.0,0.9,0.2
Classical_ESN,ARMA_1_2_stochastic,0.009571472914087926,0.0003265870974378312,0.03412088195507911,0.7,1e-08,2,,0,2025,2028,11,cold_start,50.0,0.9,0.2
Classical_ESN,ARMA_1_2_stochastic,0.011520934128248974,0.006267542016620826,0.5440133540259559,0.7,1e-08,4,,0,2025,2028,11,cold_start,50.0,0.9,0.2
Classical_ESN,ARMA_1_2_stochastic,0.03475752495618705,0.015978769230318268,0.459721146728946,0.7,1e-08,6,,0,2025,2032,11,cold_start,50.0,0.9,0.2
Classical_ESN,ARMA_1_2_stochastic,0.019002968595743346,0.02360121039169017,1.2419749194858338,0.7,1e-08,8,,0,2025,2026,11,cold_start,50.0,0.9,0.2
Classical_ESN,ARMA_1_2_stochastic,0.011516192841186018,0.002566941041184516,0.22289840718924211,0.7,1e-08,10,,0,2025,2030,11,cold_start,50.0,0.9,0.2
Classical_ESN,ARMA_1_2_stochastic,0.008878994281118406,0.00013904627344219083,0.01566013774081139,0.9,1e-08,1,,0,2025,2031,11,cold_start,50.0,0.9,0.2
Classical_ESN,ARMA_1_2_stochastic,0.009140667785388842,0.0002580431863579599,0.02823023354709776,0.9,1e-08,2,,0,2025,2034,11,cold_start,50.0,0.9,0.2
Classical_ESN,ARMA_1_2_stochastic,0.010347168809815736,0.0014392081241216455,0.13909197294204337,0.9,1e-08,4,,0,2025,2025,11,cold_start,50.0,0.9,0.2
Classical_ESN,ARMA_1_2_stochastic,0.016467549372493787,0.013330137506579213,0.8094791280143309,0.9,1e-08,6,,0,2025,2025,11,cold_start,50.0,0.9,0.2
Classical_ESN,ARMA_1_2_stochastic,0.015422911103885556,0.007923149706068694,0.5137259530772101,0.9,1e-08,8,,0,2025,2027,11,cold_start,50.0,0.9,0.2
Classical_ESN,ARMA_1_2_stochastic,0.01017843588795172,0.003162998735179621,0.3107548910263985,0.9,1e-08,10,,0,2025,2027,11,cold_start,50.0,0.9,0.2
Classical_ESN,ARMA_1_2_stochastic,0.049459627431812966,0.6511581185235453,13.165447301867733,0.1,1e-08,1,,0,2025,2029,11,cold_start,50.0,1.1,0.1
Classical_ESN,ARMA_1_2_stochastic,0.06413325331495245,0.2264560149479173,3.5310233497092818,0.1,1e-08,2,,0,2025,2026,11,cold_start,50.0,1.1,0.1
Classical_ESN,ARMA_1_2_stochastic,0.052810351479681335,0.18448543949299467,3.4933575392690774,0.1,1e-08,4,,0,2025,2027,11,cold_start,50.0,1.1,0.1
Classical_ESN,ARMA_1_2_stochastic,0.06791964793366238,0.08956140942742484,1.3186377160685538,0.1,1e-08,6,,0,2025,2029,11,cold_start,50.0,1.1,0.1
Classical_ESN,ARMA_1_2_stochastic,0.07260845747173164,0.05892933648527032,0.8116043025457887,0.1,1e-08,8,,0,2025,2027,11,cold_start,50.0,1.1,0.1
Classical_ESN,ARMA_1_2_stochastic,0.07636103835303466,0.04259030079408507,0.5577491049451201,0.1,1e-08,10,,0,2025,2035,11,cold_start,50.0,1.1,0.1
Classical_ESN,ARMA_1_2_stochastic,0.014274930149876497,0.006407527610888098,0.4488657768278841,0.3,1e-08,1,,0,2025,2030,11,cold_start,50.0,1.1,0.1
Classical_ESN,ARMA_1_2_stochastic,0.014941833541551602,0.016779711533857045,1.1230021728721917,0.3,1e-08,2,,0,2025,2029,11,cold_start,50.0,1.1,0.1
Classical_ESN,ARMA_1_2_stochastic,0.020491153699811505,0.029142535190117686,1.422200800259761,0.3,1e-08,4,,0,2025,2029,11,cold_start,50.0,1.1,0.1
Classical_ESN,ARMA_1_2_stochastic,0.014984638829622452,0.04633668170923189,3.092278848765511,0.3,1e-08,6,,0,2025,2027,11,cold_start,50.0,1.1,0.1
Classical_ESN,ARMA_1_2_stochastic,0.02226377872566623,0.01178112740095279,0.5291611790666613,0.3,1e-08,8,,0,2025,2026,11,cold_start,50.0,1.1,0.1
Classical_ESN,ARMA_1_2_stochastic,0.018070748759016125,0.04047677044725273,2.2399055505133654,0.3,1e-08,10,,0,2025,2032,11,cold_start,50.0,1.1,0.1
Classical_ESN,ARMA_1_2_stochastic,0.010889426633156084,0.002763616659579998,0.25378899667364935,0.5,1e-08,1,,0,2025,2028,11,cold_start,50.0,1.1,0.1
Classical_ESN,ARMA_1_2_stochastic,0.010996552326306329,0.005108303695966973,0.4645368424925978,0.5,1e-08,2,,0,2025,2034,11,cold_start,50.0,1.1,0.1
Classical_ESN,ARMA_1_2_stochastic,0.012428985584512548,0.00860055081700719,0.6919752829807868,0.5,1e-08,4,,0,2025,2034,11,cold_start,50.0,1.1,0.1
Classical_ESN,ARMA_1_2_stochastic,0.011386980414902388,0.007948732468215787,0.6980544603214658,0.5,1e-08,6,,0,2025,2032,11,cold_start,50.0,1.1,0.1
Classical_ESN,ARMA_1_2_stochastic,0.01631713784819971,0.004602266948444916,0.2820511165169013,0.5,1e-08,8,,0,2025,2035,11,cold_start,50.0,1.1,0.1
Classical_ESN,ARMA_1_2_stochastic,0.01326332674533871,0.01640615496246917,1.2369562536966814,0.5,1e-08,10,,0,2025,2031,11,cold_start,50.0,1.1,0.1
Classical_ESN,ARMA_1_2_stochastic,0.010336415973006807,0.0052834491246933355,0.5111490422300031,0.7,1e-08,1,,0,2025,2030,11,cold_start,50.0,1.1,0.1
Classical_ESN,ARMA_1_2_stochastic,0.009970322375880447,0.003917963972191326,0.39296261690288053,0.7,1e-08,2,,0,2025,2026,11,cold_start,50.0,1.1,0.1
Classical_ESN,ARMA_1_2_stochastic,0.010410213153002636,0.0023688985994229144,0.22755524450905684,0.7,1e-08,4,,0,2025,2027,11,cold_start,50.0,1.1,0.1
Classical_ESN,ARMA_1_2_stochastic,0.01004576398515622,0.004550335862069562,0.45296065772530697,0.7,1e-08,6,,0,2025,2028,11,cold_start,50.0,1.1,0.1
Classical_ESN,ARMA_1_2_stochastic,0.010753791797803407,0.006207833246352433,0.5772692426145407,0.7,1e-08,8,,0,2025,2032,11,cold_start,50.0,1.1,0.1
Classical_ESN,ARMA_1_2_stochastic,0.009818201159816749,0.0014857368408050312,0.15132475049357835,0.7,1e-08,10,,0,2025,2029,11,cold_start,50.0,1.1,0.1
Classical_ESN,ARMA_1_2_stochastic,0.009601534201840052,0.0005861472442973565,0.061047248489207735,0.9,1e-08,1,,0,2025,2025,11,cold_start,50.0,1.1,0.1
Classical_ESN,ARMA_1_2_stochastic,0.009730476145769261,0.0012192731205317284,0.125304569094685,0.9,1e-08,2,,0,2025,2030,11,cold_start,50.0,1.1,0.1
Classical_ESN,ARMA_1_2_stochastic,0.009546500715720887,0.0008073253403260748,0.08456767190061548,0.9,1e-08,4,,0,2025,2034,11,cold_start,50.0,1.1,0.1
Classical_ESN,ARMA_1_2_stochastic,0.00945517078981709,0.0013917631598607968,0.14719598310796037,0.9,1e-08,6,,0,2025,2033,11,cold_start,50.0,1.1,0.1
Classical_ESN,ARMA_1_2_stochastic,0.009985459825524791,0.0007774870479997714,0.07786191738635433,0.9,1e-08,8,,0,2025,2032,11,cold_start,50.0,1.1,0.1
Classical_ESN,ARMA_1_2_stochastic,0.009471180791274602,0.000493127776302674,0.05206613485374197,0.9,1e-08,10,,0,2025,2025,11,cold_start,50.0,1.1,0.1
Classical_ESN,ARMA_1_2_stochastic,0.023042581691024407,0.4245119557621503,18.42293374303223,0.1,1e-08,1,,0,2025,2027,11,cold_start,50.0,1.1,0.2
Classical_ESN,ARMA_1_2_stochastic,0.09974610204532716,0.10622925808212366,1.0649965853688237,0.1,1e-08,2,,0,2025,2033,11,cold_start,50.0,1.1,0.2
Classical_ESN,ARMA_1_2_stochastic,0.04329606231435949,0.21093657532169532,4.87195749558353,0.1,1e-08,4,,0,2025,2029,11,cold_start,50.0,1.1,0.2
Classical_ESN,ARMA_1_2_stochastic,0.09647689020801883,0.14676192311153272,1.5212132438669168,0.1,1e-08,6,,0,2025,2030,11,cold_start,50.0,1.1,0.2
Classical_ESN,ARMA_1_2_stochastic,0.08932595886135922,0.049332605476332614,0.5522762487543025,0.1,1e-08,8,,0,2025,2025,11,cold_start,50.0,1.1,0.2
Classical_ESN,ARMA_1_2_stochastic,0.0653234480286159,0.08658246579975958,1.3254423704307656,0.1,1e-08,10,,0,2025,2031,11,cold_start,50.0,1.1,0.2
Classical_ESN,ARMA_1_2_stochastic,0.012553511054038098,0.03278938011717478,2.611968872774234,0.3,1e-08,1,,0,2025,2030,11,cold_start,50.0,1.1,0.2
Classical_ESN,ARMA_1_2_stochastic,0.01566332903408473,0.009462862859313045,0.6041412294104946,0.3,1e-08,2,,0,2025,2031,11,cold_start,50.0,1.1,0.2
Classical_ESN,ARMA_1_2_stochastic,0.01935839540073151,0.016267581706109802,0.8403372991077084,0.3,1e-08,4,,0,2025,2033,11,cold_start,50.0,1.1,0.2
Classical_ESN,ARMA_1_2_stochastic,0.025918228458796776,0.028740622648807973,1.1088961074055685,0.3,1e-08,6,,0,2025,2027,11,cold_start,50.0,1.1,0.2
Classical_ESN,ARMA_1_2_stochastic,0.02228517354599484,0.017404079982846914,0.7809712563793262,0.3,1e-08,8,,0,2025,2026,11,cold_start,50.0,1.1,0.2
Classical_ESN,ARMA_1_2_stochastic,0.015200408807735242,0.018284671948757106,1.202906591528797,0.3,1e-08,10,,0,2025,2035,11,cold_start,50.0,1.1,0.2
Classical_ESN,ARMA_1_2_stochastic,0.010299968721796275,0.004469499535091225,0.4339333114316255,0.5,1e-08,1,,0,2025,2027,11,cold_start,50.0,1.1,0.2
Classical_ESN,ARMA_1_2_stochastic,0.010593301717092291,0.0024757976282523994,0.23371350069805905,0.5,1e-08,2,,0,2025,2035,11,cold_start,50.0,1.1,0.2
Classical_ESN,ARMA_1_2_stochastic,0.011797158662517581,0.005114490081022148,0.4335357544416282,0.5,1e-08,4,,0,2025,2027,11,cold_start,50.0,1.1,0.2
Classical_ESN,ARMA_1_2_stochastic,0.016530322849222432,0.01175949174363519,0.7113891150763788,0.5,1e-08,6,,0,2025,2031,11,cold_start,50.0,1.1,0.2
Classical_ESN,ARMA_1_2_stochastic,0.01428657673685262,0.0076730814990973875,0.5370832803707596,0.5,1e-08,8,,0,2025,2026,11,cold_start,50.0,1.1,0.2
Classical_ESN,ARMA_1_2_stochastic,0.011867404917926904,0.0034566377499221325,0.2912715773859317,0.5,1e-08,10,,0,2025,2028,11,cold_start,50.0,1.1,0.2
Classical_ESN,ARMA_1_2_stochastic,0.009773013414558843,0.004166310528136001,0.426307664934692,0.7,1e-08,1,,0,2025,2035,11,cold_start,50.0,1.1,0.2
Classical_ESN,ARMA_1_2_stochastic,0.009942130887912891,0.003029018130925334,0.3046648817114097,0.7,1e-08,2,,0,2025,2035,11,cold_start,50.0,1.1,0.2
Classical_ESN,ARMA_1_2_stochastic,0.010014820395176344,0.004170972550633208,0.41648001522245615,0.7,1e-08,4,,0,2025,2027,11,cold_start,50.0,1.1,0.2
Classical_ESN,ARMA_1_2_stochastic,0.010896442594120832,0.005729424650424441,0.5258068953179039,0.7,1e-08,6,,0,2025,2032,11,cold_start,50.0,1.1,0.2
Classical_ESN,ARMA_1_2_stochastic,0.010675945755356277,0.004260880443529306,0.3991103496747874,0.7,1e-08,8,,0,2025,2026,11,cold_start,50.0,1.1,0.2
Classical_ESN,ARMA_1_2_stochastic,0.01092897596884426,0.0015366373832179866,0.1406021376200799,0.7,1e-08,10,,0,2025,2030,11,cold_start,50.0,1.1,0.2
Classical_ESN,ARMA_1_2_stochastic,0.009698888595686368,0.007179603615116446,0.74025013735178,0.9,1e-08,1,,0,2025,2035,11,cold_start,50.0,1.1,0.2
Classical_ESN,ARMA_1_2_stochastic,0.009674256951315827,0.0006730393196603793,0.06957013061027255,0.9,1e-08,2,,0,2025,2031,11,cold_start,50.0,1.1,0.2
Classical_ESN,ARMA_1_2_stochastic,0.00949970294785966,0.0024036224308067546,0.2530207990712284,0.9,1e-08,4,,0,2025,2025,11,cold_start,50.0,1.1,0.2
Classical_ESN,ARMA_1_2_stochastic,0.01043104369401665,0.0015431255682110932,0.14793587424969232,0.9,1e-08,6,,0,2025,2033,11,cold_start,50.0,1.1,0.2
Classical_ESN,ARMA_1_2_stochastic,0.010503602454914345,0.001752371692160354,0.16683530242906972,0.9,1e-08,8,,0,2025,2027,11,cold_start,50.0,1.1,0.2
Classical_ESN,ARMA_1_2_stochastic,0.009923455381318882,0.0005650890609375156,0.05694478780055866,0.9,1e-08,10,,0,2025,2034,11,cold_start,50.0,1.1,0.2
Classical_ESN,ARMA_1_2_stochastic,0.674214393382483,0.698678426759731,1.036285243414211,0.1,1e-08,1,,0,2025,2034,11,cold_start,50.0,1.25,0.1
Classical_ESN,ARMA_1_2_stochastic,0.20222370021328143,0.8989399724176369,4.445275066520602,0.1,1e-08,2,,0,2025,2030,11,cold_start,50.0,1.25,0.1
Classical_ESN,ARMA_1_2_stochastic,0.060582922346620084,0.28881217158708195,4.767220866875115,0.1,1e-08,4,,0,2025,2029,11,cold_start,50.0,1.25,0.1
Classical_ESN,ARMA_1_2_stochastic,0.13171999433267795,0.1942908388791857,1.4750292077030918,0.1,1e-08,6,,0,2025,2035,11,cold_start,50.0,1.25,0.1
Classical_ESN,ARMA_1_2_stochastic,0.1733101610780336,0.6910069505551882,3.987111582246234,0.1,1e-08,8,,0,2025,2029,11,cold_start,50.0,1.25,0.1
Classical_ESN,ARMA_1_2_stochastic,0.07802832861328693,0.6123802035095957,7.848177891193705,0.1,1e-08,10,,0,2025,2031,11,cold_start,50.0,1.25,0.1
Classical_ESN,ARMA_1_2_stochastic,0.019300565913085092,0.08065347799844015,4.178814152996415,0.3,1e-08,1,,0,2025,2027,11,cold_start,50.0,1.25,0.1
Classical_ESN,ARMA_1_2_stochastic,0.018542244267815994,0.09151012917568765,4.935224013552822,0.3,1e-08,2,,0,2025,2029,11,cold_start,50.0,1.25,0.1
Classical_ESN,ARMA_1_2_stochastic,0.015574264234233708,0.06987684519662106,4.486686763861701,0.3,1e-08,4,,0,2025,2027,11,cold_start,50.0,1.25,0.1
Classical_ESN,ARMA_1_2_stochastic,0.029194416154935746,0.13595513257226882,4.656888216251709,0.3,1e-08,6,,0,2025,2026,11,cold_start,50.0,1.25,0.1
Classical_ESN,ARMA_1_2_stochastic,0.03138819649829004,0.2006874371255693,6.39372310341253,0.3,1e-08,8,,0,2025,2034,11,cold_start,50.0,1.25,0.1
Classical_ESN,ARMA_1_2_stochastic,0.020756472580154547,0.8036589467140288,38.71847413430037,0.3,1e-08,10,,0,2025,2033,11,cold_start,50.0,1.25,0.1
Classical_ESN,ARMA_1_2_stochastic,0.019005320280932228,0.07919330805652734,4.166902050894711,0.5,1e-08,1,,0,2025,2025,11,cold_start,50.0,1.25,0.1
Classical_ESN,ARMA_1_2_stochastic,0.013420138674131605,0.19976779167806896,14.885672684078699,0.5,1e-08,2,,0,2025,2029,11,cold_start,50.0,1.25,0.1
Classical_ESN,ARMA_1_2_stochastic,0.012597507753053617,0.11515986246791494,9.141479785158328,0.5,1e-08,4,,0,2025,2027,11,cold_start,50.0,1.25,0.1
Classical_ESN,ARMA_1_2_stochastic,0.013049994485577168,0.0229988095048814,1.7623616263056392,0.5,1e-08,6,,0,2025,2026,11,cold_start,50.0,1.25,0.1
Classical_ESN,ARMA_1_2_stochastic,0.020025496554513217,0.041861036045153205,2.0903869190558892,0.5,1e-08,8,,0,2025,2027,11,cold_start,50.0,1.25,0.1
Classical_ESN,ARMA_1_2_stochastic,0.011474132653885926,0.028901023648388344,2.518798110513432,0.5,1e-08,10,,0,2025,2025,11,cold_start,50.0,1.25,0.1
Classical_ESN,ARMA_1_2_stochastic,0.013583577812894654,0.29705347109020763,21.868573595405767,0.7,1e-08,1,,0,2025,2026,11,cold_start,50.0,1.25,0.1
Classical_ESN,ARMA_1_2_stochastic,0.011012597819033817,0.03846903901002665,3.4931847727643346,0.7,1e-08,2,,0,2025,2030,11,cold_start,50.0,1.25,0.1
Classical_ESN,ARMA_1_2_stochastic,0.010354205429753708,0.02155651643589498,2.0819092862452253,0.7,1e-08,4,,0,2025,2033,11,cold_start,50.0,1.25,0.1
Classical_ESN,ARMA_1_2_stochastic,0.01055583689485126,0.008034612205416878,0.7611535007078273,0.7,1e-08,6,,0,2025,2032,11,cold_start,50.0,1.25,0.1
Classical_ESN,ARMA_1_2_stochastic,0.012011291892659846,0.008933953375921138,0.7437962090806166,0.7,1e-08,8,,0,2025,2026,11,cold_start,50.0,1.25,0.1
Classical_ESN,ARMA_1_2_stochastic,0.010024065249172974,0.004800069823494682,0.47885460680642583,0.7,1e-08,10,,0,2025,2030,11,cold_start,50.0,1.25,0.1
Classical_ESN,ARMA_1_2_stochastic,0.01314093555677336,0.009938790931859686,0.7563229336998643,0.9,1e-08,1,,0,2025,2030,11,cold_start,50.0,1.25,0.1
Classical_ESN,ARMA_1_2_stochastic,0.011244913686885119,0.010028072592928997,0.8917874224881497,0.9,1e-08,2,,0,2025,2034,11,cold_start,50.0,1.25,0.1
Classical_ESN,ARMA_1_2_stochastic,0.010420843170638006,0.05739965496896483,5.508158411854364,0.9,1e-08,4,,0,2025,2026,11,cold_start,50.0,1.25,0.1
Classical_ESN,ARMA_1_2_stochastic,0.01201123624197734,0.0033238475284050844,0.27672817863566546,0.9,1e-08,6,,0,2025,2035,11,cold_start,50.0,1.25,0.1
Classical_ESN,ARMA_1_2_stochastic,0.01181135984908936,0.004000822866554338,0.3387266934266503,0.9,1e-08,8,,0,2025,2025,11,cold_start,50.0,1.25,0.1
Classical_ESN,ARMA_1_2_stochastic,0.012511273415565263,0.0019856861318243114,0.15871175266251644,0.9,1e-08,10,,0,2025,2035,11,cold_start,50.0,1.25,0.1
Classical_ESN,ARMA_1_2_stochastic,0.09591684497461214,1.2180311685817395,12.69882437129928,0.1,1e-08,1,,0,2025,2030,11,cold_start,50.0,1.25,0.2
Classical_ESN,ARMA_1_2_stochastic,0.07842047346375366,0.3677394643937734,4.689329815940788,0.1,1e-08,2,,0,2025,2035,11,cold_start,50.0,1.25,0.2
Classical_ESN,ARMA_1_2_stochastic,0.06673618574975437,0.26392363011243936,3.9547305130996455,0.1,1e-08,4,,0,2025,2029,11,cold_start,50.0,1.25,0.2
Classical_ESN,ARMA_1_2_stochastic,0.06409409318849142,0.16747597849279222,2.6129705587731724,0.1,1e-08,6,,0,2025,2026,11,cold_start,50.0,1.25,0.2
Classical_ESN,ARMA_1_2_stochastic,0.11936417335250034,0.20365687464495666,1.7061809161407864,0.1,1e-08,8,,0,2025,2029,11,cold_start,50.0,1.25,0.2
Classical_ESN,ARMA_1_2_stochastic,0.06745039257695315,0.2866292952020729,4.24948297928825,0.1,1e-08,10,,0,2025,2028,11,cold_start,50.0,1.25,0.2
Classical_ESN,ARMA_1_2_stochastic,0.018219630502507553,0.4150772360049024,22.78186903668412,0.3,1e-08,1,,0,2025,2035,11,cold_start,50.0,1.25,0.2
Classical_ESN,ARMA_1_2_stochastic,0.014987618142183159,0.14285599043792707,9.531600624108114,0.3,1e-08,2,,0,2025,2033,11,cold_start,50.0,1.25,0.2
Classical_ESN,ARMA_1_2_stochastic,0.02068185661994177,0.0233444985029775,1.1287428847402592,0.3,1e-08,4,,0,2025,2035,11,cold_start,50.0,1.25,0.2
Classical_ESN,ARMA_1_2_stochastic,0.014259005388409136,0.03004540989800115,2.1071182091301033,0.3,1e-08,6,,0,2025,2027,11,cold_start,50.0,1.25,0.2
Classical_ESN,ARMA_1_2_stochastic,0.032102690202215546,0.046238874919667515,1.4403426824483503,0.3,1e-08,8,,0,2025,2027,11,cold_start,50.0,1.25,0.2
Classical_ESN,ARMA_1_2_stochastic,0.021939736021803095,0.03739308023968776,1.704354154604575,0.3,1e-08,10,,0,2025,2034,11,cold_start,50.0,1.25,0.2
Classical_ESN,ARMA_1_2_stochastic,0.015156879881133753,0.3479117520559718,22.954048246369528,0.5,1e-08,1,,0,2025,2025,11,cold_start,50.0,1.25,0.2
Classical_ESN,ARMA_1_2_stochastic,0.011269920286708781,0.029562598082311597,2.6231417197490163,0.5,1e-08,2,,0,2025,2033,11,cold_start,50.0,1.25,0.2
Classical_ESN,ARMA_1_2_stochastic,0.011766457158706185,0.0253993179433531,2.158620696167644,0.5,1e-08,4,,0,2025,2030,11,cold_start,50.0,1.25,0.2
Classical_ESN,ARMA_1_2_stochastic,0.019604051881287138,0.026865645096580657,1.3704128748111,0.5,1e-08,6,,0,2025,2034,11,cold_start,50.0,1.25,0.2
Classical_ESN,ARMA_1_2_stochastic,0.017452511278397087,0.0874605916360282,5.011347091595231,0.5,1e-08,8,,0,2025,2027,11,cold_start,50.0,1.25,0.2
Classical_ESN,ARMA_1_2_stochastic,0.015730718682636792,0.027164506424900012,1.7268445881549948,0.5,1e-08,10,,0,2025,2034,11,cold_start,50.0,1.25,0.2
Classical_ESN,ARMA_1_2_stochastic,0.01091220422483785,0.12516568175675188,11.470247365042491,0.7,1e-08,1,,0,2025,2035,11,cold_start,50.0,1.25,0.2
Classical_ESN,ARMA_1_2_stochastic,0.010570861790325453,0.005632343250762062,0.5328177931450048,0.7,1e-08,2,,0,2025,2027,11,cold_start,50.0,1.25,0.2
Classical_ESN,ARMA_1_2_stochastic,0.010012487232246447,0.01187608305494227,1.1861271609609532,0.7,1e-08,4,,0,2025,2032,11,cold_start,50.0,1.25,0.2
Classical_ESN,ARMA_1_2_stochastic,0.012313841506300572,0.006696449119316696,0.5438147889016074,0.7,1e-08,6,,0,2025,2026,11,cold_start,50.0,1.25,0.2
Classical_ESN,ARMA_1_2_stochastic,0.012928364950218837,0.007258135533907145,0.5614117146178093,0.7,1e-08,8,,0,2025,2027,11,cold_start,50.0,1.25,0.2
Classical_ESN,ARMA_1_2_stochastic,0.011317322600952124,0.013194760289289138,1.1658906222377248,0.7,1e-08,10,,0,2025,2025,11,cold_start,50.0,1.25,0.2
Classical_ESN,ARMA_1_2_stochastic,0.012978919703726742,0.15062595724802774,11.605431013243521,0.9,1e-08,1,,0,2025,2029,11,cold_start,50.0,1.25,0.2
Classical_ESN,ARMA_1_2_stochastic,0.011191898434848638,0.001715457389197399,0.15327671164848264,0.9,1e-08,2,,0,2025,2025,11,cold_start,50.0,1.25,0.2
Classical_ESN,ARMA_1_2_stochastic,0.012426865859475,0.015149105017850993,1.2190607985279243,0.9,1e-08,4,,0,2025,2032,11,cold_start,50.0,1.25,0.2
Classical_ESN,ARMA_1_2_stochastic,0.011120376654307571,0.006775260042753658,0.6092653381600347,0.9,1e-08,6,,0,2025,2034,11,cold_start,50.0,1.25,0.2
Classical_ESN,ARMA_1_2_stochastic,0.012859409101381208,0.005510255507506194,0.42849989949494227,0.9,1e-08,8,,0,2025,2033,11,cold_start,50.0,1.25,0.2
Classical_ESN,ARMA_1_2_stochastic,0.011596732848314797,0.039194085977446724,3.3797524259724834,0.9,1e-08,10,,0,2025,2030,11,cold_start,50.0,1.25,0.2
Classical_ESN,ARMA_1_2_stochastic,0.018020229171031858,0.013195171279150193,0.7322421459745855,0.1,1e-08,1,,0,2025,2027,11,cold_start,100.0,0.9,0.1
Classical_ESN,ARMA_1_2_stochastic,0.02708278570015948,0.01872921218410712,0.6915541256155504,0.1,1e-08,2,,0,2025,2033,11,cold_start,100.0,0.9,0.1
Classical_ESN,ARMA_1_2_stochastic,0.04654818315349581,0.03540927344150462,0.760701514917137,0.1,1e-08,4,,0,2025,2028,11,cold_start,100.0,0.9,0.1
Classical_ESN,ARMA_1_2_stochastic,0.13615314482282434,0.8014472004990018,5.88636569167699,0.1,1e-08,6,,0,2025,2033,11,cold_start,100.0,0.9,0.1
Classical_ESN,ARMA_1_2_stochastic,0.7884517999424847,0.8940933225367003,1.1339860250200733,0.1,1e-08,8,,0,2025,2033,11,cold_start,100.0,0.9,0.1
Classical_ESN,ARMA_1_2_stochastic,0.40985753041607187,0.3704878261309977,0.9039429524568999,0.1,1e-08,10,,0,2025,2033,11,cold_start,100.0,0.9,0.1
Classical_ESN,ARMA_1_2_stochastic,0.011384345233087288,0.0003759227996683699,0.03302102949019796,0.3,1e-08,1,,0,2025,2027,11,cold_start,100.0,0.9,0.1
Classical_ESN,ARMA_1_2_stochastic,0.017247374941651544,0.0046315105612444035,0.268534230682232,0.3,1e-08,2,,0,2025,2030,11,cold_start,100.0,0.9,0.1
Classical_ESN,ARMA_1_2_stochastic,0.043676612718182295,0.04092660033652811,0.9370369584427647,0.3,1e-08,4,,0,2025,2035,11,cold_start,100.0,0.9,0.1
Classical_ESN,ARMA_1_2_stochastic,0.3614435653029667,0.9867804433409229,2.730109311847316,0.3,1e-08,6,,0,2025,2034,11,cold_start,100.0,0.9,0.1
Classical_ESN,ARMA_1_2_stochastic,0.4389727157499338,0.5668280187281557,1.291260250104146,0.3,1e-08,8,,0,2025,2032,11,cold_start,100.0,0.9,0.1
Classical_ESN,ARMA_1_2_stochastic,0.14003487186256441,0.12116705941598518,0.8652634719079343,0.3,1e-08,10,,0,2025,2029,11,cold_start,100.0,0.9,0.1
Classical_ESN,ARMA_1_2_stochastic,0.010054514394311527,0.000251049145978768,0.024968798704072905,0.5,1e-08,1,,0,2025,2035,11,cold_start,100.0,0.9,0.1
Classical_ESN,ARMA_1_2_stochastic,0.012254585887068709,0.010665997801664823,0.8703678688089985,0.5,1e-08,2,,0,2025,2027,11,cold_start,100.0,0.9,0.1
Classical_ESN,ARMA_1_2_stochastic,0.030662396690411032,0.02557493457583635,0.8340813940299171,0.5,1e-08,4,,0,2025,2031,11,cold_start,100.0,0.9,0.1
Classical_ESN,ARMA_1_2_stochastic,0.54935629331809,0.45596988446299064,0.8300075743356844,0.5,1e-08,6,,0,2025,2031,11,cold_start,100.0,0.9,0.1
Classical_ESN,ARMA_1_2_stochastic,0.10657895100776782,0.12397993016859891,1.1632684408721836,0.5,1e-08,8,,0,2025,2032,11,cold_start,100.0,0.9,0.1
Classical_ESN,ARMA_1_2_stochastic,0.09827736117852996,0.17460927026379872,1.7766988060109261,0.5,1e-08,10,,0,2025,2028,11,cold_start,100.0,0.9,0.1
Classical_ESN,ARMA_1_2_stochastic,0.009528050681330093,0.00022174109065594102,0.02327245079525401,0.7,1e-08,1,,0,2025,2027,11,cold_start,100.0,0.9,0.1
Classical_ESN,ARMA_1_2_stochastic,0.010321092571362784,0.0015453373903082624,0.14972614378016552,0.7,1e-08,2,,0,2025,2034,11,cold_start,100.0,0.9,0.1
Classical_ESN,ARMA_1_2_stochastic,0.029753176044426354,0.01678450103160762,0.56412468391763,0.7,1e-08,4,,0,2025,2025,11,cold_start,100.0,0.9,0.1
Classical_ESN,ARMA_1_2_stochastic,0.11233081077733774,0.1554299245940614,1.3836802522698317,0.7,1e-08,6,,0,2025,2029,11,cold_start,100.0,0.9,0.1
Classical_ESN,ARMA_1_2_stochastic,0.11397215128204508,0.2129251601861384,1.8682209451255851,0.7,1e-08,8,,0,2025,2028,11,cold_start,100.0,0.9,0.1
Classical_ESN,ARMA_1_2_stochastic,0.07920138176056206,0.05873160333172673,0.7415477107366811,0.7,1e-08,10,,0,2025,2035,11,cold_start,100.0,0.9,0.1
Classical_ESN,ARMA_1_2_stochastic,0.009501894199519622,0.00023618204577688858,0.024856311890825832,0.9,1e-08,1,,0,2025,2027,11,cold_start,100.0,0.9,0.1
Classical_ESN,ARMA_1_2_stochastic,0.010216773738142318,0.0004959217416748223,0.0485399554091519,0.9,1e-08,2,,0,2025,2033,11,cold_start,100.0,0.9,0.1
Classical_ESN,ARMA_1_2_stochastic,0.028172148779183653,0.018095582883237767,0.6423217137277281,0.9,1e-08,4,,0,2025,2033,11,cold_start,100.0,0.9,0.1
Classical_ESN,ARMA_1_2_stochastic,0.047102992500657276,0.2873112525701592,6.09963905299966,0.9,1e-08,6,,0,2025,2026,11,cold_start,100.0,0.9,0.1
Classical_ESN,ARMA_1_2_stochastic,0.04921931435728357,0.0903029501691155,1.8347055693138135,0.9,1e-08,8,,0,2025,2031,11,cold_start,100.0,0.9,0.1
Classical_ESN,ARMA_1_2_stochastic,0.02179252559771708,0.015078153689400593,0.6918956511851079,0.9,1e-08,10,,0,2025,2029,11,cold_start,100.0,0.9,0.1
Classical_ESN,ARMA_1_2_stochastic,0.017227728306719176,0.0024073997206792296,0.13973982395231374,0.1,1e-08,1,,0,2025,2033,11,cold_start,100.0,0.9,0.2
Classical_ESN,ARMA_1_2_stochastic,0.024130589429190663,0.09672066076894555,4.008217911657931,0.1,1e-08,2,,0,2025,2027,11,cold_start,100.0,0.9,0.2
Classical_ESN,ARMA_1_2_stochastic,0.041854277272579905,0.01606395468257876,0.38380676311672396,0.1,1e-08,4,,0,2025,2032,11,cold_start,100.0,0.9,0.2
Classical_ESN,ARMA_1_2_stochastic,0.27014896042307257,0.21166791840979823,0.7835229796121042,0.1,1e-08,6,,0,2025,2026,11,cold_start,100.0,0.9,0.2
Classical_ESN,ARMA_1_2_stochastic,0.49673966582666484,0.8007609508793888,1.612033437166282,0.1,1e-08,8,,0,2025,2031,11,cold_start,100.0,0.9,0.2
Classical_ESN,ARMA_1_2_stochastic,0.8838536184296576,0.7730024237044929,0.8745819529232521,0.1,1e-08,10,,0,2025,2032,11,cold_start,100.0,0.9,0.2
Classical_ESN,ARMA_1_2_stochastic,0.011359685662563408,0.0003845812728173244,0.03385492206749499,0.3,1e-08,1,,0,2025,2035,11,cold_start,100.0,0.9,0.2
Classical_ESN,ARMA_1_2_stochastic,0.01824808037814873,0.009739397160354293,0.533721737219921,0.3,1e-08,2,,0,2025,2034,11,cold_start,100.0,0.9,0.2
Classical_ESN,ARMA_1_2_stochastic,0.029739790404364808,0.01338300889423516,0.4500034705110424,0.3,1e-08,4,,0,2025,2031,11,cold_start,100.0,0.9,0.2
Classical_ESN,ARMA_1_2_stochastic,0.25053916126779435,1.04996055957889,4.190804161177088,0.3,1e-08,6,,0,2025,2026,11,cold_start,100.0,0.9,0.2
Classical_ESN,ARMA_1_2_stochastic,0.40383612293474314,0.5199908763662278,1.2876284384551067,0.3,1e-08,8,,0,2025,2026,11,cold_start,100.0,0.9,0.2
Classical_ESN,ARMA_1_2_stochastic,0.2342907641605559,0.537834838084695,2.2955870241480154,0.3,1e-08,10,,0,2025,2029,11,cold_start,100.0,0.9,0.2
Classical_ESN,ARMA_1_2_stochastic,0.009973158064233477,0.00033164593622801936,0.03325385340250387,0.5,1e-08,1,,0,2025,2035,11,cold_start,100.0,0.9,0.2
Classical_ESN,ARMA_1_2_stochastic,0.012830346332980849,0.007818417836009554,0.6093691965205991,0.5,1e-08,2,,0,2025,2034,11,cold_start,100.0,0.9,0.2
Classical_ESN,ARMA_1_2_stochastic,0.025396166661311323,0.01478017649550719,0.581984544857449,0.5,1e-08,4,,0,2025,2025,11,cold_start,100.0,0.9,0.2
Classical_ESN,ARMA_1_2_stochastic,0.24796544480660815,0.2494890514993199,1.0061444315110117,0.5,1e-08,6,,0,2025,2033,11,cold_start,100.0,0.9,0.2
Classical_ESN,ARMA_1_2_stochastic,0.19215788765979563,0.286248386404004,1.489652024645432,0.5,1e-08,8,,0,2025,2030,11,cold_start,100.0,0.9,0.2
Classical_ESN,ARMA_1_2_stochastic,0.05356665866227598,0.07254767002790684,1.3543437623261376,0.5,1e-08,10,,0,2025,2025,11,cold_start,100.0,0.9,0.2
Classical_ESN,ARMA_1_2_stochastic,0.009434981148060075,0.00023595007256802043,0.02500800678510461,0.7,1e-08,1,,0,2025,2032,11,cold_start,100.0,0.9,0.2
Classical_ESN,ARMA_1_2_stochastic,0.009780049485607907,0.0016841496668668875,0.17220257109590734,0.7,1e-08,2,,0,2025,2027,11,cold_start,100.0,0.9,0.2
Classical_ESN,ARMA_1_2_stochastic,0.0220115115302734,0.008263917759530753,0.37543617793648676,0.7,1e-08,4,,0,2025,2027,11,cold_start,100.0,0.9,0.2
Classical_ESN,ARMA_1_2_stochastic,0.29135247154287847,0.6917736627717049,2.3743531644278373,0.7,1e-08,6,,0,2025,2026,11,cold_start,100.0,0.9,0.2
Classical_ESN,ARMA_1_2_stochastic,0.1471484836074931,0.14174945808166983,0.9633089965084197,0.7,1e-08,8,,0,2025,2025,11,cold_start,100.0,0.9,0.2
Classical_ESN,ARMA_1_2_stochastic,0.052788044175644686,0.06845130561094442,1.2967198667785924,0.7,1e-08,10,,0,2025,2034,11,cold_start,100.0,0.9,0.2
Classical_ESN,ARMA_1_2_stochastic,0.009297538635661523,0.00021493737310814245,0.023117663881893576,0.9,1e-08,1,,0,2025,2035,11,cold_start,100.0,0.9,0.2
Classical_ESN,ARMA_1_2_stochastic,0.010161431824292888,0.0006522248822250041,0.06418631680091905,0.9,1e-08,2,,0,2025,2030,11,cold_start,100.0,0.9,0.2
Classical_ESN,ARMA_1_2_stochastic,0.019398828599188924,0.013695373663748843,0.7059897247775804,0.9,1e-08,4,,0,2025,2029,11,cold_start,100.0,0.9,0.2
Classical_ESN,ARMA_1_2_stochastic,0.06638128690672819,0.25823759721545364,3.890216795258899,0.9,1e-08,6,,0,2025,2025,11,cold_start,100.0,0.9,0.2
Classical_ESN,ARMA_1_2_stochastic,0.06815889040512713,0.05086144789648412,0.7462188365181802,0.9,1e-08,8,,0,2025,2026,11,cold_start,100.0,0.9,0.2
Classical_ESN,ARMA_1_2_stochastic,0.02149206973605638,0.016803587331740248,0.7818505866631144,0.9,1e-08,10,,0,2025,2033,11,cold_start,100.0,0.9,0.2
Classical_ESN,ARMA_1_2_stochastic,3.201359019214937,3.824323858288197,1.194593869457987,0.1,1e-08,1,,0,2025,2035,11,cold_start,100.0,1.1,0.1
Classical_ESN,ARMA_1_2_stochastic,3.746872048173618,8.067606307517071,2.153157674933031,0.1,1e-08,2,,0,2025,2027,11,cold_start,100.0,1.1,0.1
Classical_ESN,ARMA_1_2_stochastic,1.833697325224979,4.662268614393848,2.542550807190509,0.1,1e-08,4,,0,2025,2025,11,cold_start,100.0,1.1,0.1
Classical_ESN,ARMA_1_2_stochastic,1.756904094499901,6.976272978523901,3.9707762081968863,0.1,1e-08,6,,0,2025,2031,11,cold_start,100.0,1.1,0.1
Classical_ESN,ARMA_1_2_stochastic,2.3656879579114594,5.1055651967689695,2.1581735577993992,0.1,1e-08,8,,0,2025,2026,11,cold_start,100.0,1.1,0.1
Classical_ESN,ARMA_1_2_stochastic,1.384711567180584,4.09183441728184,2.9550084756013395,0.1,1e-08,10,,0,2025,2026,11,cold_start,100.0,1.1,0.1
Classical_ESN,ARMA_1_2_stochastic,0.040752868083237956,0.1652757109176149,4.055560226584258,0.3,1e-08,1,,0,2025,2028,11,cold_start,100.0,1.1,0.1
Classical_ESN,ARMA_1_2_stochastic,0.02851996726798266,0.3900409402244617,13.676065493326597,0.3,1e-08,2,,0,2025,2030,11,cold_start,100.0,1.1,0.1
Classical_ESN,ARMA_1_2_stochastic,0.09430236101769796,0.14385494301515608,1.5254649137380396,0.3,1e-08,4,,0,2025,2029,11,cold_start,100.0,1.1,0.1
Classical_ESN,ARMA_1_2_stochastic,0.16952395333949488,0.2736867725435515,1.6144430751650556,0.3,1e-08,6,,0,2025,2034,11,cold_start,100.0,1.1,0.1
Classical_ESN,ARMA_1_2_stochastic,0.18003385625994064,0.20188831636796045,1.121390834824231,0.3,1e-08,8,,0,2025,2035,11,cold_start,100.0,1.1,0.1
Classical_ESN,ARMA_1_2_stochastic,0.1416857241744053,0.11357748323278374,0.8016155748547944,0.3,1e-08,10,,0,2025,2029,11,cold_start,100.0,1.1,0.1
Classical_ESN,ARMA_1_2_stochastic,0.016202161201745814,0.05505377700690081,3.397927987592708,0.5,1e-08,1,,0,2025,2034,11,cold_start,100.0,1.1,0.1
Classical_ESN,ARMA_1_2_stochastic,0.01588431179286831,0.7270493897461032,45.77153856124453,0.5,1e-08,2,,0,2025,2026,11,cold_start,100.0,1.1,0.1
Classical_ESN,ARMA_1_2_stochastic,0.029313514426224693,0.10913269182297919,3.7229480653928695,0.5,1e-08,4,,0,2025,2029,11,cold_start,100.0,1.1,0.1
Classical_ESN,ARMA_1_2_stochastic,0.036046392952135076,0.029750132469836457,0.8253289728417699,0.5,1e-08,6,,0,2025,2030,11,cold_start,100.0,1.1,0.1
Classical_ESN,ARMA_1_2_stochastic,0.1369623052119883,0.1044153508763843,0.7623656064693984,0.5,1e-08,8,,0,2025,2028,11,cold_start,100.0,1.1,0.1
Classical_ESN,ARMA_1_2_stochastic,0.04909259344336547,0.14843162421784248,3.0235034209198415,0.5,1e-08,10,,0,2025,2027,11,cold_start,100.0,1.1,0.1
Classical_ESN,ARMA_1_2_stochastic,0.014390402426660573,0.032581162228725,2.264089721935995,0.7,1e-08,1,,0,2025,2035,11,cold_start,100.0,1.1,0.1
Classical_ESN,ARMA_1_2_stochastic,0.013285027106616288,0.17074444925107543,12.852397505914027,0.7,1e-08,2,,0,2025,2026,11,cold_start,100.0,1.1,0.1
Classical_ESN,ARMA_1_2_stochastic,0.01621539062144312,0.020951261801027472,1.2920602586854535,0.7,1e-08,4,,0,2025,2029,11,cold_start,100.0,1.1,0.1
Classical_ESN,ARMA_1_2_stochastic,0.020243349675032357,0.03513037427092228,1.7354032230274223,0.7,1e-08,6,,0,2025,2034,11,cold_start,100.0,1.1,0.1
Classical_ESN,ARMA_1_2_stochastic,0.023563186507808125,0.041659785309510866,1.768003037097978,0.7,1e-08,8,,0,2025,2030,11,cold_start,100.0,1.1,0.1
Classical_ESN,ARMA_1_2_stochastic,0.02273273286010507,0.03154265492112411,1.387543464977766,0.7,1e-08,10,,0,2025,2027,11,cold_start,100.0,1.1,0.1
Classical_ESN,ARMA_1_2_stochastic,0.012809115263873252,0.01699094693629613,1.3264731081167869,0.9,1e-08,1,,0,2025,2028,11,cold_start,100.0,1.1,0.1
Classical_ESN,ARMA_1_2_stochastic,0.010907202164579187,0.0072395698629636,0.6637421543788642,0.9,1e-08,2,,0,2025,2032,11,cold_start,100.0,1.1,0.1
Classical_ESN,ARMA_1_2_stochastic,0.01138532858501981,0.00360820353962814,0.3169169438267786,0.9,1e-08,4,,0,2025,2030,11,cold_start,100.0,1.1,0.1
Classical_ESN,ARMA_1_2_stochastic,0.011422377074038674,0.0032048919574136693,0.28058012238957697,0.9,1e-08,6,,0,2025,2025,11,cold_start,100.0,1.1,0.1
Classical_ESN,ARMA_1_2_stochastic,0.015575184997840674,0.008855268039536592,0.5685497822827964,0.9,1e-08,8,,0,2025,2031,11,cold_start,100.0,1.1,0.1
Classical_ESN,ARMA_1_2_stochastic,0.011546199923038632,0.011028836554273705,0.9551918923790148,0.9,1e-08,10,,0,2025,2027,11,cold_start,100.0,1.1,0.1
Classical_ESN,ARMA_1_2_stochastic,2.191276415441807,12.732030441169828,5.810326050811251,0.1,1e-08,1,,0,2025,2032,11,cold_start,100.0,1.1,0.2
Classical_ESN,ARMA_1_2_stochastic,1.4780101420027358,7.3580417571460295,4.97834321162081,0.1,1e-08,2,,0,2025,2031,11,cold_start,100.0,1.1,0.2
Classical_ESN,ARMA_1_2_stochastic,1.1187602331111983,16.946925129642622,15.147950944336252,0.1,1e-08,4,,0,2025,2031,11,cold_start,100.0,1.1,0.2
Classical_ESN,ARMA_1_2_stochastic,2.0424240643350755,3.762091907420629,1.841973943175901,0.1,1e-08,6,,0,2025,2026,11,cold_start,100.0,1.1,0.2
Classical_ESN,ARMA_1_2_stochastic,2.107608222178847,5.917787508380265,2.8078214186612214,0.1,1e-08,8,,0,2025,2033,11,cold_start,100.0,1.1,0.2
Classical_ESN,ARMA_1_2_stochastic,3.6599564564846703,1.780764345624085,0.4865534240083503,0.1,1e-08,10,,0,2025,2026,11,cold_start,100.0,1.1,0.2
Classical_ESN,ARMA_1_2_stochastic,0.0381972876498947,0.03821245374099873,1.000397046283575,0.3,1e-08,1,,0,2025,2028,11,cold_start,100.0,1.1,0.2
Classical_ESN,ARMA_1_2_stochastic,0.03607173309448042,0.40083113249456376,11.11205639730955,0.3,1e-08,2,,0,2025,2027,11,cold_start,100.0,1.1,0.2
Classical_ESN,ARMA_1_2_stochastic,0.043778292219239186,0.2705538218536843,6.180090819869497,0.3,1e-08,4,,0,2025,2030,11,cold_start,100.0,1.1,0.2
Classical_ESN,ARMA_1_2_stochastic,0.09134052926225898,0.35821328188661566,3.92173424852954,0.3,1e-08,6,,0,2025,2035,11,cold_start,100.0,1.1,0.2
Classical_ESN,ARMA_1_2_stochastic,0.18935620509077508,0.11433058379832489,0.6037857789952866,0.3,1e-08,8,,0,2025,2028,11,cold_start,100.0,1.1,0.2
Classical_ESN,ARMA_1_2_stochastic,0.1774374674855775,0.4912048655552863,2.7683266252389025,0.3,1e-08,10,,0,2025,2028,11,cold_start,100.0,1.1,0.2
Classical_ESN,ARMA_1_2_stochastic,0.019509774187233323,0.06238035835439372,3.197390075135455,0.5,1e-08,1,,0,2025,2035,11,cold_start,100.0,1.1,0.2
Classical_ESN,ARMA_1_2_stochastic,0.016110304583208973,0.09847388065586106,6.112477895575968,0.5,1e-08,2,,0,2025,2032,11,cold_start,100.0,1.1,0.2
Classical_ESN,ARMA_1_2_stochastic,0.03558886818088887,0.05500792774235567,1.5456498212521066,0.5,1e-08,4,,0,2025,2030,11,cold_start,100.0,1.1,0.2
Classical_ESN,ARMA_1_2_stochastic,0.039639266113739045,0.1908706270117571,4.815190736984936,0.5,1e-08,6,,0,2025,2031,11,cold_start,100.0,1.1,0.2
Classical_ESN,ARMA_1_2_stochastic,0.06934681757261621,0.11500068295541482,1.658341175281654,0.5,1e-08,8,,0,2025,2029,11,cold_start,100.0,1.1,0.2
Classical_ESN,ARMA_1_2_stochastic,0.09583226576732558,0.03825144454088433,0.3991499547110398,0.5,1e-08,10,,0,2025,2031,11,cold_start,100.0,1.1,0.2
Classical_ESN,ARMA_1_2_stochastic,0.013029442405190847,0.025121888654458305,1.9280862429270116,0.7,1e-08,1,,0,2025,2027,11,cold_start,100.0,1.1,0.2
Classical_ESN,ARMA_1_2_stochastic,0.012363526692809107,0.03544505892703087,2.86690519685184,0.7,1e-08,2,,0,2025,2032,11,cold_start,100.0,1.1,0.2
Classical_ESN,ARMA_1_2_stochastic,0.02906682727979834,0.019071998560502654,0.6561431138292081,0.7,1e-08,4,,0,2025,2025,11,cold_start,100.0,1.1,0.2
Classical_ESN,ARMA_1_2_stochastic,0.01872814462456145,0.057222429603857164,3.0554243760383777,0.7,1e-08,6,,0,2025,2035,11,cold_start,100.0,1.1,0.2
Classical_ESN,ARMA_1_2_stochastic,0.027054211534713345,0.05943889229574962,2.19702918414323,0.7,1e-08,8,,0,2025,2026,11,cold_start,100.0,1.1,0.2
Classical_ESN,ARMA_1_2_stochastic,0.027983474669158084,0.012991211716921159,0.4642458404652439,0.7,1e-08,10,,0,2025,2025,11,cold_start,100.0,1.1,0.2
Classical_ESN,ARMA_1_2_stochastic,0.011330942813635943,0.0023700441725233758,0.2091656635731322,0.9,1e-08,1,,0,2025,2033,11,cold_start,100.0,1.1,0.2
Classical_ESN,ARMA_1_2_stochastic,0.011554036291875331,0.007900353013822135,0.6837742944755656,0.9,1e-08,2,,0,2025,2035,11,cold_start,100.0,1.1,0.2
Classical_ESN,ARMA_1_2_stochastic,0.011784243110892592,0.010745862426315278,0.9118839729623788,0.9,1e-08,4,,0,2025,2033,11,cold_start,100.0,1.1,0.2
Classical_ESN,ARMA_1_2_stochastic,0.012622569625107105,0.018710694947735973,1.4823205974256775,0.9,1e-08,6,,0,2025,2027,11,cold_start,100.0,1.1,0.2
Classical_ESN,ARMA_1_2_stochastic,0.013266297170172345,0.005783219110382658,0.4359331798616363,0.9,1e-08,8,,0,2025,2033,11,cold_start,100.0,1.1,0.2
Classical_ESN,ARMA_1_2_stochastic,0.013463857410703066,0.013459422269973561,0.9996705891488439,0.9,1e-08,10,,0,2025,2028,11,cold_start,100.0,1.1,0.2
Classical_ESN,ARMA_1_2_stochastic,5.5399957738055985,15.270650541800482,2.7564372185992823,0.1,1e-08,1,,0,2025,2033,11,cold_start,100.0,1.25,0.1
Classical_ESN,ARMA_1_2_stochastic,12.608921186968164,24.893978649888247,1.9743147158075025,0.1,1e-08,2,,0,2025,2026,11,cold_start,100.0,1.25,0.1
Classical_ESN,ARMA_1_2_stochastic,5.159236972973862,5.474448543128725,1.061096548153548,0.1,1e-08,4,,0,2025,2032,11,cold_start,100.0,1.25,0.1
Classical_ESN,ARMA_1_2_stochastic,3.6139137787773974,27.15422061149588,7.513798688545987,0.1,1e-08,6,,0,2025,2025,11,cold_start,100.0,1.25,0.1
Classical_ESN,ARMA_1_2_stochastic,8.62440206362742,7.734641183177681,0.8968321659999805,0.1,1e-08,8,,0,2025,2028,11,cold_start,100.0,1.25,0.1
Classical_ESN,ARMA_1_2_stochastic,2.3465769775916807,4.730440524246038,2.0158897702563094,0.1,1e-08,10,,0,2025,2034,11,cold_start,100.0,1.25,0.1
Classical_ESN,ARMA_1_2_stochastic,0.06255271785793033,2.3873817287466252,38.16591525517475,0.3,1e-08,1,,0,2025,2034,11,cold_start,100.0,1.25,0.1
Classical_ESN,ARMA_1_2_stochastic,0.10222057081296208,1.3160692742769609,12.874798720162074,0.3,1e-08,2,,0,2025,2029,11,cold_start,100.0,1.25,0.1
Classical_ESN,ARMA_1_2_stochastic,0.15921072218333213,0.8067356435087919,5.0670936758884295,0.3,1e-08,4,,0,2025,2034,11,cold_start,100.0,1.25,0.1
Classical_ESN,ARMA_1_2_stochastic,0.16204372212571713,0.5854544722825709,3.612941400027594,0.3,1e-08,6,,0,2025,2030,11,cold_start,100.0,1.25,0.1
Classical_ESN,ARMA_1_2_stochastic,0.13015019875183148,2.009845000867307,15.44250427692124,0.3,1e-08,8,,0,2025,2029,11,cold_start,100.0,1.25,0.1
Classical_ESN,ARMA_1_2_stochastic,0.3188458789860242,0.7602773138184206,2.384466489691546,0.3,1e-08,10,,0,2025,2028,11,cold_start,100.0,1.25,0.1
Classical_ESN,ARMA_1_2_stochastic,0.04631341255691985,2.2244891843891725,48.03120870558271,0.5,1e-08,1,,0,2025,2029,11,cold_start,100.0,1.25,0.1
Classical_ESN,ARMA_1_2_stochastic,0.02373739042051324,1.0365298719927547,43.66654689628445,0.5,1e-08,2,,0,2025,2026,11,cold_start,100.0,1.25,0.1
Classical_ESN,ARMA_1_2_stochastic,0.03369516947211697,1.0984242515936413,32.598864133999875,0.5,1e-08,4,,0,2025,2028,11,cold_start,100.0,1.25,0.1
Classical_ESN,ARMA_1_2_stochastic,0.05008604081194083,0.08347783061462827,1.6666885475748487,0.5,1e-08,6,,0,2025,2035,11,cold_start,100.0,1.25,0.1
Classical_ESN,ARMA_1_2_stochastic,0.20211564340155921,0.5085453827484178,2.5161109461381486,0.5,1e-08,8,,0,2025,2030,11,cold_start,100.0,1.25,0.1
Classical_ESN,ARMA_1_2_stochastic,0.08211780213744865,0.30265745104142483,3.6856496784319344,0.5,1e-08,10,,0,2025,2028,11,cold_start,100.0,1.25,0.1
Classical_ESN,ARMA_1_2_stochastic,0.023019329543516015,0.7000599863793433,30.411832154187703,0.7,1e-08,1,,0,2025,2028,11,cold_start,100.0,1.25,0.1
Classical_ESN,ARMA_1_2_stochastic,0.017490223286739413,2.690775385751473,153.84454169842084,0.7,1e-08,2,,0,2025,2026,11,cold_start,100.0,1.25,0.1
Classical_ESN,ARMA_1_2_stochastic,0.019222991531355905,0.2278166547683605,11.851259175594679,0.7,1e-08,4,,0,2025,2032,11,cold_start,100.0,1.25,0.1
Classical_ESN,ARMA_1_2_stochastic,0.026898160873125944,0.032342307427849395,1.202398468073805,0.7,1e-08,6,,0,2025,2034,11,cold_start,100.0,1.25,0.1
Classical_ESN,ARMA_1_2_stochastic,0.025502897492065798,0.09622879992890028,3.7732496850147323,0.7,1e-08,8,,0,2025,2034,11,cold_start,100.0,1.25,0.1
Classical_ESN,ARMA_1_2_stochastic,0.023573365843146298,8.786502862163609,372.73009381128276,0.7,1e-08,10,,0,2025,2029,11,cold_start,100.0,1.25,0.1
Classical_ESN,ARMA_1_2_stochastic,0.014908781410885436,0.10165662309206275,6.8185735836088925,0.9,1e-08,1,,0,2025,2030,11,cold_start,100.0,1.25,0.1
Classical_ESN,ARMA_1_2_stochastic,0.016455790767082,0.611902118944908,37.18460738872245,0.9,1e-08,2,,0,2025,2032,11,cold_start,100.0,1.25,0.1
Classical_ESN,ARMA_1_2_stochastic,0.015192046372632146,0.020534560150049164,1.3516651836345983,0.9,1e-08,4,,0,2025,2035,11,cold_start,100.0,1.25,0.1
Classical_ESN,ARMA_1_2_stochastic,0.013432723511102638,0.01566679263372056,1.1663154252204613,0.9,1e-08,6,,0,2025,2029,11,cold_start,100.0,1.25,0.1
Classical_ESN,ARMA_1_2_stochastic,0.0132462411935405,0.02648212961135217,1.999218436718948,0.9,1e-08,8,,0,2025,2034,11,cold_start,100.0,1.25,0.1
Classical_ESN,ARMA_1_2_stochastic,0.02684587999518853,0.09639407325608025,3.590646805891874,0.9,1e-08,10,,0,2025,2030,11,cold_start,100.0,1.25,0.1
Classical_ESN,ARMA_1_2_stochastic,28.50262733644644,32.80214787695586,1.1508464637227178,0.1,1e-08,1,,0,2025,2028,11,cold_start,100.0,1.25,0.2
Classical_ESN,ARMA_1_2_stochastic,9.307693370654311,35.597662343921016,3.8245417985249524,0.1,1e-08,2,,0,2025,2026,11,cold_start,100.0,1.25,0.2
Classical_ESN,ARMA_1_2_stochastic,9.432240019333848,44.365015706261886,4.703550335373587,0.1,1e-08,4,,0,2025,2031,11,cold_start,100.0,1.25,0.2
Classical_ESN,ARMA_1_2_stochastic,3.283696276340338,9.966878326823553,3.0352619390035627,0.1,1e-08,6,,0,2025,2035,11,cold_start,100.0,1.25,0.2
Classical_ESN,ARMA_1_2_stochastic,7.848252180088244,4.853414588357413,0.6184070640175126,0.1,1e-08,8,,0,2025,2029,11,cold_start,100.0,1.25,0.2
Classical_ESN,ARMA_1_2_stochastic,4.737219560344102,8.52738150787596,1.8000815455673218,0.1,1e-08,10,,0,2025,2033,11,cold_start,100.0,1.25,0.2
Classical_ESN,ARMA_1_2_stochastic,0.1354663348540049,1.8794809185219132,13.874154937073273,0.3,1e-08,1,,0,2025,2029,11,cold_start,100.0,1.25,0.2
Classical_ESN,ARMA_1_2_stochastic,0.0539481578753983,1.8908410612815743,35.04922384280047,0.3,1e-08,2,,0,2025,2027,11,cold_start,100.0,1.25,0.2
Classical_ESN,ARMA_1_2_stochastic,0.10346329225719247,1.3497366666737391,13.045560770659792,0.3,1e-08,4,,0,2025,2032,11,cold_start,100.0,1.25,0.2
Classical_ESN,ARMA_1_2_stochastic,0.06780184982301297,1.0644216171215126,15.699005556633526,0.3,1e-08,6,,0,2025,2027,11,cold_start,100.0,1.25,0.2
Classical_ESN,ARMA_1_2_stochastic,1.0014921215514196,0.6835625586026259,0.6825441198116602,0.3,1e-08,8,,0,2025,2026,11,cold_start,100.0,1.25,0.2
Classical_ESN,ARMA_1_2_stochastic,0.5929091473764554,1.2324127628725925,2.0785861852964422,0.3,1e-08,10,,0,2025,2033,11,cold_start,100.0,1.25,0.2
Classical_ESN,ARMA_1_2_stochastic,0.0212524327450287,2.223237595988532,104.61096960810684,0.5,1e-08,1,,0,2025,2029,11,cold_start,100.0,1.25,0.2
Classical_ESN,ARMA_1_2_stochastic,0.025346864903156442,1.2077326377991573,47.64820589897722,0.5,1e-08,2,,0,2025,2035,11,cold_start,100.0,1.25,0.2
Classical_ESN,ARMA_1_2_stochastic,0.09010271165688981,0.6417912545093636,7.122885013198027,0.5,1e-08,4,,0,2025,2027,11,cold_start,100.0,1.25,0.2
Classical_ESN,ARMA_1_2_stochastic,0.026660699826324775,0.21712037882008148,8.143836442196346,0.5,1e-08,6,,0,2025,2027,11,cold_start,100.0,1.25,0.2
Classical_ESN,ARMA_1_2_stochastic,0.21121881106736806,0.4567351782972944,2.1623792691060033,0.5,1e-08,8,,0,2025,2026,11,cold_start,100.0,1.25,0.2
Classical_ESN,ARMA_1_2_stochastic,0.16350291332510203,0.19586241871013396,1.1979139375987125,0.5,1e-08,10,,0,2025,2031,11,cold_start,100.0,1.25,0.2
Classical_ESN,ARMA_1_2_stochastic,0.019610049738675427,0.39726745919624057,20.258360610515933,0.7,1e-08,1,,0,2025,2029,11,cold_start,100.0,1.25,0.2
Classical_ESN,ARMA_1_2_stochastic,0.018044272632432617,0.2753520819017102,15.259805009086083,0.7,1e-08,2,,0,2025,2032,11,cold_start,100.0,1.25,0.2
Classical_ESN,ARMA_1_2_stochastic,0.07156707100560729,0.19230279173716874,2.687028951095425,0.7,1e-08,4,,0,2025,2027,11,cold_start,100.0,1.25,0.2
Classical_ESN,ARMA_1_2_stochastic,0.01599627222319777,0.14458813883310506,9.038864606431462,0.7,1e-08,6,,0,2025,2035,11,cold_start,100.0,1.25,0.2
Classical_ESN,ARMA_1_2_stochastic,0.030682304847287303,0.08984532418934024,2.9282456007304707,0.7,1e-08,8,,0,2025,2030,11,cold_start,100.0,1.25,0.2
Classical_ESN,ARMA_1_2_stochastic,0.04509461842458882,0.041321673463402354,0.9163327001536578,0.7,1e-08,10,,0,2025,2028,11,cold_start,100.0,1.25,0.2
Classical_ESN,ARMA_1_2_stochastic,0.016372108011006147,0.04467071435006183,2.728464429872558,0.9,1e-08,1,,0,2025,2033,11,cold_start,100.0,1.25,0.2
Classical_ESN,ARMA_1_2_stochastic,0.014734428795147832,0.03421151933312036,2.3218761859561527,0.9,1e-08,2,,0,2025,2032,11,cold_start,100.0,1.25,0.2
Classical_ESN,ARMA_1_2_stochastic,0.019052880223892784,0.1340333421179257,7.0348073647072304,0.9,1e-08,4,,0,2025,2032,11,cold_start,100.0,1.25,0.2
Classical_ESN,ARMA_1_2_stochastic,0.014690832263235433,0.024068606890626457,1.6383419577159961,0.9,1e-08,6,,0,2025,2032,11,cold_start,100.0,1.25,0.2
Classical_ESN,ARMA_1_2_stochastic,0.018996407488215652,0.017160773024362707,0.9033693889230543,0.9,1e-08,8,,0,2025,2026,11,cold_start,100.0,1.25,0.2
Classical_ESN,ARMA_1_2_stochastic,0.025778099554233366,0.01014533757706551,0.39356421739784186,0.9,1e-08,10,,0,2025,2031,11,cold_start,100.0,1.25,0.2
Classical_ESN,ARMA_1_2_stochastic,0.022832382914573346,0.006630473474282361,0.29039778717315984,0.1,1e-08,1,,0,2025,2025,11,cold_start,150.0,0.9,0.1
Classical_ESN,ARMA_1_2_stochastic,0.09346052996151298,0.2337511889737669,2.501068515982368,0.1,1e-08,2,,0,2025,2033,11,cold_start,150.0,0.9,0.1
Classical_ESN,ARMA_1_2_stochastic,0.15683530194191703,0.38576051181588294,2.4596535795158347,0.1,1e-08,4,,0,2025,2029,11,cold_start,150.0,0.9,0.1
Classical_ESN,ARMA_1_2_stochastic,0.48753978936166326,0.6188959300016688,1.2694265032439513,0.1,1e-08,6,,0,2025,2026,11,cold_start,150.0,0.9,0.1
Classical_ESN,ARMA_1_2_stochastic,3.2000511775394123,6.546576926129377,2.0457725714134294,0.1,1e-08,8,,0,2025,2033,11,cold_start,150.0,0.9,0.1
Classical_ESN,ARMA_1_2_stochastic,0.7451103635800798,1.3647624589845573,1.8316245830043152,0.1,1e-08,10,,0,2025,2029,11,cold_start,150.0,0.9,0.1
Classical_ESN,ARMA_1_2_stochastic,0.012070074113855153,0.0009968802140192317,0.08259105989042105,0.3,1e-08,1,,0,2025,2032,11,cold_start,150.0,0.9,0.1
Classical_ESN,ARMA_1_2_stochastic,0.02797759938575971,0.016040889192276305,0.5733475903740669,0.3,1e-08,2,,0,2025,2032,11,cold_start,150.0,0.9,0.1
Classical_ESN,ARMA_1_2_stochastic,0.05193433890032266,0.07137807140080187,1.3743906808517863,0.3,1e-08,4,,0,2025,2035,11,cold_start,150.0,0.9,0.1
Classical_ESN,ARMA_1_2_stochastic,0.4603453619429385,0.7424104057697886,1.6127248521335447,0.3,1e-08,6,,0,2025,2031,11,cold_start,150.0,0.9,0.1
Classical_ESN,ARMA_1_2_stochastic,1.786986355176229,1.592902748766113,0.8913905493190092,0.3,1e-08,8,,0,2025,2034,11,cold_start,150.0,0.9,0.1
Classical_ESN,ARMA_1_2_stochastic,0.38340124028780465,0.7318377537983995,1.9088038245495422,0.3,1e-08,10,,0,2025,2031,11,cold_start,150.0,0.9,0.1
Classical_ESN,ARMA_1_2_stochastic,0.010228639777209008,0.0004371607128405675,0.04273889024957445,0.5,1e-08,1,,0,2025,2028,11,cold_start,150.0,0.9,0.1
Classical_ESN,ARMA_1_2_stochastic,0.01543036079557672,0.014714426319174162,0.9536022205904746,0.5,1e-08,2,,0,2025,2032,11,cold_start,150.0,0.9,0.1
Classical_ESN,ARMA_1_2_stochastic,0.07131442573736158,0.09905543930341565,1.3889958206803672,0.5,1e-08,4,,0,2025,2035,11,cold_start,150.0,0.9,0.1
Classical_ESN,ARMA_1_2_stochastic,0.6996173959208142,0.6537290282563223,0.9344093386870476,0.5,1e-08,6,,0,2025,2031,11,cold_start,150.0,0.9,0.1
Classical_ESN,ARMA_1_2_stochastic,1.4709478743070652,0.6709667864084251,0.45614586222132747,0.5,1e-08,8,,0,2025,2035,11,cold_start,150.0,0.9,0.1
Classical_ESN,ARMA_1_2_stochastic,0.35235020297685987,0.5037580619829745,1.429708448375885,0.5,1e-08,10,,0,2025,2034,11,cold_start,150.0,0.9,0.1
Classical_ESN,ARMA_1_2_stochastic,0.009733457915584382,0.0003471389130104241,0.03566450032671482,0.7,1e-08,1,,0,2025,2028,11,cold_start,150.0,0.9,0.1
Classical_ESN,ARMA_1_2_stochastic,0.012961490250054011,0.0036014222730303236,0.27785557089126506,0.7,1e-08,2,,0,2025,2030,11,cold_start,150.0,0.9,0.1
Classical_ESN,ARMA_1_2_stochastic,0.059848380647428825,0.09597252941243982,1.6035944226765464,0.7,1e-08,4,,0,2025,2028,11,cold_start,150.0,0.9,0.1
Classical_ESN,ARMA_1_2_stochastic,1.0580184850994212,0.5132983086584618,0.48515060548325634,0.7,1e-08,6,,0,2025,2032,11,cold_start,150.0,0.9,0.1
Classical_ESN,ARMA_1_2_stochastic,0.5936445398548954,0.8473113982975847,1.4273042897096184,0.7,1e-08,8,,0,2025,2031,11,cold_start,150.0,0.9,0.1
Classical_ESN,ARMA_1_2_stochastic,0.20016310980929147,0.10606489492624004,0.5298923214537136,0.7,1e-08,10,,0,2025,2025,11,cold_start,150.0,0.9,0.1
Classical_ESN,ARMA_1_2_stochastic,0.009741951425827983,0.0004828136227835445,0.04956025766085253,0.9,1e-08,1,,0,2025,2035,11,cold_start,150.0,0.9,0.1
Classical_ESN,ARMA_1_2_stochastic,0.011019274109025418,0.0008589908981491139,0.07795349218561966,0.9,1e-08,2,,0,2025,2031,11,cold_start,150.0,0.9,0.1
Classical_ESN,ARMA_1_2_stochastic,0.026712986330370392,0.017648977664773857,0.6606890538744622,0.9,1e-08,4,,0,2025,2033,11,cold_start,150.0,0.9,0.1
Classical_ESN,ARMA_1_2_stochastic,0.324080690743635,0.3214898936217927,0.9920057035305082,0.9,1e-08,6,,0,2025,2027,11,cold_start,150.0,0.9,0.1
Classical_ESN,ARMA_1_2_stochastic,0.1314266946704323,0.45725720110723894,3.47918055958011,0.9,1e-08,8,,0,2025,2030,11,cold_start,150.0,0.9,0.1
Classical_ESN,ARMA_1_2_stochastic,0.09391500576071607,0.032263037698499794,0.3435344270829527,0.9,1e-08,10,,0,2025,2031,11,cold_start,150.0,0.9,0.1
Classical_ESN,ARMA_1_2_stochastic,0.02616488437524507,0.012588331208583697,0.48111549158970013,0.1,1e-08,1,,0,2025,2035,11,cold_start,150.0,0.9,0.2
Classical_ESN,ARMA_1_2_stochastic,0.07112002953152742,0.2225434294416119,3.1291245364705405,0.1,1e-08,2,,0,2025,2028,11,cold_start,150.0,0.9,0.2
Classical_ESN,ARMA_1_2_stochastic,0.21313338962382664,0.3452240294957306,1.6197557318683833,0.1,1e-08,4,,0,2025,2027,11,cold_start,150.0,0.9,0.2
Classical_ESN,ARMA_1_2_stochastic,1.7528393792130041,2.828988056283814,1.6139459723651248,0.1,1e-08,6,,0,2025,2027,11,cold_start,150.0,0.9,0.2
Classical_ESN,ARMA_1_2_stochastic,2.3196695727293224,10.451746901394083,4.505705047075546,0.1,1e-08,8,,0,2025,2035,11,cold_start,150.0,0.9,0.2
Classical_ESN,ARMA_1_2_stochastic,0.7032934085018274,1.3748270051581084,1.9548413059732752,0.1,1e-08,10,,0,2025,2032,11,cold_start,150.0,0.9,0.2
Classical_ESN,ARMA_1_2_stochastic,0.011641399994332474,0.0016455283712372446,0.14135141581239002,0.3,1e-08,1,,0,2025,2035,11,cold_start,150.0,0.9,0.2
Classical_ESN,ARMA_1_2_stochastic,0.029850042151887364,0.02235234152178271,0.7488211041058583,0.3,1e-08,2,,0,2025,2026,11,cold_start,150.0,0.9,0.2
Classical_ESN,ARMA_1_2_stochastic,0.06559870796375615,0.052087675172968355,0.7940350776687133,0.3,1e-08,4,,0,2025,2028,11,cold_start,150.0,0.9,0.2
Classical_ESN,ARMA_1_2_stochastic,1.0834867462673257,0.8054175787571604,0.7433571121491521,0.3,1e-08,6,,0,2025,2029,11,cold_start,150.0,0.9,0.2
Classical_ESN,ARMA_1_2_stochastic,2.1430871462927947,2.020889490643064,0.9429805475427755,0.3,1e-08,8,,0,2025,2033,11,cold_start,150.0,0.9,0.2
Classical_ESN,ARMA_1_2_stochastic,0.3407013161763765,1.7820417638875623,5.230510359886673,0.3,1e-08,10,,0,2025,2035,11,cold_start,150.0,0.9,0.2
Classical_ESN,ARMA_1_2_stochastic,0.010255035326412056,0.00042071538354030444,0.041025249562694655,0.5,1e-08,1,,0,2025,2035,11,cold_start,150.0,0.9,0.2
Classical_ESN,ARMA_1_2_stochastic,0.017072844968088946,0.015277359790843426,0.894833861573658,0.5,1e-08,2,,0,2025,2026,11,cold_start,150.0,0.9,0.2
Classical_ESN,ARMA_1_2_stochastic,0.0678643620883066,0.0497054007022009,0.732422720448225,0.5,1e-08,4,,0,2025,2034,11,cold_start,150.0,0.9,0.2
Classical_ESN,ARMA_1_2_stochastic,1.1239815023790825,1.1653348377787345,1.036791829146762,0.5,1e-08,6,,0,2025,2030,11,cold_start,150.0,0.9,0.2
Classical_ESN,ARMA_1_2_stochastic,0.5366722779022145,1.8132294142072767,3.37865302320993,0.5,1e-08,8,,0,2025,2029,11,cold_start,150.0,0.9,0.2
Classical_ESN,ARMA_1_2_stochastic,0.2645781148486142,0.391950158658511,1.4814156449892928,0.5,1e-08,10,,0,2025,2032,11,cold_start,150.0,0.9,0.2
Classical_ESN,ARMA_1_2_stochastic,0.009779682636629154,0.00019710813856945494,0.020154860427801558,0.7,1e-08,1,,0,2025,2033,11,cold_start,150.0,0.9,0.2
Classical_ESN,ARMA_1_2_stochastic,0.012891558263885525,0.004526478634727875,0.35111958865425713,0.7,1e-08,2,,0,2025,2026,11,cold_start,150.0,0.9,0.2
Classical_ESN,ARMA_1_2_stochastic,0.12178493435129444,0.07533043312360707,0.6185529722938705,0.7,1e-08,4,,0,2025,2028,11,cold_start,150.0,0.9,0.2
Classical_ESN,ARMA_1_2_stochastic,0.8769536288980996,0.7785031833180031,0.8877358593021613,0.7,1e-08,6,,0,2025,2034,11,cold_start,150.0,0.9,0.2
Classical_ESN,ARMA_1_2_stochastic,0.48260008175546687,0.5040907704062275,1.0445310505804057,0.7,1e-08,8,,0,2025,2026,11,cold_start,150.0,0.9,0.2
Classical_ESN,ARMA_1_2_stochastic,0.08874061254670841,0.23049331870509807,2.597382552253383,0.7,1e-08,10,,0,2025,2025,11,cold_start,150.0,0.9,0.2
Classical_ESN,ARMA_1_2_stochastic,0.009647957190378973,0.00030692394949205043,0.031812324975707566,0.9,1e-08,1,,0,2025,2035,11,cold_start,150.0,0.9,0.2
Classical_ESN,ARMA_1_2_stochastic,0.010682285919738455,0.0015194767964198884,0.14224266302517125,0.9,1e-08,2,,0,2025,2027,11,cold_start,150.0,0.9,0.2
Classical_ESN,ARMA_1_2_stochastic,0.06700965517002831,0.12724726540254425,1.898939265985936,0.9,1e-08,4,,0,2025,2030,11,cold_start,150.0,0.9,0.2
Classical_ESN,ARMA_1_2_stochastic,0.666406300135375,0.4207534941395885,0.6313768253002948,0.9,1e-08,6,,0,2025,2034,11,cold_start,150.0,0.9,0.2
Classical_ESN,ARMA_1_2_stochastic,0.222522291603565,0.5342828772223898,2.4010308062719505,0.9,1e-08,8,,0,2025,2025,11,cold_start,150.0,0.9,0.2
Classical_ESN,ARMA_1_2_stochastic,0.1067096249063603,0.07606820790010246,0.7128523595397673,0.9,1e-08,10,,0,2025,2030,11,cold_start,150.0,0.9,0.2
Classical_ESN,ARMA_1_2_stochastic,4.497141511086799,95.17045309259468,21.1624323713121,0.1,1e-08,1,,0,2025,2033,11,cold_start,150.0,1.1,0.1
Classical_ESN,ARMA_1_2_stochastic,10.663422478094587,59.60232684588192,5.589418122401174,0.1,1e-08,2,,0,2025,2031,11,cold_start,150.0,1.1,0.1
Classical_ESN,ARMA_1_2_stochastic,40.918289875003005,61.19169712298272,1.4954607660757773,0.1,1e-08,4,,0,2025,2028,11,cold_start,150.0,1.1,0.1
Classical_ESN,ARMA_1_2_stochastic,13.377560722756883,17.33423216066807,1.2957692751250531,0.1,1e-08,6,,0,2025,2028,11,cold_start,150.0,1.1,0.1
Classical_ESN,ARMA_1_2_stochastic,21.124597915474133,66.63892276618799,3.154565262393649,0.1,1e-08,8,,0,2025,2028,11,cold_start,150.0,1.1,0.1
Classical_ESN,ARMA_1_2_stochastic,9.424911358837853,39.468669817183624,4.187696659892018,0.1,1e-08,10,,0,2025,2027,11,cold_start,150.0,1.1,0.1
Classical_ESN,ARMA_1_2_stochastic,0.3708390092388686,0.9498937639835927,2.5614720682519607,0.3,1e-08,1,,0,2025,2029,11,cold_start,150.0,1.1,0.1
Classical_ESN,ARMA_1_2_stochastic,0.650341171616078,2.4897427060807766,3.828363964553931,0.3,1e-08,2,,0,2025,2027,11,cold_start,150.0,1.1,0.1
Classical_ESN,ARMA_1_2_stochastic,0.6722655802662544,1.240197666306797,1.8448031592151575,0.3,1e-08,4,,0,2025,2026,11,cold_start,150.0,1.1,0.1
Classical_ESN,ARMA_1_2_stochastic,1.1476494680843852,1.3036621012103462,1.1359410146256346,0.3,1e-08,6,,0,2025,2028,11,cold_start,150.0,1.1,0.1
Classical_ESN,ARMA_1_2_stochastic,0.45423396307389174,0.29675792494988895,0.6533151394969873,0.3,1e-08,8,,0,2025,2032,11,cold_start,150.0,1.1,0.1
Classical_ESN,ARMA_1_2_stochastic,0.5568867768213587,2.3062768775257063,4.141374824321834,0.3,1e-08,10,,0,2025,2034,11,cold_start,150.0,1.1,0.1
Classical_ESN,ARMA_1_2_stochastic,0.04892985979630536,0.4875070376468919,9.96338513284894,0.5,1e-08,1,,0,2025,2026,11,cold_start,150.0,1.1,0.1
Classical_ESN,ARMA_1_2_stochastic,0.09289447618706403,0.5545941001517929,5.9701515409268495,0.5,1e-08,2,,0,2025,2032,11,cold_start,150.0,1.1,0.1
Classical_ESN,ARMA_1_2_stochastic,0.1562062835954335,0.2810522751549102,1.799237960764892,0.5,1e-08,4,,0,2025,2028,11,cold_start,150.0,1.1,0.1
Classical_ESN,ARMA_1_2_stochastic,0.3543469067748258,0.3579874913073449,1.0102740688938272,0.5,1e-08,6,,0,2025,2031,11,cold_start,150.0,1.1,0.1
Classical_ESN,ARMA_1_2_stochastic,0.10439648018234414,0.6269991596003219,6.005941565320724,0.5,1e-08,8,,0,2025,2028,11,cold_start,150.0,1.1,0.1
Classical_ESN,ARMA_1_2_stochastic,0.14510355383500959,0.2547021802614728,1.7553131782773745,0.5,1e-08,10,,0,2025,2025,11,cold_start,150.0,1.1,0.1
Classical_ESN,ARMA_1_2_stochastic,0.016823576189027717,0.06155847281290519,3.6590598884114445,0.7,1e-08,1,,0,2025,2026,11,cold_start,150.0,1.1,0.1
Classical_ESN,ARMA_1_2_stochastic,0.03305505120030464,0.20979310513151384,6.346779009968084,0.7,1e-08,2,,0,2025,2034,11,cold_start,150.0,1.1,0.1
Classical_ESN,ARMA_1_2_stochastic,0.03672992167744727,0.10255431354359285,2.7921190370128874,0.7,1e-08,4,,0,2025,2028,11,cold_start,150.0,1.1,0.1
Classical_ESN,ARMA_1_2_stochastic,0.053362391135741094,0.07174391303722748,1.3444658590116063,0.7,1e-08,6,,0,2025,2025,11,cold_start,150.0,1.1,0.1
Classical_ESN,ARMA_1_2_stochastic,0.060866988566899885,0.037426444711632284,0.6148890489381823,0.7,1e-08,8,,0,2025,2028,11,cold_start,150.0,1.1,0.1
Classical_ESN,ARMA_1_2_stochastic,0.03626053158083525,0.14297439135848583,3.9429756025433447,0.7,1e-08,10,,0,2025,2034,11,cold_start,150.0,1.1,0.1
Classical_ESN,ARMA_1_2_stochastic,0.012697863819040237,0.022829805963638334,1.797924933594375,0.9,1e-08,1,,0,2025,2033,11,cold_start,150.0,1.1,0.1
Classical_ESN,ARMA_1_2_stochastic,0.01523755759451952,0.014548715774449904,0.954793160531359,0.9,1e-08,2,,0,2025,2034,11,cold_start,150.0,1.1,0.1
Classical_ESN,ARMA_1_2_stochastic,0.01819773596782499,0.015153507117143755,0.8327138685788349,0.9,1e-08,4,,0,2025,2028,11,cold_start,150.0,1.1,0.1
Classical_ESN,ARMA_1_2_stochastic,0.01656755233104581,0.020250403601869697,1.2222930217593229,0.9,1e-08,6,,0,2025,2029,11,cold_start,150.0,1.1,0.1
Classical_ESN,ARMA_1_2_stochastic,0.01483265296789615,0.016457263076433973,1.1095293007969738,0.9,1e-08,8,,0,2025,2035,11,cold_start,150.0,1.1,0.1
Classical_ESN,ARMA_1_2_stochastic,0.016971936357533794,0.01662977950359698,0.9798398458061074,0.9,1e-08,10,,0,2025,2034,11,cold_start,150.0,1.1,0.1
Classical_ESN,ARMA_1_2_stochastic,12.280751139219785,20.876764715199503,1.6999582907048336,0.1,1e-08,1,,0,2025,2035,11,cold_start,150.0,1.1,0.2
Classical_ESN,ARMA_1_2_stochastic,23.849306011510482,83.19786279673376,3.4884814994859665,0.1,1e-08,2,,0,2025,2033,11,cold_start,150.0,1.1,0.2
Classical_ESN,ARMA_1_2_stochastic,9.235500336052175,25.155654596118598,2.7237998679854614,0.1,1e-08,4,,0,2025,2034,11,cold_start,150.0,1.1,0.2
Classical_ESN,ARMA_1_2_stochastic,11.907740142727548,24.986625364460313,2.0983515818255807,0.1,1e-08,6,,0,2025,2027,11,cold_start,150.0,1.1,0.2
Classical_ESN,ARMA_1_2_stochastic,22.950705732939614,22.234961241908866,0.9688138352101527,0.1,1e-08,8,,0,2025,2029,11,cold_start,150.0,1.1,0.2
Classical_ESN,ARMA_1_2_stochastic,18.36456355231191,8.298947092827992,0.4519000448438776,0.1,1e-08,10,,0,2025,2028,11,cold_start,150.0,1.1,0.2
Classical_ESN,ARMA_1_2_stochastic,0.22480326010421814,0.6640540877073315,2.9539344198099173,0.3,1e-08,1,,0,2025,2027,11,cold_start,150.0,1.1,0.2
Classical_ESN,ARMA_1_2_stochastic,0.37316046517841,3.426811755679212,9.183212251707412,0.3,1e-08,2,,0,2025,2031,11,cold_start,150.0,1.1,0.2
Classical_ESN,ARMA_1_2_stochastic,0.533423623048852,1.3614812912457432,2.5523453263356055,0.3,1e-08,4,,0,2025,2029,11,cold_start,150.0,1.1,0.2
Classical_ESN,ARMA_1_2_stochastic,0.5465959975763567,0.7453549467169561,1.3636304510496051,0.3,1e-08,6,,0,2025,2031,11,cold_start,150.0,1.1,0.2
Classical_ESN,ARMA_1_2_stochastic,0.8912331900061877,1.7205589799501078,1.9305373714124832,0.3,1e-08,8,,0,2025,2033,11,cold_start,150.0,1.1,0.2
Classical_ESN,ARMA_1_2_stochastic,0.3918260402751115,0.43392801785173435,1.1074506879304447,0.3,1e-08,10,,0,2025,2035,11,cold_start,150.0,1.1,0.2
Classical_ESN,ARMA_1_2_stochastic,0.05779772084676554,0.2544847873594482,4.403024611197789,0.5,1e-08,1,,0,2025,2029,11,cold_start,150.0,1.1,0.2
Classical_ESN,ARMA_1_2_stochastic,0.09819848379334932,1.3615967036828274,13.865760967839345,0.5,1e-08,2,,0,2025,2031,11,cold_start,150.0,1.1,0.2
Classical_ESN,ARMA_1_2_stochastic,0.05941699528332406,0.32467500799696225,5.464345789429129,0.5,1e-08,4,,0,2025,2033,11,cold_start,150.0,1.1,0.2
Classical_ESN,ARMA_1_2_stochastic,0.2587273031223266,0.4072404451839177,1.5740141850872766,0.5,1e-08,6,,0,2025,2026,11,cold_start,150.0,1.1,0.2
Classical_ESN,ARMA_1_2_stochastic,0.1811137152991671,0.6977744765741826,3.8526871110870062,0.5,1e-08,8,,0,2025,2027,11,cold_start,150.0,1.1,0.2
Classical_ESN,ARMA_1_2_stochastic,0.08968460912728482,0.09827398543540909,1.095773136457938,0.5,1e-08,10,,0,2025,2034,11,cold_start,150.0,1.1,0.2
Classical_ESN,ARMA_1_2_stochastic,0.015793996536007413,0.114646884451062,7.25889005925056,0.7,1e-08,1,,0,2025,2034,11,cold_start,150.0,1.1,0.2
Classical_ESN,ARMA_1_2_stochastic,0.041141451688711625,0.703249736618105,17.093459461253342,0.7,1e-08,2,,0,2025,2031,11,cold_start,150.0,1.1,0.2
Classical_ESN,ARMA_1_2_stochastic,0.023240737891937042,0.16755659352886143,7.209607298526962,0.7,1e-08,4,,0,2025,2033,11,cold_start,150.0,1.1,0.2
Classical_ESN,ARMA_1_2_stochastic,0.038389124800480214,0.13188030912696302,3.435355971577485,0.7,1e-08,6,,0,2025,2033,11,cold_start,150.0,1.1,0.2
Classical_ESN,ARMA_1_2_stochastic,0.04771608664631102,0.08842335167881453,1.853114073126754,0.7,1e-08,8,,0,2025,2035,11,cold_start,150.0,1.1,0.2
Classical_ESN,ARMA_1_2_stochastic,0.036412422489396606,0.030791174281255048,0.845622789591149,0.7,1e-08,10,,0,2025,2029,11,cold_start,150.0,1.1,0.2
Classical_ESN,ARMA_1_2_stochastic,0.012992844923232714,0.03635195497574092,2.797844135793494,0.9,1e-08,1,,0,2025,2026,11,cold_start,150.0,1.1,0.2
Classical_ESN,ARMA_1_2_stochastic,0.01597780480491351,0.1000874422138579,6.264154771942071,0.9,1e-08,2,,0,2025,2028,11,cold_start,150.0,1.1,0.2
Classical_ESN,ARMA_1_2_stochastic,0.012495903810572582,0.04594831487205657,3.6770701478336,0.9,1e-08,4,,0,2025,2028,11,cold_start,150.0,1.1,0.2
Classical_ESN,ARMA_1_2_stochastic,0.014070978096920338,0.031211485787998608,2.2181461425790827,0.9,1e-08,6,,0,2025,2030,11,cold_start,150.0,1.1,0.2
Classical_ESN,ARMA_1_2_stochastic,0.019286976388400844,0.011411814952032036,0.5916850169887221,0.9,1e-08,8,,0,2025,2031,11,cold_start,150.0,1.1,0.2
Classical_ESN,ARMA_1_2_stochastic,0.0175873550628319,0.01919977206158248,1.091680471167502,0.9,1e-08,10,,0,2025,2031,11,cold_start,150.0,1.1,0.2
Classical_ESN,ARMA_1_2_stochastic,178.58309065643186,235.03520877214183,1.3161112169590328,0.1,1e-08,1,,0,2025,2035,11,cold_start,150.0,1.25,0.1
Classical_ESN,ARMA_1_2_stochastic,220.2489362230812,310.5478707685666,1.4099857919587193,0.1,1e-08,2,,0,2025,2032,11,cold_start,150.0,1.25,0.1
Classical_ESN,ARMA_1_2_stochastic,47.40843967626291,305.0154640826534,6.433779853661217,0.1,1e-08,4,,0,2025,2026,11,cold_start,150.0,1.25,0.1
Classical_ESN,ARMA_1_2_stochastic,63.3420777078919,318.47945289598687,5.027928739007987,0.1,1e-08,6,,0,2025,2028,11,cold_start,150.0,1.25,0.1
Classical_ESN,ARMA_1_2_stochastic,50.935316126335294,94.85870563770231,1.8623366428594155,0.1,1e-08,8,,0,2025,2033,11,cold_start,150.0,1.25,0.1
Classical_ESN,ARMA_1_2_stochastic,34.11781763659621,46.86482152179067,1.373617211422148,0.1,1e-08,10,,0,2025,2029,11,cold_start,150.0,1.25,0.1
Classical_ESN,ARMA_1_2_stochastic,5.7519034152546835,5.383048218786452,0.9358724982255462,0.3,1e-08,1,,0,2025,2028,11,cold_start,150.0,1.25,0.1
Classical_ESN,ARMA_1_2_stochastic,1.4794625751620534,26.979571231444087,18.23606198925909,0.3,1e-08,2,,0,2025,2034,11,cold_start,150.0,1.25,0.1
Classical_ESN,ARMA_1_2_stochastic,0.9733553784332631,4.31553519033933,4.433668612676412,0.3,1e-08,4,,0,2025,2030,11,cold_start,150.0,1.25,0.1
Classical_ESN,ARMA_1_2_stochastic,1.7342806522982417,4.217225306934451,2.4316856105993283,0.3,1e-08,6,,0,2025,2029,11,cold_start,150.0,1.25,0.1
Classical_ESN,ARMA_1_2_stochastic,0.5026974746208566,0.5812057459353811,1.1561739918700344,0.3,1e-08,8,,0,2025,2034,11,cold_start,150.0,1.25,0.1
Classical_ESN,ARMA_1_2_stochastic,1.0303430824586572,6.125926701689902,5.945521259842793,0.3,1e-08,10,,0,2025,2034,11,cold_start,150.0,1.25,0.1
Classical_ESN,ARMA_1_2_stochastic,0.3051682117435039,5.599941191514145,18.35034245382326,0.5,1e-08,1,,0,2025,2027,11,cold_start,150.0,1.25,0.1
Classical_ESN,ARMA_1_2_stochastic,0.21043610898577197,1.837827288482953,8.733421737080361,0.5,1e-08,2,,0,2025,2026,11,cold_start,150.0,1.25,0.1
Classical_ESN,ARMA_1_2_stochastic,0.2144765355774336,0.9676651460120401,4.511752968252692,0.5,1e-08,4,,0,2025,2030,11,cold_start,150.0,1.25,0.1
Classical_ESN,ARMA_1_2_stochastic,0.4664604536314968,4.461724535377063,9.565064949539796,0.5,1e-08,6,,0,2025,2035,11,cold_start,150.0,1.25,0.1
Classical_ESN,ARMA_1_2_stochastic,0.053779587361494255,0.11392632259380518,2.1183933939101864,0.5,1e-08,8,,0,2025,2035,11,cold_start,150.0,1.25,0.1
Classical_ESN,ARMA_1_2_stochastic,0.1269100354850122,0.7670525592510822,6.044065438321223,0.5,1e-08,10,,0,2025,2025,11,cold_start,150.0,1.25,0.1
Classical_ESN,ARMA_1_2_stochastic,0.06965584029850509,5.467678059295726,78.49561552720324,0.7,1e-08,1,,0,2025,2027,11,cold_start,150.0,1.25,0.1
Classical_ESN,ARMA_1_2_stochastic,0.05696975099121843,0.552707384758327,9.701769362543358,0.7,1e-08,2,,0,2025,2029,11,cold_start,150.0,1.25,0.1
Classical_ESN,ARMA_1_2_stochastic,0.030625711550594823,0.7553377482727122,24.663516699844376,0.7,1e-08,4,,0,2025,2027,11,cold_start,150.0,1.25,0.1
Classical_ESN,ARMA_1_2_stochastic,0.0843157804729062,0.5269284537585271,6.2494642260691515,0.7,1e-08,6,,0,2025,2026,11,cold_start,150.0,1.25,0.1
Classical_ESN,ARMA_1_2_stochastic,0.017273986733487994,0.07710611663901874,4.463712854979676,0.7,1e-08,8,,0,2025,2026,11,cold_start,150.0,1.25,0.1
Classical_ESN,ARMA_1_2_stochastic,0.0722566699002222,0.2745262404879085,3.799320406918785,0.7,1e-08,10,,0,2025,2029,11,cold_start,150.0,1.25,0.1
Classical_ESN,ARMA_1_2_stochastic,0.021347239636375782,16.07541465738415,753.0441842228435,0.9,1e-08,1,,0,2025,2026,11,cold_start,150.0,1.25,0.1
Classical_ESN,ARMA_1_2_stochastic,0.015621221668556791,0.14515923440767123,9.292438036383242,0.9,1e-08,2,,0,2025,2033,11,cold_start,150.0,1.25,0.1
Classical_ESN,ARMA_1_2_stochastic,0.0160798757899851,0.07969636200763287,4.956279703184618,0.9,1e-08,4,,0,2025,2026,11,cold_start,150.0,1.25,0.1
Classical_ESN,ARMA_1_2_stochastic,0.02596240460453378,0.049357083359967094,1.9010983039432308,0.9,1e-08,6,,0,2025,2026,11,cold_start,150.0,1.25,0.1
Classical_ESN,ARMA_1_2_stochastic,0.015163539469166426,0.005662707445158435,0.3734423256966486,0.9,1e-08,8,,0,2025,2032,11,cold_start,150.0,1.25,0.1
Classical_ESN,ARMA_1_2_stochastic,0.02016537446615933,0.03094943612546683,1.5347811258057644,0.9,1e-08,10,,0,2025,2034,11,cold_start,150.0,1.25,0.1
Classical_ESN,ARMA_1_2_stochastic,197.89337444460244,208.5123588217318,1.0536601309009563,0.1,1e-08,1,,0,2025,2028,11,cold_start,150.0,1.25,0.2
Classical_ESN,ARMA_1_2_stochastic,435.26755740272745,3624.136162256777,8.32622625008456,0.1,1e-08,2,,0,2025,2035,11,cold_start,150.0,1.25,0.2
Classical_ESN,ARMA_1_2_stochastic,58.653129040346776,337.4607256387832,5.753499108404737,0.1,1e-08,4,,0,2025,2035,11,cold_start,150.0,1.25,0.2
Classical_ESN,ARMA_1_2_stochastic,135.72787150323606,92.35459819151771,0.6804394496771856,0.1,1e-08,6,,0,2025,2031,11,cold_start,150.0,1.25,0.2
Classical_ESN,ARMA_1_2_stochastic,53.37491850650163,45.06573332259879,0.8443241616773486,0.1,1e-08,8,,0,2025,2028,11,cold_start,150.0,1.25,0.2
Classical_ESN,ARMA_1_2_stochastic,14.828242515018237,25.8902676224942,1.7460105333637617,0.1,1e-08,10,,0,2025,2030,11,cold_start,150.0,1.25,0.2
Classical_ESN,ARMA_1_2_stochastic,3.0669467324294355,12.43538088673695,4.054645212858475,0.3,1e-08,1,,0,2025,2027,11,cold_start,150.0,1.25,0.2
Classical_ESN,ARMA_1_2_stochastic,4.041716511238599,71.9543876958463,17.802927913367085,0.3,1e-08,2,,0,2025,2031,11,cold_start,150.0,1.25,0.2
Classical_ESN,ARMA_1_2_stochastic,0.5486082904532316,2.952208631737465,5.38126871779226,0.3,1e-08,4,,0,2025,2034,11,cold_start,150.0,1.25,0.2
Classical_ESN,ARMA_1_2_stochastic,0.9388059411028267,1.8251222854922344,1.94408898110321,0.3,1e-08,6,,0,2025,2026,11,cold_start,150.0,1.25,0.2
Classical_ESN,ARMA_1_2_stochastic,0.6197709065462659,4.270130093117434,6.889852440659327,0.3,1e-08,8,,0,2025,2034,11,cold_start,150.0,1.25,0.2
Classical_ESN,ARMA_1_2_stochastic,0.7477591404696213,1.9102730865835995,2.5546636385934045,0.3,1e-08,10,,0,2025,2030,11,cold_start,150.0,1.25,0.2
Classical_ESN,ARMA_1_2_stochastic,0.8971491955990577,3.8995976914580694,4.346654615071212,0.5,1e-08,1,,0,2025,2032,11,cold_start,150.0,1.25,0.2
Classical_ESN,ARMA_1_2_stochastic,0.6008192401872311,42.24105342156888,70.30576019570454,0.5,1e-08,2,,0,2025,2031,11,cold_start,150.0,1.25,0.2
Classical_ESN,ARMA_1_2_stochastic,0.050949788474593694,1.8462557097292633,36.23676888570216,0.5,1e-08,4,,0,2025,2025,11,cold_start,150.0,1.25,0.2
Classical_ESN,ARMA_1_2_stochastic,0.12146342964087058,0.7687350567600606,6.328942456449402,0.5,1e-08,6,,0,2025,2034,11,cold_start,150.0,1.25,0.2
Classical_ESN,ARMA_1_2_stochastic,0.07927911245180508,0.43958901905302744,5.544827703769514,0.5,1e-08,8,,0,2025,2035,11,cold_start,150.0,1.25,0.2
Classical_ESN,ARMA_1_2_stochastic,0.09604987876906895,0.2197085750176059,2.287442502096722,0.5,1e-08,10,,0,2025,2030,11,cold_start,150.0,1.25,0.2
Classical_ESN,ARMA_1_2_stochastic,0.04844294698266959,2.164581481017837,44.683109014656225,0.7,1e-08,1,,0,2025,2030,11,cold_start,150.0,1.25,0.2
Classical_ESN,ARMA_1_2_stochastic,0.06827732682167145,4.539842013260086,66.49120908200413,0.7,1e-08,2,,0,2025,2032,11,cold_start,150.0,1.25,0.2
Classical_ESN,ARMA_1_2_stochastic,0.025474016699067327,0.7974906771063961,31.30604358658501,0.7,1e-08,4,,0,2025,2028,11,cold_start,150.0,1.25,0.2
Classical_ESN,ARMA_1_2_stochastic,0.03471754009612258,0.9282551628005377,26.737354093362438,0.7,1e-08,6,,0,2025,2030,11,cold_start,150.0,1.25,0.2
Classical_ESN,ARMA_1_2_stochastic,0.028575351086048056,0.053662281921187535,1.8779220510570804,0.7,1e-08,8,,0,2025,2031,11,cold_start,150.0,1.25,0.2
Classical_ESN,ARMA_1_2_stochastic,0.024082322575143984,0.07659164833653495,3.1804095347342978,0.7,1e-08,10,,0,2025,2027,11,cold_start,150.0,1.25,0.2
Classical_ESN,ARMA_1_2_stochastic,0.035323673399012503,0.8346444943905418,23.628473883859282,0.9,1e-08,1,,0,2025,2026,11,cold_start,150.0,1.25,0.2
Classical_ESN,ARMA_1_2_stochastic,0.021500476752464557,2.470144858244648,114.8879109372075,0.9,1e-08,2,,0,2025,2030,11,cold_start,150.0,1.25,0.2
Classical_ESN,ARMA_1_2_stochastic,0.015665460201499334,0.27222482876235765,17.377391105069684,0.9,1e-08,4,,0,2025,2025,11,cold_start,150.0,1.25,0.2
Classical_ESN,ARMA_1_2_stochastic,0.014896464285864927,0.20213517764158176,13.569339258134251,0.9,1e-08,6,,0,2025,2028,11,cold_start,150.0,1.25,0.2
Classical_ESN,ARMA_1_2_stochastic,0.017780841343772925,0.018095273033788037,1.0176837352032968,0.9,1e-08,8,,0,2025,2026,11,cold_start,150.0,1.25,0.2
Classical_ESN,ARMA_1_2_stochastic,0.012983664905238522,0.007714063740130112,0.594136077635346,0.9,1e-08,10,,0,2025,2034,11,cold_start,150.0,1.25,0.2
QRC,NARMA10_Chaotic,0.013486924367008178,4.0355418413189344e-17,2.9921883829872353e-15,0.1,1e-08,1,1.0,0,2025,2030,11,cold_start,,,
QRC,NARMA10_Chaotic,0.013486924367008175,4.6057123605037376e-17,3.4149463844924266e-15,0.1,1e-08,1,2.0,0,2025,2033,11,cold_start,,,
QRC,NARMA10_Chaotic,0.013486924367008199,4.122063501029386e-17,3.056340636945221e-15,0.1,1e-08,1,4.0,0,2025,2028,11,cold_start,,,
QRC,NARMA10_Chaotic,0.011222422573287533,0.00046000842577487085,0.04099011802227248,0.1,1e-08,2,1.0,0,2025,2026,11,cold_start,,,
QRC,NARMA10_Chaotic,0.011202319261365319,6.916252376809484e-05,0.00617394685461459,0.1,1e-08,2,2.0,0,2025,2030,11,cold_start,,,
QRC,NARMA10_Chaotic,0.011211369456901888,6.208853978794827e-05,0.005537997835735012,0.1,1e-08,2,4.0,0,2025,2033,11,cold_start,,,
QRC,NARMA10_Chaotic,0.01074984933733054,9.961237266133024e-05,0.009266397094088623,0.1,1e-08,4,1.0,0,2025,2031,11,cold_start,,,
QRC,NARMA10_Chaotic,0.010748178210210771,8.741092902970904e-05,0.008132627438822019,0.1,1e-08,4,2.0,0,2025,2030,11,cold_start,,,
QRC,NARMA10_Chaotic,0.010763883830566964,6.014428707445263e-05,0.005587600908851936,0.1,1e-08,4,4.0,0,2025,2026,11,cold_start,,,
QRC,NARMA10_Chaotic,0.011082890324463864,0.00024175704475880397,0.02181353759543759,0.1,1e-08,6,1.0,0,2025,2032,11,cold_start,,,
QRC,NARMA10_Chaotic,0.011169727574887243,0.00017979681010896062,0.016096794564013854,0.1,1e-08,6,2.0,0,2025,2029,11,cold_start,,,
QRC,NARMA10_Chaotic,0.011248251882481953,0.0001778507658819596,0.015811413874803486,0.1,1e-08,6,4.0,0,2025,2029,11,cold_start,,,
QRC,NARMA10_Chaotic,0.011200453336508948,0.00030772100255162314,0.027473977463802927,0.1,1e-08,8,1.0,0,2025,2028,11,cold_start,,,
QRC,NARMA10_Chaotic,0.011164785632813172,0.00019948479484151632,0.017867319749985427,0.1,1e-08,8,2.0,0,2025,2026,11,cold_start,,,
QRC,NARMA10_Chaotic,0.011187659642693587,0.00020477202020903492,0.018303383080014148,0.1,1e-08,8,4.0,0,2025,2035,11,cold_start,,,
QRC,NARMA10_Chaotic,0.010239393140493602,0.00020822556541573076,0.020335733041860038,0.1,1e-08,10,1.0,0,2025,2026,11,cold_start,,,
QRC,NARMA10_Chaotic,0.010119972093447786,0.00011712020668003222,0.011573174866347917,0.1,1e-08,10,2.0,0,2025,2029,11,cold_start,,,
QRC,NARMA10_Chaotic,0.01020173290322785,9.855531628313226e-05,0.009660644639299384,0.1,1e-08,10,4.0,0,2025,2026,11,cold_start,,,
QRC,NARMA10_Chaotic,0.01189848689240089,1.888017959311464e-17,1.586771474713536e-15,0.3,1e-08,1,1.0,0,2025,2030,11,cold_start,,,
QRC,NARMA10_Chaotic,0.011898486892400889,2.542528173892751e-17,2.1368500019246707e-15,0.3,1e-08,1,2.0,0,2025,2034,11,cold_start,,,
QRC,NARMA10_Chaotic,0.011898486892400886,2.3859973300291053e-17,2.0052947501694116e-15,0.3,1e-08,1,4.0,0,2025,2029,11,cold_start,,,
QRC,NARMA10_Chaotic,0.010868246349438716,0.00033822315494093835,0.031120306263430042,0.3,1e-08,2,1.0,0,2025,2026,11,cold_start,,,
QRC,NARMA10_Chaotic,0.010780057009511462,2.26838123974137e-05,0.0021042386304079203,0.3,1e-08,2,2.0,0,2025,2029,11,cold_start,,,
QRC,NARMA10_Chaotic,0.010798719399593074,2.04026137494212e-05,0.0018893549313069502,0.3,1e-08,2,4.0,0,2025,2028,11,cold_start,,,
QRC,NARMA10_Chaotic,0.010507419509506991,5.219476914333664e-05,0.004967420316292827,0.3,1e-08,4,1.0,0,2025,2025,11,cold_start,,,
QRC,NARMA10_Chaotic,0.010496831299796469,4.97131444682105e-05,0.004736014426484536,0.3,1e-08,4,2.0,0,2025,2031,11,cold_start,,,
QRC,NARMA10_Chaotic,0.010480662505601687,4.581687822701596e-05,0.004371563171939544,0.3,1e-08,4,4.0,0,2025,2025,11,cold_start,,,
QRC,NARMA10_Chaotic,0.010483382049162354,0.00014336969365283676,0.013675900866771552,0.3,1e-08,6,1.0,0,2025,2034,11,cold_start,,,
QRC,NARMA10_Chaotic,0.01046092897776533,6.714442862750695e-05,0.006418591386120889,0.3,1e-08,6,2.0,0,2025,2029,11,cold_start,,,
QRC,NARMA10_Chaotic,0.01048323794056022,4.26514325125831e-05,0.004068536148317533,0.3,1e-08,6,4.0,0,2025,2025,11,cold_start,,,
QRC,NARMA10_Chaotic,0.010328064579646058,0.00017955561203895977,0.017385213914407293,0.3,1e-08,8,1.0,0,2025,2031,11,cold_start,,,
QRC,NARMA10_Chaotic,0.010210764795681023,7.740771097557765e-05,0.0075809905060510024,0.3,1e-08,8,2.0,0,2025,2025,11,cold_start,,,
QRC,NARMA10_Chaotic,0.010211910399722211,7.806450508351083e-05,0.00764445652457295,0.3,1e-08,8,4.0,0,2025,2029,11,cold_start,,,
QRC,NARMA10_Chaotic,0.009820721537610542,6.274431303021256e-05,0.006388971807205801,0.3,1e-08,10,1.0,0,2025,2028,11,cold_start,,,
QRC,NARMA10_Chaotic,0.009762884884251432,0.00010531416545696882,0.010787197299319972,0.3,1e-08,10,2.0,0,2025,2026,11,cold_start,,,
QRC,NARMA10_Chaotic,0.009781216773074322,5.144491891945878e-05,0.005259562293014102,0.3,1e-08,10,4.0,0,2025,2035,11,cold_start,,,
QRC,NARMA10_Chaotic,0.011407215922660762,2.0790381408469525e-17,1.822564028718772e-15,0.5,1e-08,1,1.0,0,2025,2034,11,cold_start,,,
QRC,NARMA10_Chaotic,0.011407215922660757,2.6618513283550495e-17,2.333480269333034e-15,0.5,1e-08,1,2.0,0,2025,2030,11,cold_start,,,
QRC,NARMA10_Chaotic,0.011407215922660762,3.076161938092423e-17,2.6966807316950484e-15,0.5,1e-08,1,4.0,0,2025,2027,11,cold_start,,,
QRC,NARMA10_Chaotic,0.010919399271939138,0.000304180875097628,0.027856923949957334,0.5,1e-08,2,1.0,0,2025,2026,11,cold_start,,,
QRC,NARMA10_Chaotic,0.010777857235302264,2.6343112001875353e-05,0.0024441882488097887,0.5,1e-08,2,2.0,0,2025,2026,11,cold_start,,,
QRC,NARMA10_Chaotic,0.01079408062583078,2.7660879242833654e-05,0.0025625970568201773,0.5,1e-08,2,4.0,0,2025,2035,11,cold_start,,,
QRC,NARMA10_Chaotic,0.010663465227584613,4.8038215418943164e-05,0.004504934783739556,0.5,1e-08,4,1.0,0,2025,2033,11,cold_start,,,
QRC,NARMA10_Chaotic,0.010602419078529322,5.202433595228968e-05,0.004906836408461045,0.5,1e-08,4,2.0,0,2025,2034,11,cold_start,,,
QRC,NARMA10_Chaotic,0.010621933765469514,6.502084146473562e-05,0.0061213751563872175,0.5,1e-08,4,4.0,0,2025,2033,11,cold_start,,,
QRC,NARMA10_Chaotic,0.01060313956704185,0.00022932226086071612,0.021627769719595825,0.5,1e-08,6,1.0,0,2025,2029,11,cold_start,,,
QRC,NARMA10_Chaotic,0.010550003777023169,5.8011925025352314e-05,0.005498758697290362,0.5,1e-08,6,2.0,0,2025,2034,11,cold_start,,,
QRC,NARMA10_Chaotic,0.010594030437222984,5.646331867628074e-05,0.00532972970116192,0.5,1e-08,6,4.0,0,2025,2027,11,cold_start,,,
QRC,NARMA10_Chaotic,0.01023088211017547,0.00020854427143270697,0.020383801629899754,0.5,1e-08,8,1.0,0,2025,2031,11,cold_start,,,
QRC,NARMA10_Chaotic,0.010077221441625072,6.470571306658783e-05,0.0064209875153992116,0.5,1e-08,8,2.0,0,2025,2025,11,cold_start,,,
QRC,NARMA10_Chaotic,0.01005022242129196,5.202873673127224e-05,0.0051768741576352015,0.5,1e-08,8,4.0,0,2025,2032,11,cold_start,,,
QRC,NARMA10_Chaotic,0.00955155914461215,9.147021407301221e-05,0.009576469421184373,0.5,1e-08,10,1.0,0,2025,2035,11,cold_start,,,
QRC,NARMA10_Chaotic,0.009539856287692756,8.871727406410962e-05,0.009299644710430556,0.5,1e-08,10,2.0,0,2025,2026,11,cold_start,,,
QRC,NARMA10_Chaotic,0.009513654956102532,3.380502470873394e-05,0.003553316245408891,0.5,1e-08,10,4.0,0,2025,2035,11,cold_start,,,
QRC,NARMA10_Chaotic,0.011026142454249174,1.958429399573056e-17,1.7761691431968854e-15,0.7,1e-08,1,1.0,0,2025,2034,11,cold_start,,,
QRC,NARMA10_Chaotic,0.011026142454249172,1.6564730699782187e-17,1.50231422898029e-15,0.7,1e-08,1,2.0,0,2025,2030,11,cold_start,,,
QRC,NARMA10_Chaotic,0.011026142454249176,2.6858946747072823e-17,2.4359332249260135e-15,0.7,1e-08,1,4.0,0,2025,2026,11,cold_start,,,
QRC,NARMA10_Chaotic,0.010886199481324332,0.0002996752981002165,0.027527999887777207,0.7,1e-08,2,1.0,0,2025,2027,11,cold_start,,,
QRC,NARMA10_Chaotic,0.010783232902661404,3.0746620077869077e-05,0.0028513359912944584,0.7,1e-08,2,2.0,0,2025,2025,11,cold_start,,,
QRC,NARMA10_Chaotic,0.010782286288902586,3.723248422637747e-05,0.00345311590035391,0.7,1e-08,2,4.0,0,2025,2028,11,cold_start,,,
QRC,NARMA10_Chaotic,0.010742154720377465,0.00012453615892508562,0.011593219625560335,0.7,1e-08,4,1.0,0,2025,2033,11,cold_start,,,
QRC,NARMA10_Chaotic,0.01067778924011784,4.7061898910492004e-05,0.004407457185395113,0.7,1e-08,4,2.0,0,2025,2031,11,cold_start,,,
QRC,NARMA10_Chaotic,0.010687423053866753,9.356838117805013e-05,0.00875499928340506,0.7,1e-08,4,4.0,0,2025,2025,11,cold_start,,,
QRC,NARMA10_Chaotic,0.01068654039123538,0.00029951144743225745,0.028026979402791877,0.7,1e-08,6,1.0,0,2025,2028,11,cold_start,,,
QRC,NARMA10_Chaotic,0.010634381602268862,7.340122523397327e-05,0.006902256095296882,0.7,1e-08,6,2.0,0,2025,2034,11,cold_start,,,
QRC,NARMA10_Chaotic,0.010709771141842045,7.910521682266709e-05,0.007386265847793014,0.7,1e-08,6,4.0,0,2025,2027,11,cold_start,,,
QRC,NARMA10_Chaotic,0.010352469644256374,0.0004058536276145166,0.0392035564035377,0.7,1e-08,8,1.0,0,2025,2032,11,cold_start,,,
QRC,NARMA10_Chaotic,0.01022696548791161,7.350794064974084e-05,0.007187659011524784,0.7,1e-08,8,2.0,0,2025,2025,11,cold_start,,,
QRC,NARMA10_Chaotic,0.01023310445840402,7.57308987046519e-05,0.007400579072801049,0.7,1e-08,8,4.0,0,2025,2033,11,cold_start,,,
QRC,NARMA10_Chaotic,0.009159126237455833,0.000125157053586455,0.0136647372622326,0.7,1e-08,10,1.0,0,2025,2033,11,cold_start,,,
QRC,NARMA10_Chaotic,0.00916303950785419,6.458110052797014e-05,0.007047999790092994,0.7,1e-08,10,2.0,0,2025,2028,11,cold_start,,,
QRC,NARMA10_Chaotic,0.009151017993747916,3.2494638666932305e-05,0.0035509315673002747,0.7,1e-08,10,4.0,0,2025,2031,11,cold_start,,,
QRC,NARMA10_Chaotic,0.010826316833620692,2.293034584094329e-17,2.11801910043257e-15,0.9,1e-08,1,1.0,0,2025,2032,11,cold_start,,,
QRC,NARMA10_Chaotic,0.010826316833620698,1.8959705878688298e-17,1.7512609477499942e-15,0.9,1e-08,1,2.0,0,2025,2030,11,cold_start,,,
QRC,NARMA10_Chaotic,0.010826316833620701,2.7473232625150296e-17,2.5376342709492164e-15,0.9,1e-08,1,4.0,0,2025,2029,11,cold_start,,,
QRC,NARMA10_Chaotic,0.010886311479685655,0.0003121168833516944,0.028670581760784495,0.9,1e-08,2,1.0,0,2025,2027,11,cold_start,,,
QRC,NARMA10_Chaotic,0.010788772188359073,3.0752696437438785e-05,0.0028504352395743874,0.9,1e-08,2,2.0,0,2025,2031,11,cold_start,,,
QRC,NARMA10_Chaotic,0.010784849498545265,3.9627230316212586e-05,0.003674342448780373,0.9,1e-08,2,4.0,0,2025,2033,11,cold_start,,,
QRC,NARMA10_Chaotic,0.010757838799896552,0.0003164412718235318,0.029414948272563326,0.9,1e-08,4,1.0,0,2025,2026,11,cold_start,,,
QRC,NARMA10_Chaotic,0.010734403990209878,4.634730323022044e-05,0.004317641042063507,0.9,1e-08,4,2.0,0,2025,2035,11,cold_start,,,
QRC,NARMA10_Chaotic,0.010751630509150907,0.00011920230176483968,0.011086904601435518,0.9,1e-08,4,4.0,0,2025,2025,11,cold_start,,,
QRC,NARMA10_Chaotic,0.010738799898050926,0.000395173998165938,0.036798711393966975,0.9,1e-08,6,1.0,0,2025,2030,11,cold_start,,,
QRC,NARMA10_Chaotic,0.010661835293939511,9.119833223882161e-05,0.008553717978616806,0.9,1e-08,6,2.0,0,2025,2033,11,cold_start,,,
QRC,NARMA10_Chaotic,0.010770146056607012,9.32725690967641e-05,0.008660288226968424,0.9,1e-08,6,4.0,0,2025,2027,11,cold_start,,,
QRC,NARMA10_Chaotic,0.010512091809721322,0.0008204398398956383,0.07804724832567728,0.9,1e-08,8,1.0,0,2025,2035,11,cold_start,,,
QRC,NARMA10_Chaotic,0.01040000342525343,7.943822038324934e-05,0.007638287905786297,0.9,1e-08,8,2.0,0,2025,2028,11,cold_start,,,
QRC,NARMA10_Chaotic,0.010415589281023508,8.826013188219233e-05,0.008473849102613546,0.9,1e-08,8,4.0,0,2025,2027,11,cold_start,,,
QRC,NARMA10_Chaotic,0.008798473044493159,0.00016426487149796395,0.018669702193470382,0.9,1e-08,10,1.0,0,2025,2027,11,cold_start,,,
QRC,NARMA10_Chaotic,0.008780183702907129,7.420755331757838e-05,0.008451708509584847,0.9,1e-08,10,2.0,0,2025,2029,11,cold_start,,,
QRC,NARMA10_Chaotic,0.008797657964930273,3.80828873939343e-05,0.004328752896025565,0.9,1e-08,10,4.0,0,2025,2033,11,cold_start,,,
QRC,NARMA10_Chaotic,0.010811007686229697,1.3169780667596575e-17,1.218182527459611e-15,1.0,1e-08,1,1.0,0,2025,2028,11,cold_start,,,
QRC,NARMA10_Chaotic,0.010811007686229682,1.9288718162374973e-17,1.7841739384704737e-15,1.0,1e-08,1,2.0,0,2025,2035,11,cold_start,,,
QRC,NARMA10_Chaotic,0.010811007686229694,1.755884201360049e-17,1.6241633086586106e-15,1.0,1e-08,1,4.0,0,2025,2025,11,cold_start,,,
QRC,NARMA10_Chaotic,0.010884871917021156,0.00031984499904241787,0.0293843603747199,1.0,1e-08,2,1.0,0,2025,2027,11,cold_start,,,
QRC,NARMA10_Chaotic,0.010792024918364654,3.128713938686842e-05,0.0028990981417794438,1.0,1e-08,2,2.0,0,2025,2031,11,cold_start,,,
QRC,NARMA10_Chaotic,0.010794356852272388,3.6490520589618896e-05,0.0033805182734844503,1.0,1e-08,2,4.0,0,2025,2027,11,cold_start,,,
QRC,NARMA10_Chaotic,0.01076637849171586,0.0004640553858799051,0.043102273084396056,1.0,1e-08,4,1.0,0,2025,2025,11,cold_start,,,
QRC,NARMA10_Chaotic,0.010749770002150957,4.974794773786391e-05,0.00462781508143055,1.0,1e-08,4,2.0,0,2025,2032,11,cold_start,,,
QRC,NARMA10_Chaotic,0.010781326372157908,0.00012654674970820828,0.011737586391504412,1.0,1e-08,4,4.0,0,2025,2025,11,cold_start,,,
QRC,NARMA10_Chaotic,0.010720554779936976,0.000466514676176022,0.04351590806187406,1.0,1e-08,6,1.0,0,2025,2028,11,cold_start,,,
QRC,NARMA10_Chaotic,0.0106952430308427,9.578541310370804e-05,0.008955889345149449,1.0,1e-08,6,2.0,0,2025,2027,11,cold_start,,,
QRC,NARMA10_Chaotic,0.010791789267858783,9.295429099609943e-05,0.008613427179582302,1.0,1e-08,6,4.0,0,2025,2030,11,cold_start,,,
QRC,NARMA10_Chaotic,0.010573327430566807,0.001098525902238619,0.10389595039522295,1.0,1e-08,8,1.0,0,2025,2031,11,cold_start,,,
QRC,NARMA10_Chaotic,0.010470613138031312,8.334310468481418e-05,0.007959715786088567,1.0,1e-08,8,2.0,0,2025,2028,11,cold_start,,,
QRC,NARMA10_Chaotic,0.010480063066220444,8.723961472820653e-05,0.00832434062438031,1.0,1e-08,8,4.0,0,2025,2027,11,cold_start,,,
QRC,NARMA10_Chaotic,0.008648109002521248,0.0001967429955008145,0.02274982836634651,1.0,1e-08,10,1.0,0,2025,2027,11,cold_start,,,
QRC,NARMA10_Chaotic,0.008608390541525436,8.275397224232088e-05,0.009613175871044601,1.0,1e-08,10,2.0,0,2025,2029,11,cold_start,,,
QRC,NARMA10_Chaotic,0.008617900347149775,5.0048053808943737e-05,0.0058074532998628,1.0,1e-08,10,4.0,0,2025,2025,11,cold_start,,,
Classical_ESN,NARMA10_Chaotic,0.011273640005301368,9.19458872588536e-05,0.008155829635824502,0.1,1e-08,1,,0,2025,2025,11,cold_start,50.0,0.9,0.1
Classical_ESN,NARMA10_Chaotic,0.0249654079924919,0.05157115934462596,2.065704648613613,0.1,1e-08,2,,0,2025,2028,11,cold_start,50.0,0.9,0.1
Classical_ESN,NARMA10_Chaotic,0.15133747264751435,0.20686007572934453,1.3668794126828714,0.1,1e-08,4,,0,2025,2028,11,cold_start,50.0,0.9,0.1
Classical_ESN,NARMA10_Chaotic,0.20162381135833293,0.5477699206658063,2.7167918162815123,0.1,1e-08,6,,0,2025,2025,11,cold_start,50.0,0.9,0.1
Classical_ESN,NARMA10_Chaotic,0.2597941736344122,1.5449306454783824,5.9467486274439745,0.1,1e-08,8,,0,2025,2032,11,cold_start,50.0,0.9,0.1
Classical_ESN,NARMA10_Chaotic,1.2902919819736691,2.4131105024669735,1.8702049893976769,0.1,1e-08,10,,0,2025,2032,11,cold_start,50.0,0.9,0.1
Classical_ESN,NARMA10_Chaotic,0.010190900209641737,4.30994327324771e-05,0.004229207611286409,0.3,1e-08,1,,0,2025,2031,11,cold_start,50.0,0.9,0.1
Classical_ESN,NARMA10_Chaotic,0.049402298489631534,0.09263192347513603,1.8750529086126926,0.3,1e-08,2,,0,2025,2025,11,cold_start,50.0,0.9,0.1
Classical_ESN,NARMA10_Chaotic,0.2544516681324479,0.5679260718883549,2.2319604978684455,0.3,1e-08,4,,0,2025,2027,11,cold_start,50.0,0.9,0.1
Classical_ESN,NARMA10_Chaotic,0.16173311087146544,1.0377646870652664,6.416525852211002,0.3,1e-08,6,,0,2025,2035,11,cold_start,50.0,0.9,0.1
Classical_ESN,NARMA10_Chaotic,0.5960576232052177,1.1467234278354577,1.9238465933362456,0.3,1e-08,8,,0,2025,2025,11,cold_start,50.0,0.9,0.1
Classical_ESN,NARMA10_Chaotic,0.17568578026092171,0.44145521756410955,2.5127544011158864,0.3,1e-08,10,,0,2025,2034,11,cold_start,50.0,0.9,0.1
Classical_ESN,NARMA10_Chaotic,0.0096082392828312,7.963730563215187e-05,0.008288439045690132,0.5,1e-08,1,,0,2025,2035,11,cold_start,50.0,0.9,0.1
Classical_ESN,NARMA10_Chaotic,0.2531002953865854,0.3988714391761898,1.57594221123667,0.5,1e-08,2,,0,2025,2035,11,cold_start,50.0,0.9,0.1
Classical_ESN,NARMA10_Chaotic,0.22302245246453592,1.6607678930665835,7.446639899768261,0.5,1e-08,4,,0,2025,2028,11,cold_start,50.0,0.9,0.1
Classical_ESN,NARMA10_Chaotic,0.12241967405754803,0.45940697351530413,3.7527217504217694,0.5,1e-08,6,,0,2025,2029,11,cold_start,50.0,0.9,0.1
Classical_ESN,NARMA10_Chaotic,0.21654064931356318,0.5258096762703894,2.4282261918822785,0.5,1e-08,8,,0,2025,2032,11,cold_start,50.0,0.9,0.1
Classical_ESN,NARMA10_Chaotic,0.1299228871367028,0.06167881025981309,0.47473398736063815,0.5,1e-08,10,,0,2025,2033,11,cold_start,50.0,0.9,0.1
Classical_ESN,NARMA10_Chaotic,0.009203875796870375,0.00017758394850948814,0.01929447467879484,0.7,1e-08,1,,0,2025,2034,11,cold_start,50.0,0.9,0.1
Classical_ESN,NARMA10_Chaotic,0.3136648549580782,0.7180610256168951,2.289261975852746,0.7,1e-08,2,,0,2025,2034,11,cold_start,50.0,0.9,0.1
Classical_ESN,NARMA10_Chaotic,0.7268368897456674,2.301234789465235,3.166095202281871,0.7,1e-08,4,,0,2025,2025,11,cold_start,50.0,0.9,0.1
Classical_ESN,NARMA10_Chaotic,0.15177203103877487,0.17904770434156275,1.1797147545308888,0.7,1e-08,6,,0,2025,2034,11,cold_start,50.0,0.9,0.1
Classical_ESN,NARMA10_Chaotic,0.08780430591215939,0.10058702949583843,1.1455819672040577,0.7,1e-08,8,,0,2025,2032,11,cold_start,50.0,0.9,0.1
Classical_ESN,NARMA10_Chaotic,0.05813081140976242,0.06913571219439893,1.189312698683376,0.7,1e-08,10,,0,2025,2029,11,cold_start,50.0,0.9,0.1
Classical_ESN,NARMA10_Chaotic,0.008192030447557985,9.736040005058702e-05,0.011884770286664377,0.9,1e-08,1,,0,2025,2032,11,cold_start,50.0,0.9,0.1
Classical_ESN,NARMA10_Chaotic,0.3225063032094585,0.6629258766403306,2.0555439383452283,0.9,1e-08,2,,0,2025,2032,11,cold_start,50.0,0.9,0.1
Classical_ESN,NARMA10_Chaotic,0.1560228140438853,0.23311814742744685,1.4941285917447726,0.9,1e-08,4,,0,2025,2035,11,cold_start,50.0,0.9,0.1
Classical_ESN,NARMA10_Chaotic,0.0392308451989421,0.054796906391342236,1.3967811836187483,0.9,1e-08,6,,0,2025,2033,11,cold_start,50.0,0.9,0.1
Classical_ESN,NARMA10_Chaotic,0.03740280686365237,0.04569055948732247,1.2215810341154918,0.9,1e-08,8,,0,2025,2025,11,cold_start,50.0,0.9,0.1
Classical_ESN,NARMA10_Chaotic,0.031009668625809304,0.021190688717501727,0.6833574706394878,0.9,1e-08,10,,0,2025,2032,11,cold_start,50.0,0.9,0.1
Classical_ESN,NARMA10_Chaotic,0.011233640536711016,0.0001449555164182721,0.012903699022998306,0.1,1e-08,1,,0,2025,2027,11,cold_start,50.0,0.9,0.2
Classical_ESN,NARMA10_Chaotic,0.03837294201695071,0.07957082950704145,2.0736181622949874,0.1,1e-08,2,,0,2025,2029,11,cold_start,50.0,0.9,0.2
Classical_ESN,NARMA10_Chaotic,0.06505793838364432,0.11896469573092865,1.8285961511629545,0.1,1e-08,4,,0,2025,2032,11,cold_start,50.0,0.9,0.2
Classical_ESN,NARMA10_Chaotic,0.15402317105618224,0.866284632197841,5.624378632497125,0.1,1e-08,6,,0,2025,2030,11,cold_start,50.0,0.9,0.2
Classical_ESN,NARMA10_Chaotic,0.3213466468408243,1.296255832574429,4.033824050501188,0.1,1e-08,8,,0,2025,2025,11,cold_start,50.0,0.9,0.2
Classical_ESN,NARMA10_Chaotic,0.5175101275524392,0.6258221472796495,1.2092944929203053,0.1,1e-08,10,,0,2025,2031,11,cold_start,50.0,0.9,0.2
Classical_ESN,NARMA10_Chaotic,0.010164689157565802,5.0162152855992646e-05,0.0049349421392444505,0.3,1e-08,1,,0,2025,2025,11,cold_start,50.0,0.9,0.2
Classical_ESN,NARMA10_Chaotic,0.14271430546692093,0.09782041160517635,0.6854282146778178,0.3,1e-08,2,,0,2025,2026,11,cold_start,50.0,0.9,0.2
Classical_ESN,NARMA10_Chaotic,0.2520646058495944,1.3686209883713845,5.429643657261557,0.3,1e-08,4,,0,2025,2027,11,cold_start,50.0,0.9,0.2
Classical_ESN,NARMA10_Chaotic,0.37257553986590936,0.8083495010190912,2.169625792691645,0.3,1e-08,6,,0,2025,2031,11,cold_start,50.0,0.9,0.2
Classical_ESN,NARMA10_Chaotic,0.22031968781905814,0.26112899805503004,1.1852277054308797,0.3,1e-08,8,,0,2025,2033,11,cold_start,50.0,0.9,0.2
Classical_ESN,NARMA10_Chaotic,0.130604108397094,0.4947173289047022,3.7879155179448394,0.3,1e-08,10,,0,2025,2033,11,cold_start,50.0,0.9,0.2
Classical_ESN,NARMA10_Chaotic,0.009672671245485681,7.553812260538264e-05,0.0078094376091441065,0.5,1e-08,1,,0,2025,2034,11,cold_start,50.0,0.9,0.2
Classical_ESN,NARMA10_Chaotic,0.42688129837557565,0.37270057663498757,0.873077780763028,0.5,1e-08,2,,0,2025,2025,11,cold_start,50.0,0.9,0.2
Classical_ESN,NARMA10_Chaotic,0.4750215179468707,0.7598034744925046,1.599513802609434,0.5,1e-08,4,,0,2025,2028,11,cold_start,50.0,0.9,0.2
Classical_ESN,NARMA10_Chaotic,0.14833391321885483,0.11560749980025255,0.77937335631187,0.5,1e-08,6,,0,2025,2035,11,cold_start,50.0,0.9,0.2
Classical_ESN,NARMA10_Chaotic,0.1596732776068903,0.45304226873424647,2.837308004972628,0.5,1e-08,8,,0,2025,2025,11,cold_start,50.0,0.9,0.2
Classical_ESN,NARMA10_Chaotic,0.04847172368519803,0.05886494738357734,1.214418281591936,0.5,1e-08,10,,0,2025,2026,11,cold_start,50.0,0.9,0.2
Classical_ESN,NARMA10_Chaotic,0.009207202081292542,0.00012107157867252691,0.01314966019031163,0.7,1e-08,1,,0,2025,2025,11,cold_start,50.0,0.9,0.2
Classical_ESN,NARMA10_Chaotic,0.523926241083211,0.5388358144146452,1.0284573899192546,0.7,1e-08,2,,0,2025,2028,11,cold_start,50.0,0.9,0.2
Classical_ESN,NARMA10_Chaotic,0.5490564833767131,0.5358468295163663,0.9759411749787434,0.7,1e-08,4,,0,2025,2027,11,cold_start,50.0,0.9,0.2
Classical_ESN,NARMA10_Chaotic,0.39029328585471473,0.5951464075618569,1.5248697047363453,0.7,1e-08,6,,0,2025,2035,11,cold_start,50.0,0.9,0.2
Classical_ESN,NARMA10_Chaotic,0.05346340320256666,0.20918581574373896,3.912691733280765,0.7,1e-08,8,,0,2025,2032,11,cold_start,50.0,0.9,0.2
Classical_ESN,NARMA10_Chaotic,0.05964287811778101,0.04514685848608111,0.7569530497325501,0.7,1e-08,10,,0,2025,2025,11,cold_start,50.0,0.9,0.2
Classical_ESN,NARMA10_Chaotic,0.008236311786363035,6.923648474383941e-05,0.008406248638920534,0.9,1e-08,1,,0,2025,2028,11,cold_start,50.0,0.9,0.2
Classical_ESN,NARMA10_Chaotic,0.21368798110987358,0.2770849881909897,1.2966802660207586,0.9,1e-08,2,,0,2025,2028,11,cold_start,50.0,0.9,0.2
Classical_ESN,NARMA10_Chaotic,0.11816906646847981,0.0997610698833233,0.8442232207185403,0.9,1e-08,4,,0,2025,2030,11,cold_start,50.0,0.9,0.2
Classical_ESN,NARMA10_Chaotic,0.06182107732637028,0.13042268223445944,2.1096798676917685,0.9,1e-08,6,,0,2025,2030,11,cold_start,50.0,0.9,0.2
Classical_ESN,NARMA10_Chaotic,0.04413606685747136,0.04801268929187064,1.0878334366974307,0.9,1e-08,8,,0,2025,2028,11,cold_start,50.0,0.9,0.2
Classical_ESN,NARMA10_Chaotic,0.02291387845197944,0.09532318020558928,4.160063099110778,0.9,1e-08,10,,0,2025,2035,11,cold_start,50.0,0.9,0.2
Classical_ESN,NARMA10_Chaotic,0.0123321939369169,0.011656643066991374,0.9452205444237105,0.1,1e-08,1,,0,2025,2032,11,cold_start,50.0,1.1,0.1
Classical_ESN,NARMA10_Chaotic,0.027680685577741365,0.03917371266258608,1.415200232399103,0.1,1e-08,2,,0,2025,2030,11,cold_start,50.0,1.1,0.1
Classical_ESN,NARMA10_Chaotic,0.06860344652465572,0.0872097759385852,1.2712156656333944,0.1,1e-08,4,,0,2025,2028,11,cold_start,50.0,1.1,0.1
Classical_ESN,NARMA10_Chaotic,0.09653823139901989,0.09133262345089231,0.9460772393207483,0.1,1e-08,6,,0,2025,2031,11,cold_start,50.0,1.1,0.1
Classical_ESN,NARMA10_Chaotic,0.06097174500369569,0.33460371373852077,5.487848735807699,0.1,1e-08,8,,0,2025,2029,11,cold_start,50.0,1.1,0.1
Classical_ESN,NARMA10_Chaotic,0.09966076149411224,0.2095013363447583,2.102144647541502,0.1,1e-08,10,,0,2025,2031,11,cold_start,50.0,1.1,0.1
Classical_ESN,NARMA10_Chaotic,0.01165125539273928,0.010964653714992176,0.9410705838467008,0.3,1e-08,1,,0,2025,2030,11,cold_start,50.0,1.1,0.1
Classical_ESN,NARMA10_Chaotic,0.04006262655806253,0.15844699197182827,3.954982625569793,0.3,1e-08,2,,0,2025,2026,11,cold_start,50.0,1.1,0.1
Classical_ESN,NARMA10_Chaotic,0.05923470166076804,0.09334287581189783,1.5758140616030165,0.3,1e-08,4,,0,2025,2028,11,cold_start,50.0,1.1,0.1
Classical_ESN,NARMA10_Chaotic,0.0316306670083289,0.05576102472851748,1.762878560665023,0.3,1e-08,6,,0,2025,2028,11,cold_start,50.0,1.1,0.1
Classical_ESN,NARMA10_Chaotic,0.03998263876798432,0.04854110678650265,1.2140546067552558,0.3,1e-08,8,,0,2025,2025,11,cold_start,50.0,1.1,0.1
Classical_ESN,NARMA10_Chaotic,0.04078725082363269,0.04616917648885615,1.1319511748535183,0.3,1e-08,10,,0,2025,2028,11,cold_start,50.0,1.1,0.1
Classical_ESN,NARMA10_Chaotic,0.01007611779367038,0.000615831823742166,0.06111796590240534,0.5,1e-08,1,,0,2025,2029,11,cold_start,50.0,1.1,0.1
Classical_ESN,NARMA10_Chaotic,0.026659418176753078,0.08501082977260246,3.1887728835257034,0.5,1e-08,2,,0,2025,2027,11,cold_start,50.0,1.1,0.1
Classical_ESN,NARMA10_Chaotic,0.04073943913302444,0.05278321862326186,1.2956294869674438,0.5,1e-08,4,,0,2025,2027,11,cold_start,50.0,1.1,0.1
Classical_ESN,NARMA10_Chaotic,0.020617338161154665,0.03049878819683017,1.4792786517074858,0.5,1e-08,6,,0,2025,2035,11,cold_start,50.0,1.1,0.1
Classical_ESN,NARMA10_Chaotic,0.0479450843469467,0.0806399819018265,1.6819238718674174,0.5,1e-08,8,,0,2025,2030,11,cold_start,50.0,1.1,0.1
Classical_ESN,NARMA10_Chaotic,0.021319150627590946,0.007918220479688803,0.37141350600718365,0.5,1e-08,10,,0,2025,2027,11,cold_start,50.0,1.1,0.1
Classical_ESN,NARMA10_Chaotic,0.009379006548627005,0.0006489773331652497,0.06919467747468987,0.7,1e-08,1,,0,2025,2034,11,cold_start,50.0,1.1,0.1
Classical_ESN,NARMA10_Chaotic,0.029187844313610913,0.03208117177588978,1.0991278229111854,0.7,1e-08,2,,0,2025,2033,11,cold_start,50.0,1.1,0.1
Classical_ESN,NARMA10_Chaotic,0.01574233206833593,0.1744035211736061,11.078633103185565,0.7,1e-08,4,,0,2025,2031,11,cold_start,50.0,1.1,0.1
Classical_ESN,NARMA10_Chaotic,0.01712580597995286,0.03421373787700639,1.9977884788053968,0.7,1e-08,6,,0,2025,2030,11,cold_start,50.0,1.1,0.1
Classical_ESN,NARMA10_Chaotic,0.014676430453396928,0.018940265344007313,1.290522610668148,0.7,1e-08,8,,0,2025,2030,11,cold_start,50.0,1.1,0.1
Classical_ESN,NARMA10_Chaotic,0.011969959148469697,0.003918236816539965,0.32733919706324927,0.7,1e-08,10,,0,2025,2029,11,cold_start,50.0,1.1,0.1
Classical_ESN,NARMA10_Chaotic,0.00861319176442555,0.0006572594522542826,0.07630846615640376,0.9,1e-08,1,,0,2025,2031,11,cold_start,50.0,1.1,0.1
Classical_ESN,NARMA10_Chaotic,0.010250639033350798,0.004796003556275649,0.46787361652982706,0.9,1e-08,2,,0,2025,2033,11,cold_start,50.0,1.1,0.1
Classical_ESN,NARMA10_Chaotic,0.011763624650145991,0.009802027187601248,0.8332488904667322,0.9,1e-08,4,,0,2025,2026,11,cold_start,50.0,1.1,0.1
Classical_ESN,NARMA10_Chaotic,0.009557591445401793,0.010620157723635218,1.11117510978612,0.9,1e-08,6,,0,2025,2027,11,cold_start,50.0,1.1,0.1
Classical_ESN,NARMA10_Chaotic,0.010239230441831977,0.01566112381998691,1.5295215699027536,0.9,1e-08,8,,0,2025,2035,11,cold_start,50.0,1.1,0.1
Classical_ESN,NARMA10_Chaotic,0.010901329403110154,0.001952670903746179,0.17912227321459354,0.9,1e-08,10,,0,2025,2032,11,cold_start,50.0,1.1,0.1
Classical_ESN,NARMA10_Chaotic,0.012642579258172958,0.060501049425354454,4.785498923112764,0.1,1e-08,1,,0,2025,2026,11,cold_start,50.0,1.1,0.2
Classical_ESN,NARMA10_Chaotic,0.024070840070610968,0.06207677518967791,2.578920179253315,0.1,1e-08,2,,0,2025,2033,11,cold_start,50.0,1.1,0.2
Classical_ESN,NARMA10_Chaotic,0.09245870949812877,0.1671131339801523,1.8074352852992654,0.1,1e-08,4,,0,2025,2025,11,cold_start,50.0,1.1,0.2
Classical_ESN,NARMA10_Chaotic,0.044610469455306,0.17643243725572402,3.9549558525154462,0.1,1e-08,6,,0,2025,2029,11,cold_start,50.0,1.1,0.2
Classical_ESN,NARMA10_Chaotic,0.09270779528307103,0.20641259205386153,2.226485824882448,0.1,1e-08,8,,0,2025,2034,11,cold_start,50.0,1.1,0.2
Classical_ESN,NARMA10_Chaotic,0.056706337985422586,0.7008496044642906,12.359281684605643,0.1,1e-08,10,,0,2025,2029,11,cold_start,50.0,1.1,0.2
Classical_ESN,NARMA10_Chaotic,0.010553784379914813,0.0029760054407169004,0.28198467332539173,0.3,1e-08,1,,0,2025,2034,11,cold_start,50.0,1.1,0.2
Classical_ESN,NARMA10_Chaotic,0.021858146391736465,0.027186923205907033,1.2437890532284626,0.3,1e-08,2,,0,2025,2035,11,cold_start,50.0,1.1,0.2
Classical_ESN,NARMA10_Chaotic,0.04657742799525847,1.180251850992723,25.339566863006503,0.3,1e-08,4,,0,2025,2034,11,cold_start,50.0,1.1,0.2
Classical_ESN,NARMA10_Chaotic,0.0293602415006669,1.1585780927231144,39.46078211573287,0.3,1e-08,6,,0,2025,2029,11,cold_start,50.0,1.1,0.2
Classical_ESN,NARMA10_Chaotic,0.05797201262137339,0.05440174970416135,0.9384140250480844,0.3,1e-08,8,,0,2025,2032,11,cold_start,50.0,1.1,0.2
Classical_ESN,NARMA10_Chaotic,0.056619439608859214,0.05732107282784697,1.0123920904875572,0.3,1e-08,10,,0,2025,2027,11,cold_start,50.0,1.1,0.2
Classical_ESN,NARMA10_Chaotic,0.009993903297881742,0.007319918567860085,0.7324384026621089,0.5,1e-08,1,,0,2025,2032,11,cold_start,50.0,1.1,0.2
Classical_ESN,NARMA10_Chaotic,0.037573626055623525,0.08748315144823579,2.328312719105865,0.5,1e-08,2,,0,2025,2026,11,cold_start,50.0,1.1,0.2
Classical_ESN,NARMA10_Chaotic,0.04048987704522299,0.3545524410836124,8.756569961613222,0.5,1e-08,4,,0,2025,2032,11,cold_start,50.0,1.1,0.2
Classical_ESN,NARMA10_Chaotic,0.024559491523989823,0.061015459985216576,2.4843942687337965,0.5,1e-08,6,,0,2025,2032,11,cold_start,50.0,1.1,0.2
Classical_ESN,NARMA10_Chaotic,0.030188980602489444,0.0290426932615926,0.9620296108705864,0.5,1e-08,8,,0,2025,2034,11,cold_start,50.0,1.1,0.2
Classical_ESN,NARMA10_Chaotic,0.019195142542354996,0.0224350927221017,1.1687901078409604,0.5,1e-08,10,,0,2025,2025,11,cold_start,50.0,1.1,0.2
Classical_ESN,NARMA10_Chaotic,0.009547382908664788,0.0035769969536985427,0.3746573262974733,0.7,1e-08,1,,0,2025,2029,11,cold_start,50.0,1.1,0.2
Classical_ESN,NARMA10_Chaotic,0.01605649470177752,0.22892083124832086,14.257210898153156,0.7,1e-08,2,,0,2025,2033,11,cold_start,50.0,1.1,0.2
Classical_ESN,NARMA10_Chaotic,0.058586742106867866,0.07937766163399493,1.3548741366980677,0.7,1e-08,4,,0,2025,2032,11,cold_start,50.0,1.1,0.2
Classical_ESN,NARMA10_Chaotic,0.014582737877803762,0.10796759698856903,7.403794671020276,0.7,1e-08,6,,0,2025,2027,11,cold_start,50.0,1.1,0.2
Classical_ESN,NARMA10_Chaotic,0.018019963912143826,0.009846808576137843,0.5464388621501058,0.7,1e-08,8,,0,2025,2029,11,cold_start,50.0,1.1,0.2
Classical_ESN,NARMA10_Chaotic,0.010909570479754022,0.005918083489285705,0.542467139312999,0.7,1e-08,10,,0,2025,2033,11,cold_start,50.0,1.1,0.2
Classical_ESN,NARMA10_Chaotic,0.00886832648220366,0.0006083800718896835,0.06860145181963455,0.9,1e-08,1,,0,2025,2032,11,cold_start,50.0,1.1,0.2
Classical_ESN,NARMA10_Chaotic,0.010332846690542708,0.026194718160891764,2.5350921140509004,0.9,1e-08,2,,0,2025,2029,11,cold_start,50.0,1.1,0.2
Classical_ESN,NARMA10_Chaotic,0.010160787299306724,0.04169010687142471,4.103039030673267,0.9,1e-08,4,,0,2025,2034,11,cold_start,50.0,1.1,0.2
Classical_ESN,NARMA10_Chaotic,0.009360319952738203,0.019140849930611374,2.0448926988881446,0.9,1e-08,6,,0,2025,2033,11,cold_start,50.0,1.1,0.2
Classical_ESN,NARMA10_Chaotic,0.009357460346570931,0.00406667949170281,0.43459222279184506,0.9,1e-08,8,,0,2025,2028,11,cold_start,50.0,1.1,0.2
Classical_ESN,NARMA10_Chaotic,0.012058450413684318,0.003749660861560879,0.31095710749912303,0.9,1e-08,10,,0,2025,2026,11,cold_start,50.0,1.1,0.2
Classical_ESN,NARMA10_Chaotic,0.08771736594325523,0.36466898370983564,4.157317992719272,0.1,1e-08,1,,0,2025,2029,11,cold_start,50.0,1.25,0.1
Classical_ESN,NARMA10_Chaotic,0.031299307914504075,0.10799355106746229,3.4503494889552546,0.1,1e-08,2,,0,2025,2035,11,cold_start,50.0,1.25,0.1
Classical_ESN,NARMA10_Chaotic,0.08638794416657895,0.14925238877742875,1.727699278149627,0.1,1e-08,4,,0,2025,2031,11,cold_start,50.0,1.25,0.1
Classical_ESN,NARMA10_Chaotic,0.03551179440698301,0.05802492241295502,1.6339619943717922,0.1,1e-08,6,,0,2025,2028,11,cold_start,50.0,1.25,0.1
Classical_ESN,NARMA10_Chaotic,0.051576408055847275,0.12669387840447602,2.4564308213804082,0.1,1e-08,8,,0,2025,2025,11,cold_start,50.0,1.25,0.1
Classical_ESN,NARMA10_Chaotic,0.03583501558013249,0.147951563281762,4.12868700868624,0.1,1e-08,10,,0,2025,2030,11,cold_start,50.0,1.25,0.1
Classical_ESN,NARMA10_Chaotic,0.014588800070225717,0.029096416864439086,1.9944352328072523,0.3,1e-08,1,,0,2025,2028,11,cold_start,50.0,1.25,0.1
Classical_ESN,NARMA10_Chaotic,0.02142623696577629,0.11804746755342159,5.509482030931353,0.3,1e-08,2,,0,2025,2033,11,cold_start,50.0,1.25,0.1
Classical_ESN,NARMA10_Chaotic,0.016022338554172146,0.13678747309636036,8.53729763816166,0.3,1e-08,4,,0,2025,2030,11,cold_start,50.0,1.25,0.1
Classical_ESN,NARMA10_Chaotic,0.012256785509043439,0.010100825703321232,0.8241007151400771,0.3,1e-08,6,,0,2025,2026,11,cold_start,50.0,1.25,0.1
Classical_ESN,NARMA10_Chaotic,0.03300687260333877,0.05094006096699944,1.5433167988731735,0.3,1e-08,8,,0,2025,2029,11,cold_start,50.0,1.25,0.1
Classical_ESN,NARMA10_Chaotic,0.01854134240697798,0.04294584937463587,2.3162211468827265,0.3,1e-08,10,,0,2025,2030,11,cold_start,50.0,1.25,0.1
Classical_ESN,NARMA10_Chaotic,0.01090027197718632,0.00751630077042397,0.6895516723027812,0.5,1e-08,1,,0,2025,2032,11,cold_start,50.0,1.25,0.1
Classical_ESN,NARMA10_Chaotic,0.03538163134005955,0.028936174815437716,0.8178304312010566,0.5,1e-08,2,,0,2025,2026,11,cold_start,50.0,1.25,0.1
Classical_ESN,NARMA10_Chaotic,0.016623553493787652,0.0259391538610011,1.5603856221652463,0.5,1e-08,4,,0,2025,2030,11,cold_start,50.0,1.25,0.1
Classical_ESN,NARMA10_Chaotic,0.01034557108296828,0.026141177149752778,2.5267988533555688,0.5,1e-08,6,,0,2025,2032,11,cold_start,50.0,1.25,0.1
Classical_ESN,NARMA10_Chaotic,0.016248801870233167,0.049027638890649435,3.0173079395143056,0.5,1e-08,8,,0,2025,2029,11,cold_start,50.0,1.25,0.1
Classical_ESN,NARMA10_Chaotic,0.014344069230225824,0.01881765195342985,1.311876821800141,0.5,1e-08,10,,0,2025,2031,11,cold_start,50.0,1.25,0.1
Classical_ESN,NARMA10_Chaotic,0.011996573892348424,0.0059128252089086135,0.4928761546394419,0.7,1e-08,1,,0,2025,2027,11,cold_start,50.0,1.25,0.1
Classical_ESN,NARMA10_Chaotic,0.011970058002632459,0.018745487535387476,1.5660314704627967,0.7,1e-08,2,,0,2025,2035,11,cold_start,50.0,1.25,0.1
Classical_ESN,NARMA10_Chaotic,0.014193823133159908,0.031874938451573846,2.245690829915088,0.7,1e-08,4,,0,2025,2025,11,cold_start,50.0,1.25,0.1
Classical_ESN,NARMA10_Chaotic,0.010021816222686967,0.061337035066252064,6.120351212128582,0.7,1e-08,6,,0,2025,2033,11,cold_start,50.0,1.25,0.1
Classical_ESN,NARMA10_Chaotic,0.014699479023069733,0.01773401911740407,1.2064386152442446,0.7,1e-08,8,,0,2025,2034,11,cold_start,50.0,1.25,0.1
Classical_ESN,NARMA10_Chaotic,0.009276455294277657,0.00848214531299448,0.9143735450573279,0.7,1e-08,10,,0,2025,2029,11,cold_start,50.0,1.25,0.1
Classical_ESN,NARMA10_Chaotic,0.011528630679137538,0.0016935599816427713,0.14690035866162965,0.9,1e-08,1,,0,2025,2030,11,cold_start,50.0,1.25,0.1
Classical_ESN,NARMA10_Chaotic,0.010789269713541024,0.0028101196945012254,0.2604550418249715,0.9,1e-08,2,,0,2025,2025,11,cold_start,50.0,1.25,0.1
Classical_ESN,NARMA10_Chaotic,0.009984801008799301,0.02243368489017644,2.24678337308939,0.9,1e-08,4,,0,2025,2029,11,cold_start,50.0,1.25,0.1
Classical_ESN,NARMA10_Chaotic,0.010403450673823745,0.009927568481783978,0.9542572741525905,0.9,1e-08,6,,0,2025,2026,11,cold_start,50.0,1.25,0.1
Classical_ESN,NARMA10_Chaotic,0.010449186749428536,0.011538687791884618,1.1042665873031379,0.9,1e-08,8,,0,2025,2035,11,cold_start,50.0,1.25,0.1
Classical_ESN,NARMA10_Chaotic,0.008900136468875181,0.005787717851162148,0.6502954051774907,0.9,1e-08,10,,0,2025,2031,11,cold_start,50.0,1.25,0.1
Classical_ESN,NARMA10_Chaotic,0.03519812115466729,1.6286141237041636,46.269916412518754,0.1,1e-08,1,,0,2025,2027,11,cold_start,50.0,1.25,0.2
Classical_ESN,NARMA10_Chaotic,0.03480824195243255,0.372173772624756,10.692116342254591,0.1,1e-08,2,,0,2025,2028,11,cold_start,50.0,1.25,0.2
Classical_ESN,NARMA10_Chaotic,0.0353648077032587,0.4472889640410812,12.647855116143207,0.1,1e-08,4,,0,2025,2026,11,cold_start,50.0,1.25,0.2
Classical_ESN,NARMA10_Chaotic,0.040232593351801745,0.067904508664963,1.6877984491626619,0.1,1e-08,6,,0,2025,2035,11,cold_start,50.0,1.25,0.2
Classical_ESN,NARMA10_Chaotic,0.06028661356026037,0.10796644963649198,1.7908859572709708,0.1,1e-08,8,,0,2025,2025,11,cold_start,50.0,1.25,0.2
Classical_ESN,NARMA10_Chaotic,0.038312235813498074,0.12283109186519639,3.2060538691380898,0.1,1e-08,10,,0,2025,2029,11,cold_start,50.0,1.25,0.2
Classical_ESN,NARMA10_Chaotic,0.011521192921451083,0.15757432375957164,13.676910440948099,0.3,1e-08,1,,0,2025,2026,11,cold_start,50.0,1.25,0.2
Classical_ESN,NARMA10_Chaotic,0.011953567151316461,0.0706225917784594,5.9080767175580435,0.3,1e-08,2,,0,2025,2025,11,cold_start,50.0,1.25,0.2
Classical_ESN,NARMA10_Chaotic,0.012860666704505374,0.174807845711337,13.592440402028146,0.3,1e-08,4,,0,2025,2026,11,cold_start,50.0,1.25,0.2
Classical_ESN,NARMA10_Chaotic,0.015758662521173333,0.05703717482414458,3.619417240994244,0.3,1e-08,6,,0,2025,2029,11,cold_start,50.0,1.25,0.2
Classical_ESN,NARMA10_Chaotic,0.022819963114110824,0.1120046265945049,4.908186136604504,0.3,1e-08,8,,0,2025,2032,11,cold_start,50.0,1.25,0.2
Classical_ESN,NARMA10_Chaotic,0.057288267818815505,0.07652196856537494,1.335735421559428,0.3,1e-08,10,,0,2025,2029,11,cold_start,50.0,1.25,0.2
Classical_ESN,NARMA10_Chaotic,0.0107142353582629,0.028627236127870628,2.6718879295285487,0.5,1e-08,1,,0,2025,2034,11,cold_start,50.0,1.25,0.2
Classical_ESN,NARMA10_Chaotic,0.010773219819512184,0.030421633569616652,2.8238199980397463,0.5,1e-08,2,,0,2025,2029,11,cold_start,50.0,1.25,0.2
Classical_ESN,NARMA10_Chaotic,0.016183037767577346,0.20996055726237106,12.974112788825485,0.5,1e-08,4,,0,2025,2034,11,cold_start,50.0,1.25,0.2
Classical_ESN,NARMA10_Chaotic,0.010421794382165946,0.0322268230744748,3.0922528206488322,0.5,1e-08,6,,0,2025,2033,11,cold_start,50.0,1.25,0.2
Classical_ESN,NARMA10_Chaotic,0.030751209135114317,0.36791283110420936,11.964174465065035,0.5,1e-08,8,,0,2025,2025,11,cold_start,50.0,1.25,0.2
Classical_ESN,NARMA10_Chaotic,0.023383701841351877,0.03492843412530085,1.493708496724552,0.5,1e-08,10,,0,2025,2025,11,cold_start,50.0,1.25,0.2
Classical_ESN,NARMA10_Chaotic,0.01176642746921391,0.25062925020669646,21.300369280518794,0.7,1e-08,1,,0,2025,2029,11,cold_start,50.0,1.25,0.2
Classical_ESN,NARMA10_Chaotic,0.010655203822690024,0.09900419143875934,9.291628117702645,0.7,1e-08,2,,0,2025,2032,11,cold_start,50.0,1.25,0.2
Classical_ESN,NARMA10_Chaotic,0.010663529174602083,0.05830305507445409,5.467519628803352,0.7,1e-08,4,,0,2025,2035,11,cold_start,50.0,1.25,0.2
Classical_ESN,NARMA10_Chaotic,0.011542044182341907,0.02198317957877271,1.9046175210804186,0.7,1e-08,6,,0,2025,2032,11,cold_start,50.0,1.25,0.2
Classical_ESN,NARMA10_Chaotic,0.01313161567038403,0.059362900287647714,4.5206090231173865,0.7,1e-08,8,,0,2025,2025,11,cold_start,50.0,1.25,0.2
Classical_ESN,NARMA10_Chaotic,0.00959561835912226,0.01001907926922754,1.044130653623037,0.7,1e-08,10,,0,2025,2032,11,cold_start,50.0,1.25,0.2
Classical_ESN,NARMA10_Chaotic,0.011827656812857575,0.028349656540449162,2.396895428148617,0.9,1e-08,1,,0,2025,2026,11,cold_start,50.0,1.25,0.2
Classical_ESN,NARMA10_Chaotic,0.010821906389378048,0.004389317901872989,0.40559562649527314,0.9,1e-08,2,,0,2025,2029,11,cold_start,50.0,1.25,0.2
Classical_ESN,NARMA10_Chaotic,0.009803777627618117,0.02585135974536966,2.6368774086168654,0.9,1e-08,4,,0,2025,2027,11,cold_start,50.0,1.25,0.2
Classical_ESN,NARMA10_Chaotic,0.010030028437857844,0.0020189411476243297,0.20128967331776815,0.9,1e-08,6,,0,2025,2027,11,cold_start,50.0,1.25,0.2
Classical_ESN,NARMA10_Chaotic,0.011012198516452746,0.008127232961340939,0.7380209273560105,0.9,1e-08,8,,0,2025,2027,11,cold_start,50.0,1.25,0.2
Classical_ESN,NARMA10_Chaotic,0.009738119159215892,0.002390791829502039,0.24550858234666992,0.9,1e-08,10,,0,2025,2025,11,cold_start,50.0,1.25,0.2
Classical_ESN,NARMA10_Chaotic,0.011141389941538094,0.00020874635091040292,0.01873611389653821,0.1,1e-08,1,,0,2025,2030,11,cold_start,100.0,0.9,0.1
Classical_ESN,NARMA10_Chaotic,0.08562158363344637,0.15388624150143787,1.797283289692919,0.1,1e-08,2,,0,2025,2031,11,cold_start,100.0,0.9,0.1
Classical_ESN,NARMA10_Chaotic,0.4504988548190188,1.8912565920168811,4.198138511976163,0.1,1e-08,4,,0,2025,2035,11,cold_start,100.0,0.9,0.1
Classical_ESN,NARMA10_Chaotic,1.7390528150170528,3.394521746097128,1.9519371216243608,0.1,1e-08,6,,0,2025,2032,11,cold_start,100.0,0.9,0.1
Classical_ESN,NARMA10_Chaotic,3.3988476170257935,5.925980304275956,1.7435263277444497,0.1,1e-08,8,,0,2025,2030,11,cold_start,100.0,0.9,0.1
Classical_ESN,NARMA10_Chaotic,3.2753085040955603,13.261522045882321,4.048938299796691,0.1,1e-08,10,,0,2025,2031,11,cold_start,100.0,0.9,0.1
Classical_ESN,NARMA10_Chaotic,0.010235758624988475,5.1315280921160045e-05,0.005013334409418806,0.3,1e-08,1,,0,2025,2033,11,cold_start,100.0,0.9,0.1
Classical_ESN,NARMA10_Chaotic,0.2820016992865781,0.26844636481358974,0.951931727690715,0.3,1e-08,2,,0,2025,2025,11,cold_start,100.0,0.9,0.1
Classical_ESN,NARMA10_Chaotic,1.8483283013610077,4.965917336608458,2.6867074063367578,0.3,1e-08,4,,0,2025,2032,11,cold_start,100.0,0.9,0.1
Classical_ESN,NARMA10_Chaotic,2.827717833435038,3.7390929996594,1.322300604200401,0.3,1e-08,6,,0,2025,2028,11,cold_start,100.0,0.9,0.1
Classical_ESN,NARMA10_Chaotic,2.569213822505384,2.027472167698734,0.7891410788540879,0.3,1e-08,8,,0,2025,2025,11,cold_start,100.0,0.9,0.1
Classical_ESN,NARMA10_Chaotic,1.8229351854085443,2.4206538107414066,1.3278880292164121,0.3,1e-08,10,,0,2025,2030,11,cold_start,100.0,0.9,0.1
Classical_ESN,NARMA10_Chaotic,0.009529847625268158,8.791981196186098e-05,0.00922573113642906,0.5,1e-08,1,,0,2025,2034,11,cold_start,100.0,0.9,0.1
Classical_ESN,NARMA10_Chaotic,1.1067681909949008,0.8709871106520202,0.7869643505647455,0.5,1e-08,2,,0,2025,2027,11,cold_start,100.0,0.9,0.1
Classical_ESN,NARMA10_Chaotic,2.6046885386528333,5.002519229595678,1.920582501654122,0.5,1e-08,4,,0,2025,2033,11,cold_start,100.0,0.9,0.1
Classical_ESN,NARMA10_Chaotic,2.226514809514935,3.1522640073548023,1.4157839839572186,0.5,1e-08,6,,0,2025,2032,11,cold_start,100.0,0.9,0.1
Classical_ESN,NARMA10_Chaotic,1.3113455919156378,1.830969782217529,1.3962526686369645,0.5,1e-08,8,,0,2025,2035,11,cold_start,100.0,0.9,0.1
Classical_ESN,NARMA10_Chaotic,1.1422347755179294,1.3378910155118289,1.1712924909900262,0.5,1e-08,10,,0,2025,2034,11,cold_start,100.0,0.9,0.1
Classical_ESN,NARMA10_Chaotic,0.008846924837689408,0.00019022497054815564,0.021501818319713175,0.7,1e-08,1,,0,2025,2025,11,cold_start,100.0,0.9,0.1
Classical_ESN,NARMA10_Chaotic,0.9374592447925838,1.4213196764528544,1.5161402315332935,0.7,1e-08,2,,0,2025,2027,11,cold_start,100.0,0.9,0.1
Classical_ESN,NARMA10_Chaotic,1.5451160285177508,1.458937040617441,0.9442249084795383,0.7,1e-08,4,,0,2025,2035,11,cold_start,100.0,0.9,0.1
Classical_ESN,NARMA10_Chaotic,0.7793829189089078,0.8828832204874854,1.1327977545664873,0.7,1e-08,6,,0,2025,2027,11,cold_start,100.0,0.9,0.1
Classical_ESN,NARMA10_Chaotic,0.500629142048114,1.2073793162368551,2.411723998521879,0.7,1e-08,8,,0,2025,2031,11,cold_start,100.0,0.9,0.1
Classical_ESN,NARMA10_Chaotic,0.46640815162726185,0.35334332836460336,0.7575839468753192,0.7,1e-08,10,,0,2025,2033,11,cold_start,100.0,0.9,0.1
Classical_ESN,NARMA10_Chaotic,0.008206211687293206,7.738596580067997e-05,0.009430169333860493,0.9,1e-08,1,,0,2025,2027,11,cold_start,100.0,0.9,0.1
Classical_ESN,NARMA10_Chaotic,0.4445470553217406,0.9019417746649928,2.028900571644127,0.9,1e-08,2,,0,2025,2034,11,cold_start,100.0,0.9,0.1
Classical_ESN,NARMA10_Chaotic,0.8318543328896808,1.1907497268100509,1.4314401929886518,0.9,1e-08,4,,0,2025,2025,11,cold_start,100.0,0.9,0.1
Classical_ESN,NARMA10_Chaotic,0.5909774249417528,0.5009894026792006,0.8477301865271394,0.9,1e-08,6,,0,2025,2034,11,cold_start,100.0,0.9,0.1
Classical_ESN,NARMA10_Chaotic,0.2965911749519739,0.20488047891745761,0.6907841372914527,0.9,1e-08,8,,0,2025,2026,11,cold_start,100.0,0.9,0.1
Classical_ESN,NARMA10_Chaotic,0.13918173375197013,0.3691755612936617,2.6524713505261674,0.9,1e-08,10,,0,2025,2033,11,cold_start,100.0,0.9,0.1
Classical_ESN,NARMA10_Chaotic,0.011150604423514886,0.00015693925793036726,0.014074506813227706,0.1,1e-08,1,,0,2025,2025,11,cold_start,100.0,0.9,0.2
Classical_ESN,NARMA10_Chaotic,0.07061060072446854,0.24023229423290315,3.402212865605263,0.1,1e-08,2,,0,2025,2028,11,cold_start,100.0,0.9,0.2
Classical_ESN,NARMA10_Chaotic,0.4943242121055968,3.7025438485710263,7.490112274290328,0.1,1e-08,4,,0,2025,2027,11,cold_start,100.0,0.9,0.2
Classical_ESN,NARMA10_Chaotic,1.2309750528719479,2.725194100061142,2.213849983152039,0.1,1e-08,6,,0,2025,2030,11,cold_start,100.0,0.9,0.2
Classical_ESN,NARMA10_Chaotic,3.017178576223985,10.316045512050023,3.419103394589461,0.1,1e-08,8,,0,2025,2033,11,cold_start,100.0,0.9,0.2
Classical_ESN,NARMA10_Chaotic,3.96406015977976,3.8387554118194602,0.9683897965949988,0.1,1e-08,10,,0,2025,2035,11,cold_start,100.0,0.9,0.2
Classical_ESN,NARMA10_Chaotic,0.010288852569047857,5.311645090417163e-05,0.0051625242511456355,0.3,1e-08,1,,0,2025,2026,11,cold_start,100.0,0.9,0.2
Classical_ESN,NARMA10_Chaotic,0.19098513796115682,0.30420599335472026,1.59282547638126,0.3,1e-08,2,,0,2025,2027,11,cold_start,100.0,0.9,0.2
Classical_ESN,NARMA10_Chaotic,2.21327083480133,2.347700982653911,1.0607382276668584,0.3,1e-08,4,,0,2025,2032,11,cold_start,100.0,0.9,0.2
Classical_ESN,NARMA10_Chaotic,1.1305948139852202,5.514405445059225,4.877437413339588,0.3,1e-08,6,,0,2025,2028,11,cold_start,100.0,0.9,0.2
Classical_ESN,NARMA10_Chaotic,3.6868854662343544,2.91295515175691,0.7900856097740655,0.3,1e-08,8,,0,2025,2031,11,cold_start,100.0,0.9,0.2
Classical_ESN,NARMA10_Chaotic,1.5708464910625901,1.6374531924654134,1.042401788960147,0.3,1e-08,10,,0,2025,2033,11,cold_start,100.0,0.9,0.2
Classical_ESN,NARMA10_Chaotic,0.009525076998044385,7.969021061938012e-05,0.008366358679907942,0.5,1e-08,1,,0,2025,2032,11,cold_start,100.0,0.9,0.2
Classical_ESN,NARMA10_Chaotic,1.2269237681567506,0.658001460032338,0.5363018282878943,0.5,1e-08,2,,0,2025,2030,11,cold_start,100.0,0.9,0.2
Classical_ESN,NARMA10_Chaotic,3.0677911851282564,1.4156569930947525,0.46145806792764726,0.5,1e-08,4,,0,2025,2034,11,cold_start,100.0,0.9,0.2
Classical_ESN,NARMA10_Chaotic,0.9012185977235634,3.0165604607617116,3.3472017425976386,0.5,1e-08,6,,0,2025,2025,11,cold_start,100.0,0.9,0.2
Classical_ESN,NARMA10_Chaotic,0.9305708560535241,1.7605388122541186,1.891891198613743,0.5,1e-08,8,,0,2025,2035,11,cold_start,100.0,0.9,0.2
Classical_ESN,NARMA10_Chaotic,1.0639132292887943,1.3022539970786176,1.2240227503789474,0.5,1e-08,10,,0,2025,2025,11,cold_start,100.0,0.9,0.2
Classical_ESN,NARMA10_Chaotic,0.008888993721340723,0.00017724865831333627,0.019940238892035344,0.7,1e-08,1,,0,2025,2033,11,cold_start,100.0,0.9,0.2
Classical_ESN,NARMA10_Chaotic,1.6398111516280838,1.7440204070954906,1.0635495467657619,0.7,1e-08,2,,0,2025,2030,11,cold_start,100.0,0.9,0.2
Classical_ESN,NARMA10_Chaotic,1.7211771823479294,2.7948792311937574,1.623818430698196,0.7,1e-08,4,,0,2025,2028,11,cold_start,100.0,0.9,0.2
Classical_ESN,NARMA10_Chaotic,0.919180858967893,1.3347752275988225,1.452135577646364,0.7,1e-08,6,,0,2025,2031,11,cold_start,100.0,0.9,0.2
Classical_ESN,NARMA10_Chaotic,0.4775138838619113,0.482751078430636,1.0109676278443858,0.7,1e-08,8,,0,2025,2033,11,cold_start,100.0,0.9,0.2
Classical_ESN,NARMA10_Chaotic,0.5445490603987484,0.27691045414348614,0.5085133264957197,0.7,1e-08,10,,0,2025,2025,11,cold_start,100.0,0.9,0.2
Classical_ESN,NARMA10_Chaotic,0.008188165484913988,0.00011805705386036097,0.014418010246357532,0.9,1e-08,1,,0,2025,2034,11,cold_start,100.0,0.9,0.2
Classical_ESN,NARMA10_Chaotic,0.5405542079190049,0.9429380439128556,1.7443912749156563,0.9,1e-08,2,,0,2025,2031,11,cold_start,100.0,0.9,0.2
Classical_ESN,NARMA10_Chaotic,1.2439179982758348,2.0081737578267043,1.6143940039537865,0.9,1e-08,4,,0,2025,2025,11,cold_start,100.0,0.9,0.2
Classical_ESN,NARMA10_Chaotic,0.7288867292304361,0.46367107847077094,0.6361359863971159,0.9,1e-08,6,,0,2025,2029,11,cold_start,100.0,0.9,0.2
Classical_ESN,NARMA10_Chaotic,0.276733707689153,0.17700649971768861,0.6396275365070991,0.9,1e-08,8,,0,2025,2033,11,cold_start,100.0,0.9,0.2
Classical_ESN,NARMA10_Chaotic,0.13127619845135843,0.35733713630822017,2.722025321601796,0.9,1e-08,10,,0,2025,2035,11,cold_start,100.0,0.9,0.2
Classical_ESN,NARMA10_Chaotic,0.12060390090492677,0.5124710519884655,4.249207928957882,0.1,1e-08,1,,0,2025,2033,11,cold_start,100.0,1.1,0.1
Classical_ESN,NARMA10_Chaotic,0.2823943846909203,1.0889458054794063,3.8561170636280666,0.1,1e-08,2,,0,2025,2029,11,cold_start,100.0,1.1,0.1
Classical_ESN,NARMA10_Chaotic,0.8886381708314031,1.532439257731687,1.724480568168649,0.1,1e-08,4,,0,2025,2026,11,cold_start,100.0,1.1,0.1
Classical_ESN,NARMA10_Chaotic,1.2476230171205764,1.0883786783537215,0.8723618139601341,0.1,1e-08,6,,0,2025,2030,11,cold_start,100.0,1.1,0.1
Classical_ESN,NARMA10_Chaotic,3.37762082967338,2.9339546108602086,0.8686453449968585,0.1,1e-08,8,,0,2025,2035,11,cold_start,100.0,1.1,0.1
Classical_ESN,NARMA10_Chaotic,1.4619254345399793,2.9685613343926276,2.0305832734394818,0.1,1e-08,10,,0,2025,2033,11,cold_start,100.0,1.1,0.1
Classical_ESN,NARMA10_Chaotic,0.01214583726616296,0.13601536370264952,11.19851688459339,0.3,1e-08,1,,0,2025,2029,11,cold_start,100.0,1.1,0.1
Classical_ESN,NARMA10_Chaotic,0.12870380945406604,0.16671406125057842,1.295331210146333,0.3,1e-08,2,,0,2025,2030,11,cold_start,100.0,1.1,0.1
Classical_ESN,NARMA10_Chaotic,0.21236617082548356,0.5384710059885208,2.5355780720415253,0.3,1e-08,4,,0,2025,2033,11,cold_start,100.0,1.1,0.1
Classical_ESN,NARMA10_Chaotic,0.258924588129347,0.7190561105678542,2.7770870111750314,0.3,1e-08,6,,0,2025,2033,11,cold_start,100.0,1.1,0.1
Classical_ESN,NARMA10_Chaotic,0.4917563923716772,1.1852626507350172,2.4102638402292027,0.3,1e-08,8,,0,2025,2031,11,cold_start,100.0,1.1,0.1
Classical_ESN,NARMA10_Chaotic,0.3281195985397814,0.5461014481056674,1.664336572810532,0.3,1e-08,10,,0,2025,2030,11,cold_start,100.0,1.1,0.1
Classical_ESN,NARMA10_Chaotic,0.010386699798771565,0.02088525684668955,2.0107692771826957,0.5,1e-08,1,,0,2025,2035,11,cold_start,100.0,1.1,0.1
Classical_ESN,NARMA10_Chaotic,0.059525545123476936,0.655234302284767,11.007615317517553,0.5,1e-08,2,,0,2025,2035,11,cold_start,100.0,1.1,0.1
Classical_ESN,NARMA10_Chaotic,0.15353522390145663,0.2199657777707972,1.4326730517029607,0.5,1e-08,4,,0,2025,2030,11,cold_start,100.0,1.1,0.1
Classical_ESN,NARMA10_Chaotic,0.06873278396038053,0.4382373065116198,6.375957458150275,0.5,1e-08,6,,0,2025,2026,11,cold_start,100.0,1.1,0.1
Classical_ESN,NARMA10_Chaotic,0.2589618752758822,0.49574141212128897,1.9143412967378162,0.5,1e-08,8,,0,2025,2030,11,cold_start,100.0,1.1,0.1
Classical_ESN,NARMA10_Chaotic,0.08603223489397319,0.17739083950923448,2.0619113257705366,0.5,1e-08,10,,0,2025,2028,11,cold_start,100.0,1.1,0.1
Classical_ESN,NARMA10_Chaotic,0.009711028459676946,0.009855403505731457,1.0148671221234702,0.7,1e-08,1,,0,2025,2026,11,cold_start,100.0,1.1,0.1
Classical_ESN,NARMA10_Chaotic,0.02504285777134436,0.23763867749047396,9.489279524735204,0.7,1e-08,2,,0,2025,2030,11,cold_start,100.0,1.1,0.1
Classical_ESN,NARMA10_Chaotic,0.11597512245740033,0.3570571075589353,3.078738784605195,0.7,1e-08,4,,0,2025,2032,11,cold_start,100.0,1.1,0.1
Classical_ESN,NARMA10_Chaotic,0.03212874871631452,0.031370002262458334,0.9763841891087746,0.7,1e-08,6,,0,2025,2034,11,cold_start,100.0,1.1,0.1
Classical_ESN,NARMA10_Chaotic,0.053129883923770695,0.1312168277581532,2.469736767097393,0.7,1e-08,8,,0,2025,2031,11,cold_start,100.0,1.1,0.1
Classical_ESN,NARMA10_Chaotic,0.04657788614883152,0.04908679577994441,1.0538648238156645,0.7,1e-08,10,,0,2025,2026,11,cold_start,100.0,1.1,0.1
Classical_ESN,NARMA10_Chaotic,0.008795732292149236,0.001790223722730382,0.20353322080166913,0.9,1e-08,1,,0,2025,2029,11,cold_start,100.0,1.1,0.1
Classical_ESN,NARMA10_Chaotic,0.009444341034357021,0.009523497877805204,1.0083814046062318,0.9,1e-08,2,,0,2025,2031,11,cold_start,100.0,1.1,0.1
Classical_ESN,NARMA10_Chaotic,0.013127118356115613,0.023229030127311125,1.7695452647830565,0.9,1e-08,4,,0,2025,2027,11,cold_start,100.0,1.1,0.1
Classical_ESN,NARMA10_Chaotic,0.015319899735760043,0.013952485448405716,0.9107426085718774,0.9,1e-08,6,,0,2025,2032,11,cold_start,100.0,1.1,0.1
Classical_ESN,NARMA10_Chaotic,0.01846658204368461,0.04007227410001041,2.1699886857901096,0.9,1e-08,8,,0,2025,2031,11,cold_start,100.0,1.1,0.1
Classical_ESN,NARMA10_Chaotic,0.023148670851519136,0.012864107359127174,0.5557168893903455,0.9,1e-08,10,,0,2025,2026,11,cold_start,100.0,1.1,0.1
Classical_ESN,NARMA10_Chaotic,0.1395511633046404,0.17975374106211978,1.2880848629668324,0.1,1e-08,1,,0,2025,2034,11,cold_start,100.0,1.1,0.2
Classical_ESN,NARMA10_Chaotic,0.35213947741635315,1.1623810733528184,3.3009109966346477,0.1,1e-08,2,,0,2025,2025,11,cold_start,100.0,1.1,0.2
Classical_ESN,NARMA10_Chaotic,0.5460804460860086,1.125750664419231,2.061510666583955,0.1,1e-08,4,,0,2025,2032,11,cold_start,100.0,1.1,0.2
Classical_ESN,NARMA10_Chaotic,1.9833703052585903,2.089111191041578,1.0533137384897981,0.1,1e-08,6,,0,2025,2029,11,cold_start,100.0,1.1,0.2
Classical_ESN,NARMA10_Chaotic,1.5525766091732458,3.2997488456650523,2.125337214388528,0.1,1e-08,8,,0,2025,2034,11,cold_start,100.0,1.1,0.2
Classical_ESN,NARMA10_Chaotic,3.3614538469055333,2.4470941072996566,0.7279868231873502,0.1,1e-08,10,,0,2025,2029,11,cold_start,100.0,1.1,0.2
Classical_ESN,NARMA10_Chaotic,0.014029169189775618,0.10711227010449242,7.634968874889275,0.3,1e-08,1,,0,2025,2026,11,cold_start,100.0,1.1,0.2
Classical_ESN,NARMA10_Chaotic,0.16463513476810476,0.18030475425165413,1.0951778580290328,0.3,1e-08,2,,0,2025,2030,11,cold_start,100.0,1.1,0.2
Classical_ESN,NARMA10_Chaotic,0.24663923084284037,0.5276633772386227,2.139413812780061,0.3,1e-08,4,,0,2025,2033,11,cold_start,100.0,1.1,0.2
Classical_ESN,NARMA10_Chaotic,0.9732675844286346,0.8827858799464648,0.9070330647708894,0.3,1e-08,6,,0,2025,2035,11,cold_start,100.0,1.1,0.2
Classical_ESN,NARMA10_Chaotic,0.5018129304663852,0.440290530436429,0.8773997314641191,0.3,1e-08,8,,0,2025,2025,11,cold_start,100.0,1.1,0.2
Classical_ESN,NARMA10_Chaotic,0.23788638495563064,0.49769802253806844,2.0921669082948844,0.3,1e-08,10,,0,2025,2031,11,cold_start,100.0,1.1,0.2
Classical_ESN,NARMA10_Chaotic,0.010455996801606696,0.010084119779787027,0.9644340918541094,0.5,1e-08,1,,0,2025,2034,11,cold_start,100.0,1.1,0.2
Classical_ESN,NARMA10_Chaotic,0.06714368944707327,0.25561190749959267,3.806938665488161,0.5,1e-08,2,,0,2025,2030,11,cold_start,100.0,1.1,0.2
Classical_ESN,NARMA10_Chaotic,0.08187633199419173,1.7499484475299432,21.37306844246618,0.5,1e-08,4,,0,2025,2030,11,cold_start,100.0,1.1,0.2
Classical_ESN,NARMA10_Chaotic,0.15078633854771412,0.3306758081199836,2.193009070349872,0.5,1e-08,6,,0,2025,2029,11,cold_start,100.0,1.1,0.2
Classical_ESN,NARMA10_Chaotic,0.22115768908416886,0.11224854180348184,0.5075498042519424,0.5,1e-08,8,,0,2025,2026,11,cold_start,100.0,1.1,0.2
Classical_ESN,NARMA10_Chaotic,0.1535683651622306,0.152733004676849,0.9945603348417552,0.5,1e-08,10,,0,2025,2030,11,cold_start,100.0,1.1,0.2
Classical_ESN,NARMA10_Chaotic,0.010217127847128223,0.005385259386017682,0.5270815307974582,0.7,1e-08,1,,0,2025,2034,11,cold_start,100.0,1.1,0.2
Classical_ESN,NARMA10_Chaotic,0.07297715542260548,0.05538504206116006,0.7589367075275715,0.7,1e-08,2,,0,2025,2034,11,cold_start,100.0,1.1,0.2
Classical_ESN,NARMA10_Chaotic,0.05723827316494635,0.20252190425196281,3.5382252652581863,0.7,1e-08,4,,0,2025,2027,11,cold_start,100.0,1.1,0.2
Classical_ESN,NARMA10_Chaotic,0.06137924786056948,0.06048591718396214,0.985445721351349,0.7,1e-08,6,,0,2025,2034,11,cold_start,100.0,1.1,0.2
Classical_ESN,NARMA10_Chaotic,0.0467647072208627,0.07263707637466252,1.5532456138687771,0.7,1e-08,8,,0,2025,2026,11,cold_start,100.0,1.1,0.2
Classical_ESN,NARMA10_Chaotic,0.047595339606713936,0.03341732061027701,0.7021132927384989,0.7,1e-08,10,,0,2025,2032,11,cold_start,100.0,1.1,0.2
Classical_ESN,NARMA10_Chaotic,0.008672695685553528,0.0018318552775005736,0.21122097948760862,0.9,1e-08,1,,0,2025,2033,11,cold_start,100.0,1.1,0.2
Classical_ESN,NARMA10_Chaotic,0.01340854926285198,0.01682120938557301,1.2545137475965213,0.9,1e-08,2,,0,2025,2034,11,cold_start,100.0,1.1,0.2
Classical_ESN,NARMA10_Chaotic,0.012313892248836635,0.055302080024882384,4.491031666296015,0.9,1e-08,4,,0,2025,2027,11,cold_start,100.0,1.1,0.2
Classical_ESN,NARMA10_Chaotic,0.011354694766762206,0.028409864086516197,2.50203679359822,0.9,1e-08,6,,0,2025,2032,11,cold_start,100.0,1.1,0.2
Classical_ESN,NARMA10_Chaotic,0.0163381167947902,0.009980728436786433,0.6108860991842725,0.9,1e-08,8,,0,2025,2027,11,cold_start,100.0,1.1,0.2
Classical_ESN,NARMA10_Chaotic,0.020221111985234963,0.03421132005368874,1.6918614603721662,0.9,1e-08,10,,0,2025,2025,11,cold_start,100.0,1.1,0.2
Classical_ESN,NARMA10_Chaotic,1.9066301117974704,3.632793552821084,1.905347833511492,0.1,1e-08,1,,0,2025,2030,11,cold_start,100.0,1.25,0.1
Classical_ESN,NARMA10_Chaotic,0.7108271078347713,1.7605744788709234,2.476797043142819,0.1,1e-08,2,,0,2025,2035,11,cold_start,100.0,1.25,0.1
Classical_ESN,NARMA10_Chaotic,0.2615069912740797,5.136728395791137,19.642795669686112,0.1,1e-08,4,,0,2025,2028,11,cold_start,100.0,1.25,0.1
Classical_ESN,NARMA10_Chaotic,0.5590419588449124,0.7214178605060733,1.290453872186375,0.1,1e-08,6,,0,2025,2030,11,cold_start,100.0,1.25,0.1
Classical_ESN,NARMA10_Chaotic,1.5078149246392707,2.5809361160941284,1.7117061742253221,0.1,1e-08,8,,0,2025,2031,11,cold_start,100.0,1.25,0.1
Classical_ESN,NARMA10_Chaotic,0.8777658490415516,2.103550479112661,2.396482480389919,0.1,1e-08,10,,0,2025,2025,11,cold_start,100.0,1.25,0.1
Classical_ESN,NARMA10_Chaotic,0.01433298744185832,0.3623982726668816,25.28421057626319,0.3,1e-08,1,,0,2025,2035,11,cold_start,100.0,1.25,0.1
Classical_ESN,NARMA10_Chaotic,0.014531395529040743,0.6871317453672937,47.28601213793079,0.3,1e-08,2,,0,2025,2030,11,cold_start,100.0,1.25,0.1
Classical_ESN,NARMA10_Chaotic,0.023803882668987857,1.067631926324027,44.85116739862602,0.3,1e-08,4,,0,2025,2028,11,cold_start,100.0,1.25,0.1
Classical_ESN,NARMA10_Chaotic,0.05094244442872635,0.14113467340637778,2.7704731288236375,0.3,1e-08,6,,0,2025,2035,11,cold_start,100.0,1.25,0.1
Classical_ESN,NARMA10_Chaotic,0.23710217364039854,1.0541013472783143,4.445768383705411,0.3,1e-08,8,,0,2025,2029,11,cold_start,100.0,1.25,0.1
Classical_ESN,NARMA10_Chaotic,0.14151441548041724,2.74060684227217,19.36627327306747,0.3,1e-08,10,,0,2025,2025,11,cold_start,100.0,1.25,0.1
Classical_ESN,NARMA10_Chaotic,0.011245702308784068,0.6211678471768111,55.23602084785884,0.5,1e-08,1,,0,2025,2028,11,cold_start,100.0,1.25,0.1
Classical_ESN,NARMA10_Chaotic,0.011880676670350813,0.8798762393384736,74.05943817444975,0.5,1e-08,2,,0,2025,2032,11,cold_start,100.0,1.25,0.1
Classical_ESN,NARMA10_Chaotic,0.016948745640672634,0.6349760082651541,37.464483905013886,0.5,1e-08,4,,0,2025,2035,11,cold_start,100.0,1.25,0.1
Classical_ESN,NARMA10_Chaotic,0.040730238257616694,0.13269807328108713,3.257974393416963,0.5,1e-08,6,,0,2025,2035,11,cold_start,100.0,1.25,0.1
Classical_ESN,NARMA10_Chaotic,0.1565673280406061,0.6196991008947933,3.9580358728104046,0.5,1e-08,8,,0,2025,2030,11,cold_start,100.0,1.25,0.1
Classical_ESN,NARMA10_Chaotic,0.07524340926452172,2.842834548964378,37.78184131676251,0.5,1e-08,10,,0,2025,2025,11,cold_start,100.0,1.25,0.1
Classical_ESN,NARMA10_Chaotic,0.011122568772229023,0.15690936449920048,14.107295509916186,0.7,1e-08,1,,0,2025,2027,11,cold_start,100.0,1.25,0.1
Classical_ESN,NARMA10_Chaotic,0.011223191777014262,0.8428117826388941,75.09555208394646,0.7,1e-08,2,,0,2025,2030,11,cold_start,100.0,1.25,0.1
Classical_ESN,NARMA10_Chaotic,0.013761095685287553,0.7421915789088007,53.93404681447732,0.7,1e-08,4,,0,2025,2035,11,cold_start,100.0,1.25,0.1
Classical_ESN,NARMA10_Chaotic,0.01646997723545656,0.050783032626568844,3.0833699343095113,0.7,1e-08,6,,0,2025,2035,11,cold_start,100.0,1.25,0.1
Classical_ESN,NARMA10_Chaotic,0.03639746174131556,0.12226125717424187,3.3590599817970395,0.7,1e-08,8,,0,2025,2025,11,cold_start,100.0,1.25,0.1
Classical_ESN,NARMA10_Chaotic,0.03019220594399252,1.516121500685289,50.215658421837134,0.7,1e-08,10,,0,2025,2028,11,cold_start,100.0,1.25,0.1
Classical_ESN,NARMA10_Chaotic,0.011315292913102766,0.06268908102963443,5.540208416261357,0.9,1e-08,1,,0,2025,2030,11,cold_start,100.0,1.25,0.1
Classical_ESN,NARMA10_Chaotic,0.012973551126056835,0.06773946262162613,5.221350882533176,0.9,1e-08,2,,0,2025,2029,11,cold_start,100.0,1.25,0.1
Classical_ESN,NARMA10_Chaotic,0.011544517516886343,0.034817865437801715,3.015965404086666,0.9,1e-08,4,,0,2025,2035,11,cold_start,100.0,1.25,0.1
Classical_ESN,NARMA10_Chaotic,0.010039823900562002,0.0067538529362858495,0.6727063146902196,0.9,1e-08,6,,0,2025,2029,11,cold_start,100.0,1.25,0.1
Classical_ESN,NARMA10_Chaotic,0.020204665576239886,0.06131494313694665,3.0346923043879177,0.9,1e-08,8,,0,2025,2030,11,cold_start,100.0,1.25,0.1
Classical_ESN,NARMA10_Chaotic,0.014949974125196245,0.034487311194574516,2.306847550755999,0.9,1e-08,10,,0,2025,2025,11,cold_start,100.0,1.25,0.1
Classical_ESN,NARMA10_Chaotic,1.301793753449305,3.493592416378103,2.6836758181711096,0.1,1e-08,1,,0,2025,2034,11,cold_start,100.0,1.25,0.2
Classical_ESN,NARMA10_Chaotic,0.44639270556323407,12.00314730538546,26.88921023080012,0.1,1e-08,2,,0,2025,2029,11,cold_start,100.0,1.25,0.2
Classical_ESN,NARMA10_Chaotic,0.6051390128139484,9.979159863063332,16.490689993129646,0.1,1e-08,4,,0,2025,2034,11,cold_start,100.0,1.25,0.2
Classical_ESN,NARMA10_Chaotic,1.5185345170231566,1.3788254111537694,0.9079974117787823,0.1,1e-08,6,,0,2025,2035,11,cold_start,100.0,1.25,0.2
Classical_ESN,NARMA10_Chaotic,2.1406687404391733,1.3455790876470861,0.6285788465201911,0.1,1e-08,8,,0,2025,2034,11,cold_start,100.0,1.25,0.2
Classical_ESN,NARMA10_Chaotic,1.9556185451874715,1.0352404922329588,0.5293672913772238,0.1,1e-08,10,,0,2025,2029,11,cold_start,100.0,1.25,0.2
Classical_ESN,NARMA10_Chaotic,0.016325330177146286,0.7013913363561749,42.963378305086145,0.3,1e-08,1,,0,2025,2034,11,cold_start,100.0,1.25,0.2
Classical_ESN,NARMA10_Chaotic,0.015996449658274566,1.9985505900972171,124.93713497628623,0.3,1e-08,2,,0,2025,2034,11,cold_start,100.0,1.25,0.2
Classical_ESN,NARMA10_Chaotic,0.3271481176582804,0.8706863970328199,2.661444006663329,0.3,1e-08,4,,0,2025,2029,11,cold_start,100.0,1.25,0.2
Classical_ESN,NARMA10_Chaotic,0.02139816025367797,2.1645041544551455,101.15375007919688,0.3,1e-08,6,,0,2025,2033,11,cold_start,100.0,1.25,0.2
Classical_ESN,NARMA10_Chaotic,0.3684571241510228,0.6435207331919592,1.7465281331572076,0.3,1e-08,8,,0,2025,2032,11,cold_start,100.0,1.25,0.2
Classical_ESN,NARMA10_Chaotic,0.17571439643758893,0.6749597831500311,3.8412321177665514,0.3,1e-08,10,,0,2025,2027,11,cold_start,100.0,1.25,0.2
Classical_ESN,NARMA10_Chaotic,0.01215486125673986,0.2997836185592413,24.663680829183594,0.5,1e-08,1,,0,2025,2028,11,cold_start,100.0,1.25,0.2
Classical_ESN,NARMA10_Chaotic,0.011527329681138362,0.6198581689216036,53.77291932023502,0.5,1e-08,2,,0,2025,2032,11,cold_start,100.0,1.25,0.2
Classical_ESN,NARMA10_Chaotic,0.022060441547658575,0.7510552448634592,34.045340535950146,0.5,1e-08,4,,0,2025,2027,11,cold_start,100.0,1.25,0.2
Classical_ESN,NARMA10_Chaotic,0.014622049549382374,0.2994070526082628,20.47640801633787,0.5,1e-08,6,,0,2025,2033,11,cold_start,100.0,1.25,0.2
Classical_ESN,NARMA10_Chaotic,0.07818713737562542,0.2708900424648561,3.4646369154487697,0.5,1e-08,8,,0,2025,2026,11,cold_start,100.0,1.25,0.2
Classical_ESN,NARMA10_Chaotic,0.15484497529998015,0.31409583446100886,2.028453515217482,0.5,1e-08,10,,0,2025,2029,11,cold_start,100.0,1.25,0.2
Classical_ESN,NARMA10_Chaotic,0.010823716985920483,0.07079608767249593,6.540829528764254,0.7,1e-08,1,,0,2025,2030,11,cold_start,100.0,1.25,0.2
Classical_ESN,NARMA10_Chaotic,0.011408111748998735,0.4572187135722759,40.07838664557305,0.7,1e-08,2,,0,2025,2027,11,cold_start,100.0,1.25,0.2
Classical_ESN,NARMA10_Chaotic,0.03425370904037824,0.8377606048430093,24.457515063710556,0.7,1e-08,4,,0,2025,2027,11,cold_start,100.0,1.25,0.2
Classical_ESN,NARMA10_Chaotic,0.012978531230404426,0.08129392376583953,6.263722937723078,0.7,1e-08,6,,0,2025,2032,11,cold_start,100.0,1.25,0.2
Classical_ESN,NARMA10_Chaotic,0.036427239863828446,0.04318069426629738,1.185395721106363,0.7,1e-08,8,,0,2025,2032,11,cold_start,100.0,1.25,0.2
Classical_ESN,NARMA10_Chaotic,0.055744612294111213,0.08037988186470127,1.4419309518310615,0.7,1e-08,10,,0,2025,2032,11,cold_start,100.0,1.25,0.2
Classical_ESN,NARMA10_Chaotic,0.01138627206642157,0.027210059008501892,2.3897249995233385,0.9,1e-08,1,,0,2025,2026,11,cold_start,100.0,1.25,0.2
Classical_ESN,NARMA10_Chaotic,0.011881507271210979,0.05309849717660488,4.469003466021783,0.9,1e-08,2,,0,2025,2027,11,cold_start,100.0,1.25,0.2
Classical_ESN,NARMA10_Chaotic,0.011889546567528178,0.20168046835405298,16.96283934871556,0.9,1e-08,4,,0,2025,2034,11,cold_start,100.0,1.25,0.2
Classical_ESN,NARMA10_Chaotic,0.011093523718327194,0.09262725723056167,8.349669553375152,0.9,1e-08,6,,0,2025,2029,11,cold_start,100.0,1.25,0.2
Classical_ESN,NARMA10_Chaotic,0.020229948233699474,0.036987234711703204,1.8283405515635027,0.9,1e-08,8,,0,2025,2026,11,cold_start,100.0,1.25,0.2
Classical_ESN,NARMA10_Chaotic,0.029317648966478878,0.02140134572253095,0.729981648494419,0.9,1e-08,10,,0,2025,2031,11,cold_start,100.0,1.25,0.2
Classical_ESN,NARMA10_Chaotic,0.011255694741677019,0.0002838193554340855,0.025215623019978813,0.1,1e-08,1,,0,2025,2030,11,cold_start,150.0,0.9,0.1
Classical_ESN,NARMA10_Chaotic,0.322615109046118,0.3375719114323223,1.0463611342643788,0.1,1e-08,2,,0,2025,2025,11,cold_start,150.0,0.9,0.1
Classical_ESN,NARMA10_Chaotic,2.4109222257581315,2.963807846197983,1.2293253654277432,0.1,1e-08,4,,0,2025,2026,11,cold_start,150.0,0.9,0.1
Classical_ESN,NARMA10_Chaotic,8.395545332414416,19.461845996896965,2.318115765721209,0.1,1e-08,6,,0,2025,2029,11,cold_start,150.0,0.9,0.1
Classical_ESN,NARMA10_Chaotic,15.50823840366901,13.413760177718109,0.864944156039323,0.1,1e-08,8,,0,2025,2035,11,cold_start,150.0,0.9,0.1
Classical_ESN,NARMA10_Chaotic,9.959694005949626,19.864059336980734,1.994444741486489,0.1,1e-08,10,,0,2025,2028,11,cold_start,150.0,0.9,0.1
Classical_ESN,NARMA10_Chaotic,0.010295269743802505,6.70309926132806e-05,0.006510853458077831,0.3,1e-08,1,,0,2025,2029,11,cold_start,150.0,0.9,0.1
Classical_ESN,NARMA10_Chaotic,0.9790259442081283,0.5931928541103308,0.6059010566774374,0.3,1e-08,2,,0,2025,2034,11,cold_start,150.0,0.9,0.1
Classical_ESN,NARMA10_Chaotic,1.7995066236603252,2.6739274281253773,1.4859225261902163,0.3,1e-08,4,,0,2025,2029,11,cold_start,150.0,0.9,0.1
Classical_ESN,NARMA10_Chaotic,4.80096370344325,5.186909507619183,1.080389235998417,0.3,1e-08,6,,0,2025,2031,11,cold_start,150.0,0.9,0.1
Classical_ESN,NARMA10_Chaotic,3.4279301152741803,11.450500397258667,3.3403540948041783,0.3,1e-08,8,,0,2025,2033,11,cold_start,150.0,0.9,0.1
Classical_ESN,NARMA10_Chaotic,6.4043292570134875,6.139711903572076,0.9586814882836286,0.3,1e-08,10,,0,2025,2033,11,cold_start,150.0,0.9,0.1
Classical_ESN,NARMA10_Chaotic,0.009528514385824307,6.873947156646362e-05,0.007214080682790196,0.5,1e-08,1,,0,2025,2030,11,cold_start,150.0,0.9,0.1
Classical_ESN,NARMA10_Chaotic,1.5316586313570795,1.749768336876021,1.1424009900467784,0.5,1e-08,2,,0,2025,2030,11,cold_start,150.0,0.9,0.1
Classical_ESN,NARMA10_Chaotic,2.28547859076082,2.6848726409839627,1.1747529168891435,0.5,1e-08,4,,0,2025,2030,11,cold_start,150.0,0.9,0.1
Classical_ESN,NARMA10_Chaotic,5.527235395700956,5.53195856153588,1.0008545259061334,0.5,1e-08,6,,0,2025,2027,11,cold_start,150.0,0.9,0.1
Classical_ESN,NARMA10_Chaotic,3.5319203659929412,2.0396930717239807,0.5775025652795415,0.5,1e-08,8,,0,2025,2033,11,cold_start,150.0,0.9,0.1
Classical_ESN,NARMA10_Chaotic,1.7181882071410446,3.370170274860705,1.9614674695436616,0.5,1e-08,10,,0,2025,2030,11,cold_start,150.0,0.9,0.1
Classical_ESN,NARMA10_Chaotic,0.008687921464248445,0.0001548680487753011,0.017825673196125984,0.7,1e-08,1,,0,2025,2029,11,cold_start,150.0,0.9,0.1
Classical_ESN,NARMA10_Chaotic,3.0276102543047463,3.5018780866866033,1.1566475842481803,0.7,1e-08,2,,0,2025,2029,11,cold_start,150.0,0.9,0.1
Classical_ESN,NARMA10_Chaotic,2.141314198407633,3.233926331476984,1.510253065095193,0.7,1e-08,4,,0,2025,2025,11,cold_start,150.0,0.9,0.1
Classical_ESN,NARMA10_Chaotic,2.8183846250643363,1.6787274347333558,0.5956346127509247,0.7,1e-08,6,,0,2025,2026,11,cold_start,150.0,0.9,0.1
Classical_ESN,NARMA10_Chaotic,1.0616931777643415,3.021523701093928,2.8459481179454276,0.7,1e-08,8,,0,2025,2034,11,cold_start,150.0,0.9,0.1
Classical_ESN,NARMA10_Chaotic,0.7694961663135121,1.0621750113176296,1.380351271152237,0.7,1e-08,10,,0,2025,2030,11,cold_start,150.0,0.9,0.1
Classical_ESN,NARMA10_Chaotic,0.008217916368289387,4.204200128134134e-05,0.005115895489466104,0.9,1e-08,1,,0,2025,2031,11,cold_start,150.0,0.9,0.1
Classical_ESN,NARMA10_Chaotic,2.481442300200968,3.2063652059215673,1.2921377239607341,0.9,1e-08,2,,0,2025,2026,11,cold_start,150.0,0.9,0.1
Classical_ESN,NARMA10_Chaotic,0.7908333642251488,2.8355279265971847,3.5854935500545158,0.9,1e-08,4,,0,2025,2025,11,cold_start,150.0,0.9,0.1
Classical_ESN,NARMA10_Chaotic,1.6555706734164028,0.9809624389115803,0.592522236992327,0.9,1e-08,6,,0,2025,2034,11,cold_start,150.0,0.9,0.1
Classical_ESN,NARMA10_Chaotic,0.919734922882515,0.6626748358860153,0.7205063322040061,0.9,1e-08,8,,0,2025,2033,11,cold_start,150.0,0.9,0.1
Classical_ESN,NARMA10_Chaotic,0.4362021205926377,0.3918135957744673,0.8982386313072875,0.9,1e-08,10,,0,2025,2034,11,cold_start,150.0,0.9,0.1
Classical_ESN,NARMA10_Chaotic,0.011287922070096273,0.0007026969391937022,0.06225210759164189,0.1,1e-08,1,,0,2025,2031,11,cold_start,150.0,0.9,0.2
Classical_ESN,NARMA10_Chaotic,0.22655069966327102,0.32188157895951547,1.420792694253152,0.1,1e-08,2,,0,2025,2025,11,cold_start,150.0,0.9,0.2
Classical_ESN,NARMA10_Chaotic,1.990713136181259,1.8127034565842903,0.9105799442613612,0.1,1e-08,4,,0,2025,2025,11,cold_start,150.0,0.9,0.2
Classical_ESN,NARMA10_Chaotic,6.088382928121771,9.130255750511193,1.4996191695399523,0.1,1e-08,6,,0,2025,2035,11,cold_start,150.0,0.9,0.2
Classical_ESN,NARMA10_Chaotic,12.313039408688828,12.612575170048022,1.0243267118229007,0.1,1e-08,8,,0,2025,2027,11,cold_start,150.0,0.9,0.2
Classical_ESN,NARMA10_Chaotic,6.347311871230168,37.13676790352623,5.850786704187701,0.1,1e-08,10,,0,2025,2034,11,cold_start,150.0,0.9,0.2
Classical_ESN,NARMA10_Chaotic,0.010341053403081054,5.586175825157033e-05,0.005401940795985703,0.3,1e-08,1,,0,2025,2032,11,cold_start,150.0,0.9,0.2
Classical_ESN,NARMA10_Chaotic,0.5513046665749665,0.7896120939239069,1.4322608564687984,0.3,1e-08,2,,0,2025,2028,11,cold_start,150.0,0.9,0.2
Classical_ESN,NARMA10_Chaotic,1.6068701009492912,3.357658595717752,2.0895644232437625,0.3,1e-08,4,,0,2025,2029,11,cold_start,150.0,0.9,0.2
Classical_ESN,NARMA10_Chaotic,9.886352435580717,6.344857386478783,0.641779405278312,0.3,1e-08,6,,0,2025,2026,11,cold_start,150.0,0.9,0.2
Classical_ESN,NARMA10_Chaotic,9.805640603710655,6.058004417943875,0.6178081231787551,0.3,1e-08,8,,0,2025,2025,11,cold_start,150.0,0.9,0.2
Classical_ESN,NARMA10_Chaotic,2.9949284469568505,6.645146974075494,2.2187999118401756,0.3,1e-08,10,,0,2025,2032,11,cold_start,150.0,0.9,0.2
Classical_ESN,NARMA10_Chaotic,0.009512664280070424,9.449902849826357e-05,0.009934023288958534,0.5,1e-08,1,,0,2025,2026,11,cold_start,150.0,0.9,0.2
Classical_ESN,NARMA10_Chaotic,1.2620784796564009,2.0458641114221434,1.6210276495476947,0.5,1e-08,2,,0,2025,2029,11,cold_start,150.0,0.9,0.2
Classical_ESN,NARMA10_Chaotic,3.602457570517411,4.196877811437839,1.1650040921467546,0.5,1e-08,4,,0,2025,2030,11,cold_start,150.0,0.9,0.2
Classical_ESN,NARMA10_Chaotic,3.4806306103505067,6.192188870691639,1.77904223800068,0.5,1e-08,6,,0,2025,2032,11,cold_start,150.0,0.9,0.2
Classical_ESN,NARMA10_Chaotic,4.6348698321556725,4.3358974179065335,0.9354949707163432,0.5,1e-08,8,,0,2025,2027,11,cold_start,150.0,0.9,0.2
Classical_ESN,NARMA10_Chaotic,4.041189322688754,3.102843476176525,0.7678045318876788,0.5,1e-08,10,,0,2025,2034,11,cold_start,150.0,0.9,0.2
Classical_ESN,NARMA10_Chaotic,0.008701960590468875,0.0001686281551832161,0.019378179598734557,0.7,1e-08,1,,0,2025,2032,11,cold_start,150.0,0.9,0.2
Classical_ESN,NARMA10_Chaotic,1.2166023950411513,1.8394215661353384,1.5119332114031556,0.7,1e-08,2,,0,2025,2026,11,cold_start,150.0,0.9,0.2
Classical_ESN,NARMA10_Chaotic,1.2342618581687652,1.9557402755087476,1.5845424231211493,0.7,1e-08,4,,0,2025,2032,11,cold_start,150.0,0.9,0.2
Classical_ESN,NARMA10_Chaotic,3.676524323617135,3.1954363280787383,0.8691459777790672,0.7,1e-08,6,,0,2025,2035,11,cold_start,150.0,0.9,0.2
Classical_ESN,NARMA10_Chaotic,1.1854094554171017,4.071279672863495,3.434492321837405,0.7,1e-08,8,,0,2025,2034,11,cold_start,150.0,0.9,0.2
Classical_ESN,NARMA10_Chaotic,1.6790633167667326,2.545656384624825,1.5161169678382567,0.7,1e-08,10,,0,2025,2033,11,cold_start,150.0,0.9,0.2
Classical_ESN,NARMA10_Chaotic,0.008224588319163832,8.295760991890863e-05,0.01008653645625179,0.9,1e-08,1,,0,2025,2025,11,cold_start,150.0,0.9,0.2
Classical_ESN,NARMA10_Chaotic,3.519106611328202,1.8175195777971,0.5164718715671762,0.9,1e-08,2,,0,2025,2028,11,cold_start,150.0,0.9,0.2
Classical_ESN,NARMA10_Chaotic,1.7334492247168576,0.8103240633258164,0.467463397122679,0.9,1e-08,4,,0,2025,2030,11,cold_start,150.0,0.9,0.2
Classical_ESN,NARMA10_Chaotic,1.626725942887561,1.3227753702411111,0.8131519485655251,0.9,1e-08,6,,0,2025,2030,11,cold_start,150.0,0.9,0.2
Classical_ESN,NARMA10_Chaotic,0.7728026875778133,0.47113432515288817,0.6096437457141345,0.9,1e-08,8,,0,2025,2031,11,cold_start,150.0,0.9,0.2
Classical_ESN,NARMA10_Chaotic,0.3979224466981677,0.534318588111324,1.3427706643466022,0.9,1e-08,10,,0,2025,2026,11,cold_start,150.0,0.9,0.2
Classical_ESN,NARMA10_Chaotic,0.5162803918414959,6.187829726629801,11.985405265070645,0.1,1e-08,1,,0,2025,2032,11,cold_start,150.0,1.1,0.1
Classical_ESN,NARMA10_Chaotic,4.21039557108635,11.170623368462726,2.653105433886946,0.1,1e-08,2,,0,2025,2035,11,cold_start,150.0,1.1,0.1
Classical_ESN,NARMA10_Chaotic,2.3201793099725614,2.705226809768401,1.165955923380936,0.1,1e-08,4,,0,2025,2026,11,cold_start,150.0,1.1,0.1
Classical_ESN,NARMA10_Chaotic,7.5800295235435655,5.133729375424996,0.677270366755121,0.1,1e-08,6,,0,2025,2028,11,cold_start,150.0,1.1,0.1
Classical_ESN,NARMA10_Chaotic,5.669015965695024,6.29210359097007,1.1099110725821806,0.1,1e-08,8,,0,2025,2031,11,cold_start,150.0,1.1,0.1
Classical_ESN,NARMA10_Chaotic,6.7838809000464195,17.15134723638173,2.528250051716617,0.1,1e-08,10,,0,2025,2027,11,cold_start,150.0,1.1,0.1
Classical_ESN,NARMA10_Chaotic,0.046529710392135,0.43238723445372695,9.292712780924898,0.3,1e-08,1,,0,2025,2026,11,cold_start,150.0,1.1,0.1
Classical_ESN,NARMA10_Chaotic,0.21787233424222058,0.557094881848184,2.5569785341760336,0.3,1e-08,2,,0,2025,2030,11,cold_start,150.0,1.1,0.1
Classical_ESN,NARMA10_Chaotic,0.7464103347998047,1.1320386153013422,1.5166438117513033,0.3,1e-08,4,,0,2025,2026,11,cold_start,150.0,1.1,0.1
Classical_ESN,NARMA10_Chaotic,0.7060143971019938,0.776461033548273,1.0997807363921253,0.3,1e-08,6,,0,2025,2035,11,cold_start,150.0,1.1,0.1
Classical_ESN,NARMA10_Chaotic,0.39057599890313116,1.4452786932479553,3.700377640476589,0.3,1e-08,8,,0,2025,2028,11,cold_start,150.0,1.1,0.1
Classical_ESN,NARMA10_Chaotic,0.7989155869805629,1.5532143184869323,1.944153229450912,0.3,1e-08,10,,0,2025,2034,11,cold_start,150.0,1.1,0.1
Classical_ESN,NARMA10_Chaotic,0.012944167950156148,0.07571082400324809,5.8490297943279375,0.5,1e-08,1,,0,2025,2026,11,cold_start,150.0,1.1,0.1
Classical_ESN,NARMA10_Chaotic,0.08315170229689194,0.6261767950421353,7.530534886782958,0.5,1e-08,2,,0,2025,2030,11,cold_start,150.0,1.1,0.1
Classical_ESN,NARMA10_Chaotic,0.2984675228608166,0.5370436449087751,1.7993369588798205,0.5,1e-08,4,,0,2025,2026,11,cold_start,150.0,1.1,0.1
Classical_ESN,NARMA10_Chaotic,0.35801519722964653,0.8305109300508573,2.319764458261618,0.5,1e-08,6,,0,2025,2035,11,cold_start,150.0,1.1,0.1
Classical_ESN,NARMA10_Chaotic,0.12149603240714055,0.3876757445349508,3.1908510661140435,0.5,1e-08,8,,0,2025,2035,11,cold_start,150.0,1.1,0.1
Classical_ESN,NARMA10_Chaotic,0.3448282179269106,0.8200514618781962,2.378144882713785,0.5,1e-08,10,,0,2025,2034,11,cold_start,150.0,1.1,0.1
Classical_ESN,NARMA10_Chaotic,0.010809509578127671,0.05148589266850125,4.763018367889655,0.7,1e-08,1,,0,2025,2026,11,cold_start,150.0,1.1,0.1
Classical_ESN,NARMA10_Chaotic,0.029010782896969366,0.19024954414093756,6.557890726927336,0.7,1e-08,2,,0,2025,2032,11,cold_start,150.0,1.1,0.1
Classical_ESN,NARMA10_Chaotic,0.12403467075796876,0.1529021757418802,1.2327373855028096,0.7,1e-08,4,,0,2025,2028,11,cold_start,150.0,1.1,0.1
Classical_ESN,NARMA10_Chaotic,0.08916649324717422,0.10131179456304154,1.1362092516322235,0.7,1e-08,6,,0,2025,2026,11,cold_start,150.0,1.1,0.1
Classical_ESN,NARMA10_Chaotic,0.10943478128418907,0.14297197558349206,1.3064582750178018,0.7,1e-08,8,,0,2025,2030,11,cold_start,150.0,1.1,0.1
Classical_ESN,NARMA10_Chaotic,0.12980077491327507,0.18034338840010183,1.389386068924444,0.7,1e-08,10,,0,2025,2035,11,cold_start,150.0,1.1,0.1
Classical_ESN,NARMA10_Chaotic,0.00986915853676652,0.00573847191815217,0.5814550345679514,0.9,1e-08,1,,0,2025,2034,11,cold_start,150.0,1.1,0.1
Classical_ESN,NARMA10_Chaotic,0.0101366556853273,0.05754006649703569,5.67643493902277,0.9,1e-08,2,,0,2025,2030,11,cold_start,150.0,1.1,0.1
Classical_ESN,NARMA10_Chaotic,0.014475192513592776,0.0172884478682495,1.1943501167265973,0.9,1e-08,4,,0,2025,2028,11,cold_start,150.0,1.1,0.1
Classical_ESN,NARMA10_Chaotic,0.018051026271483556,0.012469924330757493,0.690815255776182,0.9,1e-08,6,,0,2025,2026,11,cold_start,150.0,1.1,0.1
Classical_ESN,NARMA10_Chaotic,0.018591121345718584,0.021046302770398432,1.1320620407464157,0.9,1e-08,8,,0,2025,2033,11,cold_start,150.0,1.1,0.1
Classical_ESN,NARMA10_Chaotic,0.030378180052741913,0.05546140954935124,1.825698888250066,0.9,1e-08,10,,0,2025,2034,11,cold_start,150.0,1.1,0.1
Classical_ESN,NARMA10_Chaotic,1.7730932747377066,4.606294365310235,2.5978860959763344,0.1,1e-08,1,,0,2025,2025,11,cold_start,150.0,1.1,0.2
Classical_ESN,NARMA10_Chaotic,2.974697607014487,5.238561501073859,1.7610400091495237,0.1,1e-08,2,,0,2025,2026,11,cold_start,150.0,1.1,0.2
Classical_ESN,NARMA10_Chaotic,4.764320425141772,13.625523032213508,2.8599090355699683,0.1,1e-08,4,,0,2025,2034,11,cold_start,150.0,1.1,0.2
Classical_ESN,NARMA10_Chaotic,4.207460663265692,7.734182096802588,1.838206632406058,0.1,1e-08,6,,0,2025,2033,11,cold_start,150.0,1.1,0.2
Classical_ESN,NARMA10_Chaotic,10.176123884030734,8.992993801607017,0.8837347013551606,0.1,1e-08,8,,0,2025,2031,11,cold_start,150.0,1.1,0.2
Classical_ESN,NARMA10_Chaotic,10.93113717891444,12.103016759659894,1.1072056421545917,0.1,1e-08,10,,0,2025,2031,11,cold_start,150.0,1.1,0.2
Classical_ESN,NARMA10_Chaotic,0.04859824179288814,0.478464450946112,9.845303724879415,0.3,1e-08,1,,0,2025,2034,11,cold_start,150.0,1.1,0.2
Classical_ESN,NARMA10_Chaotic,0.3357087350549366,0.4702942682379088,1.4008997059934951,0.3,1e-08,2,,0,2025,2033,11,cold_start,150.0,1.1,0.2
Classical_ESN,NARMA10_Chaotic,0.31914827206890134,0.6101594370950256,1.9118368811450044,0.3,1e-08,4,,0,2025,2033,11,cold_start,150.0,1.1,0.2
Classical_ESN,NARMA10_Chaotic,0.6170822184827496,3.2574831546367053,5.278847869974344,0.3,1e-08,6,,0,2025,2030,11,cold_start,150.0,1.1,0.2
Classical_ESN,NARMA10_Chaotic,0.6467394324383652,2.3303611997937552,3.6032458868446073,0.3,1e-08,8,,0,2025,2030,11,cold_start,150.0,1.1,0.2
Classical_ESN,NARMA10_Chaotic,0.5919657585173019,1.8272615017900717,3.0867689144162966,0.3,1e-08,10,,0,2025,2033,11,cold_start,150.0,1.1,0.2
Classical_ESN,NARMA10_Chaotic,0.01331610025895482,0.09999698071089001,7.509479409607477,0.5,1e-08,1,,0,2025,2032,11,cold_start,150.0,1.1,0.2
Classical_ESN,NARMA10_Chaotic,0.18354224861147925,0.4173728563029021,2.2739879208213996,0.5,1e-08,2,,0,2025,2033,11,cold_start,150.0,1.1,0.2
Classical_ESN,NARMA10_Chaotic,0.1026105081796472,0.9694427468234084,9.447792083108476,0.5,1e-08,4,,0,2025,2035,11,cold_start,150.0,1.1,0.2
Classical_ESN,NARMA10_Chaotic,0.17522741016427695,1.3800409670151432,7.8757139977207045,0.5,1e-08,6,,0,2025,2033,11,cold_start,150.0,1.1,0.2
Classical_ESN,NARMA10_Chaotic,0.40725108041942903,1.1308597750508191,2.7768122159090245,0.5,1e-08,8,,0,2025,2031,11,cold_start,150.0,1.1,0.2
Classical_ESN,NARMA10_Chaotic,0.5322694753623478,0.5105007952693257,0.9591021444951302,0.5,1e-08,10,,0,2025,2029,11,cold_start,150.0,1.1,0.2
Classical_ESN,NARMA10_Chaotic,0.00985973246797159,0.034805235622499694,3.5300385416704985,0.7,1e-08,1,,0,2025,2029,11,cold_start,150.0,1.1,0.2
Classical_ESN,NARMA10_Chaotic,0.12118806598390335,0.4540593737627054,3.7467333938889267,0.7,1e-08,2,,0,2025,2035,11,cold_start,150.0,1.1,0.2
Classical_ESN,NARMA10_Chaotic,0.06460735585787644,0.5971797501160633,9.243216073255528,0.7,1e-08,4,,0,2025,2033,11,cold_start,150.0,1.1,0.2
Classical_ESN,NARMA10_Chaotic,0.04048168361099117,0.34813030772706194,8.599699337419384,0.7,1e-08,6,,0,2025,2027,11,cold_start,150.0,1.1,0.2
Classical_ESN,NARMA10_Chaotic,0.07023480753358549,0.08103720458262786,1.153804038601185,0.7,1e-08,8,,0,2025,2027,11,cold_start,150.0,1.1,0.2
Classical_ESN,NARMA10_Chaotic,0.11211083371304977,0.2597162523984652,2.3166026314924646,0.7,1e-08,10,,0,2025,2031,11,cold_start,150.0,1.1,0.2
Classical_ESN,NARMA10_Chaotic,0.009378094956855328,0.0036781890519749037,0.3922106855279996,0.9,1e-08,1,,0,2025,2026,11,cold_start,150.0,1.1,0.2
Classical_ESN,NARMA10_Chaotic,0.01751922836962212,0.045272923566330676,2.5841847946244445,0.9,1e-08,2,,0,2025,2035,11,cold_start,150.0,1.1,0.2
Classical_ESN,NARMA10_Chaotic,0.011274231531711365,0.05050243622800205,4.479457077491477,0.9,1e-08,4,,0,2025,2034,11,cold_start,150.0,1.1,0.2
Classical_ESN,NARMA10_Chaotic,0.01256504498829256,0.023351741139969386,1.8584685659086215,0.9,1e-08,6,,0,2025,2034,11,cold_start,150.0,1.1,0.2
Classical_ESN,NARMA10_Chaotic,0.033904538425484604,0.0842084473529722,2.4836924867166537,0.9,1e-08,8,,0,2025,2030,11,cold_start,150.0,1.1,0.2
Classical_ESN,NARMA10_Chaotic,0.03451537334014189,0.022050749528816044,0.6388674783120685,0.9,1e-08,10,,0,2025,2030,11,cold_start,150.0,1.1,0.2
Classical_ESN,NARMA10_Chaotic,29.211375329648188,68.01414654379002,2.328344549897273,0.1,1e-08,1,,0,2025,2029,11,cold_start,150.0,1.25,0.1
Classical_ESN,NARMA10_Chaotic,10.806756292398534,27.329368441647492,2.528915032614454,0.1,1e-08,2,,0,2025,2029,11,cold_start,150.0,1.25,0.1
Classical_ESN,NARMA10_Chaotic,8.866838765457016,13.833692440298623,1.5601605945730315,0.1,1e-08,4,,0,2025,2034,11,cold_start,150.0,1.25,0.1
Classical_ESN,NARMA10_Chaotic,8.621968491383369,15.934234668387969,1.848097065572942,0.1,1e-08,6,,0,2025,2029,11,cold_start,150.0,1.25,0.1
Classical_ESN,NARMA10_Chaotic,3.4658470712268805,10.788607731372352,3.1128343258242137,0.1,1e-08,8,,0,2025,2026,11,cold_start,150.0,1.25,0.1
Classical_ESN,NARMA10_Chaotic,4.766965904365585,10.358200165329869,2.1729125764973136,0.1,1e-08,10,,0,2025,2034,11,cold_start,150.0,1.25,0.1
Classical_ESN,NARMA10_Chaotic,0.1639151080429316,3.4036909888675573,20.76496199469352,0.3,1e-08,1,,0,2025,2027,11,cold_start,150.0,1.25,0.1
Classical_ESN,NARMA10_Chaotic,0.06239576338146838,2.518126509124318,40.35733153434268,0.3,1e-08,2,,0,2025,2034,11,cold_start,150.0,1.25,0.1
Classical_ESN,NARMA10_Chaotic,0.6142547054508851,1.9145923958931135,3.1169356602449363,0.3,1e-08,4,,0,2025,2033,11,cold_start,150.0,1.25,0.1
Classical_ESN,NARMA10_Chaotic,0.3711704809676815,1.2818287839848956,3.453477174809348,0.3,1e-08,6,,0,2025,2025,11,cold_start,150.0,1.25,0.1
Classical_ESN,NARMA10_Chaotic,0.041139078640077174,0.89818280527335,21.832837170017502,0.3,1e-08,8,,0,2025,2028,11,cold_start,150.0,1.25,0.1
Classical_ESN,NARMA10_Chaotic,0.45343034399861654,1.8049018203978906,3.9805492602925523,0.3,1e-08,10,,0,2025,2034,11,cold_start,150.0,1.25,0.1
Classical_ESN,NARMA10_Chaotic,0.023682740702472015,1.842981695118177,77.81961210789281,0.5,1e-08,1,,0,2025,2029,11,cold_start,150.0,1.25,0.1
Classical_ESN,NARMA10_Chaotic,0.021468334549270444,2.510263687917535,116.92866450149674,0.5,1e-08,2,,0,2025,2033,11,cold_start,150.0,1.25,0.1
Classical_ESN,NARMA10_Chaotic,0.09476937468656997,0.3332566267669104,3.5165012734239043,0.5,1e-08,4,,0,2025,2033,11,cold_start,150.0,1.25,0.1
Classical_ESN,NARMA10_Chaotic,0.17580750283363716,1.2736614745933257,7.244636628497954,0.5,1e-08,6,,0,2025,2028,11,cold_start,150.0,1.25,0.1
Classical_ESN,NARMA10_Chaotic,0.018270715069687617,0.6503005507640447,35.59250682218445,0.5,1e-08,8,,0,2025,2028,11,cold_start,150.0,1.25,0.1
Classical_ESN,NARMA10_Chaotic,0.22538305258251556,0.6174143854690901,2.7394002272777227,0.5,1e-08,10,,0,2025,2029,11,cold_start,150.0,1.25,0.1
Classical_ESN,NARMA10_Chaotic,0.01727328114258532,1.682527134053789,97.40634220939697,0.7,1e-08,1,,0,2025,2027,11,cold_start,150.0,1.25,0.1
Classical_ESN,NARMA10_Chaotic,0.014459119088888394,0.21411239363025805,14.808121595374372,0.7,1e-08,2,,0,2025,2029,11,cold_start,150.0,1.25,0.1
Classical_ESN,NARMA10_Chaotic,0.01820953531283897,0.21172036062661231,11.626895304535035,0.7,1e-08,4,,0,2025,2027,11,cold_start,150.0,1.25,0.1
Classical_ESN,NARMA10_Chaotic,0.068214627747208,0.2006356812172452,2.9412413120653165,0.7,1e-08,6,,0,2025,2029,11,cold_start,150.0,1.25,0.1
Classical_ESN,NARMA10_Chaotic,0.012371016336343781,0.1929099262381494,15.593700710863613,0.7,1e-08,8,,0,2025,2026,11,cold_start,150.0,1.25,0.1
Classical_ESN,NARMA10_Chaotic,0.07015424329229861,0.45400488688438667,6.471524252535504,0.7,1e-08,10,,0,2025,2029,11,cold_start,150.0,1.25,0.1
Classical_ESN,NARMA10_Chaotic,0.012132059635845825,0.5727711323664119,47.211368024773094,0.9,1e-08,1,,0,2025,2034,11,cold_start,150.0,1.25,0.1
Classical_ESN,NARMA10_Chaotic,0.01198640713598138,0.0781728898127777,6.521794973751102,0.9,1e-08,2,,0,2025,2033,11,cold_start,150.0,1.25,0.1
Classical_ESN,NARMA10_Chaotic,0.011728306451603799,0.14879004244669164,12.686404730356035,0.9,1e-08,4,,0,2025,2027,11,cold_start,150.0,1.25,0.1
Classical_ESN,NARMA10_Chaotic,0.015411248653032157,0.03488219562514079,2.263424360379633,0.9,1e-08,6,,0,2025,2026,11,cold_start,150.0,1.25,0.1
Classical_ESN,NARMA10_Chaotic,0.010058238450287242,0.021374087473313288,2.1250328851274043,0.9,1e-08,8,,0,2025,2026,11,cold_start,150.0,1.25,0.1
Classical_ESN,NARMA10_Chaotic,0.019711392149560237,0.061248432545724076,3.1072606176672575,0.9,1e-08,10,,0,2025,2029,11,cold_start,150.0,1.25,0.1
Classical_ESN,NARMA10_Chaotic,25.638783562682477,74.68094734889594,2.912811645931395,0.1,1e-08,1,,0,2025,2031,11,cold_start,150.0,1.25,0.2
Classical_ESN,NARMA10_Chaotic,57.06492608936997,3804.191047961382,66.6642596190101,0.1,1e-08,2,,0,2025,2027,11,cold_start,150.0,1.25,0.2
Classical_ESN,NARMA10_Chaotic,5.428684478540556,34.26566216762694,6.311964215838696,0.1,1e-08,4,,0,2025,2032,11,cold_start,150.0,1.25,0.2
Classical_ESN,NARMA10_Chaotic,10.313499111719855,45.98635529355804,4.458850948200593,0.1,1e-08,6,,0,2025,2033,11,cold_start,150.0,1.25,0.2
Classical_ESN,NARMA10_Chaotic,7.100567397175009,9.784358578009316,1.377968552471182,0.1,1e-08,8,,0,2025,2030,11,cold_start,150.0,1.25,0.2
Classical_ESN,NARMA10_Chaotic,5.64219274147232,3.707616000926021,0.6571232445984334,0.1,1e-08,10,,0,2025,2025,11,cold_start,150.0,1.25,0.2
Classical_ESN,NARMA10_Chaotic,0.2423742027761242,2.6812282463291717,11.06234993501253,0.3,1e-08,1,,0,2025,2027,11,cold_start,150.0,1.25,0.2
Classical_ESN,NARMA10_Chaotic,0.9401651521372016,38.81662216615857,41.28702502737936,0.3,1e-08,2,,0,2025,2031,11,cold_start,150.0,1.25,0.2
Classical_ESN,NARMA10_Chaotic,0.23065655048629619,3.3335123137581073,14.452276801721087,0.3,1e-08,4,,0,2025,2034,11,cold_start,150.0,1.25,0.2
Classical_ESN,NARMA10_Chaotic,0.29643075102209104,1.9889368566620416,6.709617169622929,0.3,1e-08,6,,0,2025,2031,11,cold_start,150.0,1.25,0.2
Classical_ESN,NARMA10_Chaotic,0.12228974572135679,0.8026448987997615,6.563468539943059,0.3,1e-08,8,,0,2025,2031,11,cold_start,150.0,1.25,0.2
Classical_ESN,NARMA10_Chaotic,0.24701927925777298,0.937043159721979,3.793400914040166,0.3,1e-08,10,,0,2025,2035,11,cold_start,150.0,1.25,0.2
Classical_ESN,NARMA10_Chaotic,0.06340730793505096,0.5995858316989584,9.456099797094728,0.5,1e-08,1,,0,2025,2032,11,cold_start,150.0,1.25,0.2
Classical_ESN,NARMA10_Chaotic,0.13446132806748615,9.781827959861156,72.74826227323634,0.5,1e-08,2,,0,2025,2031,11,cold_start,150.0,1.25,0.2
Classical_ESN,NARMA10_Chaotic,0.02196773050665616,6.174350107031959,281.0645416995237,0.5,1e-08,4,,0,2025,2032,11,cold_start,150.0,1.25,0.2
Classical_ESN,NARMA10_Chaotic,0.07585844179345409,2.635509472388399,34.742467813461204,0.5,1e-08,6,,0,2025,2034,11,cold_start,150.0,1.25,0.2
Classical_ESN,NARMA10_Chaotic,0.07845405967434878,2.717983487722778,34.64426823805838,0.5,1e-08,8,,0,2025,2030,11,cold_start,150.0,1.25,0.2
Classical_ESN,NARMA10_Chaotic,0.09060844931319346,0.18017655783065117,1.988518280539823,0.5,1e-08,10,,0,2025,2029,11,cold_start,150.0,1.25,0.2
Classical_ESN,NARMA10_Chaotic,0.014992663536908988,0.45585551214731984,30.40523860387404,0.7,1e-08,1,,0,2025,2029,11,cold_start,150.0,1.25,0.2
Classical_ESN,NARMA10_Chaotic,0.014623892941010347,207.25711247545715,14172.499300390666,0.7,1e-08,2,,0,2025,2032,11,cold_start,150.0,1.25,0.2
Classical_ESN,NARMA10_Chaotic,0.01393067013464718,0.5569031622817842,39.97676758540868,0.7,1e-08,4,,0,2025,2027,11,cold_start,150.0,1.25,0.2
Classical_ESN,NARMA10_Chaotic,0.02896305167513724,1.040282255323369,35.91756376336471,0.7,1e-08,6,,0,2025,2031,11,cold_start,150.0,1.25,0.2
Classical_ESN,NARMA10_Chaotic,0.018437244339267637,0.4833372454215308,26.215264956494572,0.7,1e-08,8,,0,2025,2031,11,cold_start,150.0,1.25,0.2
Classical_ESN,NARMA10_Chaotic,0.017904957073184635,0.057172471404890166,3.193108543695675,0.7,1e-08,10,,0,2025,2029,11,cold_start,150.0,1.25,0.2
Classical_ESN,NARMA10_Chaotic,0.013951882431764179,0.07466812377433278,5.351831492239087,0.9,1e-08,1,,0,2025,2027,11,cold_start,150.0,1.25,0.2
Classical_ESN,NARMA10_Chaotic,0.019327405960664557,0.9593247069390686,49.63546111110313,0.9,1e-08,2,,0,2025,2032,11,cold_start,150.0,1.25,0.2
Classical_ESN,NARMA10_Chaotic,0.01109669114320425,0.3028984125221921,27.296282163146515,0.9,1e-08,4,,0,2025,2028,11,cold_start,150.0,1.25,0.2
Classical_ESN,NARMA10_Chaotic,0.01157000054408575,0.06705940501095004,5.7959725028041476,0.9,1e-08,6,,0,2025,2028,11,cold_start,150.0,1.25,0.2
Classical_ESN,NARMA10_Chaotic,0.011349070173521523,0.09847396353267597,8.676830967388433,0.9,1e-08,8,,0,2025,2034,11,cold_start,150.0,1.25,0.2
Classical_ESN,NARMA10_Chaotic,0.010049252086337354,0.01037185492400254,1.0321021738626486,0.9,1e-08,10,,0,2025,2031,11,cold_start,150.0,1.25,0.2
QRC,NARMA5_Chaotic,0.018646288251880243,4.183002660303844e-17,2.2433433420091215e-15,0.1,1e-08,1,1.0,0,2025,2029,11,cold_start,,,
QRC,NARMA5_Chaotic,0.018646288251880222,5.77051912977544e-17,3.0947280508728395e-15,0.1,1e-08,1,2.0,0,2025,2034,11,cold_start,,,
QRC,NARMA5_Chaotic,0.01864628825188026,7.041431195729771e-17,3.7763178926614126e-15,0.1,1e-08,1,4.0,0,2025,2025,11,cold_start,,,
QRC,NARMA5_Chaotic,0.01669413675494972,0.0003684484724831531,0.022070531581928617,0.1,1e-08,2,1.0,0,2025,2031,11,cold_start,,,
QRC,NARMA5_Chaotic,0.01668288054774848,6.896907602267978e-05,0.004134122750881162,0.1,1e-08,2,2.0,0,2025,2029,11,cold_start,,,
QRC,NARMA5_Chaotic,0.01668513687663455,7.04769136517435e-05,0.004223933802451308,0.1,1e-08,2,4.0,0,2025,2034,11,cold_start,,,
QRC,NARMA5_Chaotic,0.01636809583278756,9.612915518181735e-05,0.0058729589662627315,0.1,1e-08,4,1.0,0,2025,2025,11,cold_start,,,
QRC,NARMA5_Chaotic,0.016515264252014855,0.00010908169553657589,0.006604901615380933,0.1,1e-08,4,2.0,0,2025,2032,11,cold_start,,,
QRC,NARMA5_Chaotic,0.01636795154609463,9.463767111319119e-05,0.0057818885183449605,0.1,1e-08,4,4.0,0,2025,2026,11,cold_start,,,
QRC,NARMA5_Chaotic,0.013457306048907753,0.0001421785555107319,0.010565157320047102,0.1,1e-08,6,1.0,0,2025,2029,11,cold_start,,,
QRC,NARMA5_Chaotic,0.013364595746916766,8.155617490064174e-05,0.0061024049245527595,0.1,1e-08,6,2.0,0,2025,2029,11,cold_start,,,
QRC,NARMA5_Chaotic,0.013404773600168389,0.00014799557570223452,0.011040512888660457,0.1,1e-08,6,4.0,0,2025,2035,11,cold_start,,,
QRC,NARMA5_Chaotic,0.013108678008353119,0.00022004161699032106,0.01678595025753978,0.1,1e-08,8,1.0,0,2025,2033,11,cold_start,,,
QRC,NARMA5_Chaotic,0.0128500369245369,0.0001292102934171892,0.010055246858510157,0.1,1e-08,8,2.0,0,2025,2033,11,cold_start,,,
QRC,NARMA5_Chaotic,0.012861646582554915,9.433537033490651e-05,0.007334626226074326,0.1,1e-08,8,4.0,0,2025,2034,11,cold_start,,,
QRC,NARMA5_Chaotic,0.013987194051491387,0.0006363952977233169,0.04549842487210372,0.1,1e-08,10,1.0,0,2025,2026,11,cold_start,,,
QRC,NARMA5_Chaotic,0.01347998000980938,0.00025462483936724737,0.01888911105075504,0.1,1e-08,10,2.0,0,2025,2026,11,cold_start,,,
QRC,NARMA5_Chaotic,0.013492725072105095,0.0003297965612161774,0.02444254659112561,0.1,1e-08,10,4.0,0,2025,2025,11,cold_start,,,
QRC,NARMA5_Chaotic,0.016847669397196965,1.2552931385097095e-17,7.450841471987568e-16,0.3,1e-08,1,1.0,0,2025,2035,11,cold_start,,,
QRC,NARMA5_Chaotic,0.016847669397196962,1.426659658831254e-17,8.467994149200335e-16,0.3,1e-08,1,2.0,0,2025,2030,11,cold_start,,,
QRC,NARMA5_Chaotic,0.01684766939719697,1.9203432329014936e-17,1.1398272292908303e-15,0.3,1e-08,1,4.0,0,2025,2030,11,cold_start,,,
QRC,NARMA5_Chaotic,0.01634842499088377,0.00034872077392152974,0.021330542490544738,0.3,1e-08,2,1.0,0,2025,2032,11,cold_start,,,
QRC,NARMA5_Chaotic,0.016332650854439783,4.814578824992355e-05,0.0029478244945667135,0.3,1e-08,2,2.0,0,2025,2026,11,cold_start,,,
QRC,NARMA5_Chaotic,0.016332270830621057,3.944548754277536e-05,0.002415186960334982,0.3,1e-08,2,4.0,0,2025,2026,11,cold_start,,,
QRC,NARMA5_Chaotic,0.015655270948114437,7.038096152055979e-05,0.004495671889283823,0.3,1e-08,4,1.0,0,2025,2034,11,cold_start,,,
QRC,NARMA5_Chaotic,0.015608408657098456,5.627885761217318e-05,0.0036056755591530754,0.3,1e-08,4,2.0,0,2025,2028,11,cold_start,,,
QRC,NARMA5_Chaotic,0.01560909431065566,7.41475363496035e-05,0.004750277938867098,0.3,1e-08,4,4.0,0,2025,2031,11,cold_start,,,
QRC,NARMA5_Chaotic,0.012966229926742292,0.0001340557915390313,0.010338841150930618,0.3,1e-08,6,1.0,0,2025,2025,11,cold_start,,,
QRC,NARMA5_Chaotic,0.012850417935330469,4.714892097723795e-05,0.003669057396772165,0.3,1e-08,6,2.0,0,2025,2035,11,cold_start,,,
QRC,NARMA5_Chaotic,0.012928489267712152,8.682164462488856e-05,0.006715529001653622,0.3,1e-08,6,4.0,0,2025,2032,11,cold_start,,,
QRC,NARMA5_Chaotic,0.01285019862655104,0.00018456265774197082,0.014362630734798763,0.3,1e-08,8,1.0,0,2025,2033,11,cold_start,,,
QRC,NARMA5_Chaotic,0.012706643352319203,0.00010580434424680815,0.008326695045509154,0.3,1e-08,8,2.0,0,2025,2025,11,cold_start,,,
QRC,NARMA5_Chaotic,0.012626950102111272,8.969552798016342e-05,0.007103499044093474,0.3,1e-08,8,4.0,0,2025,2029,11,cold_start,,,
QRC,NARMA5_Chaotic,0.013049392569877655,0.0001960856516091492,0.015026419855111127,0.3,1e-08,10,1.0,0,2025,2033,11,cold_start,,,
QRC,NARMA5_Chaotic,0.012818811247936237,0.0001702305777502263,0.01327974758795458,0.3,1e-08,10,2.0,0,2025,2027,11,cold_start,,,
QRC,NARMA5_Chaotic,0.012795594235251668,0.00012970524317210434,0.010136711182570042,0.3,1e-08,10,4.0,0,2025,2035,11,cold_start,,,
QRC,NARMA5_Chaotic,0.016644231270919366,1.555106174593546e-17,9.343214170008632e-16,0.5,1e-08,1,1.0,0,2025,2030,11,cold_start,,,
QRC,NARMA5_Chaotic,0.016644231270919373,1.3518302002888116e-17,8.121914303430253e-16,0.5,1e-08,1,2.0,0,2025,2030,11,cold_start,,,
QRC,NARMA5_Chaotic,0.016644231270919373,1.2811781945690152e-17,7.697430861871503e-16,0.5,1e-08,1,4.0,0,2025,2032,11,cold_start,,,
QRC,NARMA5_Chaotic,0.016573831801718352,0.000353173996129987,0.021309133600195606,0.5,1e-08,2,1.0,0,2025,2032,11,cold_start,,,
QRC,NARMA5_Chaotic,0.0165286542232198,5.579742320710031e-05,0.0033757995329538036,0.5,1e-08,2,2.0,0,2025,2027,11,cold_start,,,
QRC,NARMA5_Chaotic,0.016537285243738167,4.723875686942733e-05,0.002856500094978664,0.5,1e-08,2,4.0,0,2025,2026,11,cold_start,,,
QRC,NARMA5_Chaotic,0.015094415902950844,0.00029908152510503994,0.01981405090650588,0.5,1e-08,4,1.0,0,2025,2029,11,cold_start,,,
QRC,NARMA5_Chaotic,0.015079197579679602,6.463946079994309e-05,0.004286664489830004,0.5,1e-08,4,2.0,0,2025,2033,11,cold_start,,,
QRC,NARMA5_Chaotic,0.015076182761572807,8.807857776411897e-05,0.005842233352902805,0.5,1e-08,4,4.0,0,2025,2033,11,cold_start,,,
QRC,NARMA5_Chaotic,0.012921025443285165,0.0001735315408060586,0.013430167873884959,0.5,1e-08,6,1.0,0,2025,2026,11,cold_start,,,
QRC,NARMA5_Chaotic,0.01287733155338859,8.032728047038648e-05,0.006237882447722552,0.5,1e-08,6,2.0,0,2025,2035,11,cold_start,,,
QRC,NARMA5_Chaotic,0.012882647019460574,0.00010396206175352374,0.008069930162371,0.5,1e-08,6,4.0,0,2025,2035,11,cold_start,,,
QRC,NARMA5_Chaotic,0.012810085420975906,0.000371550381542777,0.029004520214547587,0.5,1e-08,8,1.0,0,2025,2031,11,cold_start,,,
QRC,NARMA5_Chaotic,0.012749768152301198,0.00013210308061457635,0.010361214340257094,0.5,1e-08,8,2.0,0,2025,2029,11,cold_start,,,
QRC,NARMA5_Chaotic,0.01272700758183226,7.21943141092835e-05,0.005672528569271894,0.5,1e-08,8,4.0,0,2025,2031,11,cold_start,,,
QRC,NARMA5_Chaotic,0.012765412798538501,0.0002417037652225983,0.018934269422941866,0.5,1e-08,10,1.0,0,2025,2026,11,cold_start,,,
QRC,NARMA5_Chaotic,0.01262814829705844,0.00010912381887242552,0.008641315916272893,0.5,1e-08,10,2.0,0,2025,2033,11,cold_start,,,
QRC,NARMA5_Chaotic,0.01260145577728412,0.00012971664117407406,0.010293782199982511,0.5,1e-08,10,4.0,0,2025,2030,11,cold_start,,,
QRC,NARMA5_Chaotic,0.016597760307908743,1.2109223863816713e-17,7.295697515312794e-16,0.7,1e-08,1,1.0,0,2025,2025,11,cold_start,,,
QRC,NARMA5_Chaotic,0.01659776030790874,1.2421483455146467e-17,7.483831086069907e-16,0.7,1e-08,1,2.0,0,2025,2034,11,cold_start,,,
QRC,NARMA5_Chaotic,0.01659776030790874,1.145920613738708e-17,6.904067732516196e-16,0.7,1e-08,1,4.0,0,2025,2029,11,cold_start,,,
QRC,NARMA5_Chaotic,0.016711145939560253,0.0004166047331260469,0.02492975255154822,0.7,1e-08,2,1.0,0,2025,2032,11,cold_start,,,
QRC,NARMA5_Chaotic,0.016687156131287913,7.422694003564281e-05,0.0044481479918839825,0.7,1e-08,2,2.0,0,2025,2035,11,cold_start,,,
QRC,NARMA5_Chaotic,0.016701830853246724,4.25439843665754e-05,0.002547264712497381,0.7,1e-08,2,4.0,0,2025,2031,11,cold_start,,,
QRC,NARMA5_Chaotic,0.015159587901586507,0.0007476356545344624,0.0493176766669376,0.7,1e-08,4,1.0,0,2025,2033,11,cold_start,,,
QRC,NARMA5_Chaotic,0.015091011066648464,4.618715487251036e-05,0.003060573918376165,0.7,1e-08,4,2.0,0,2025,2028,11,cold_start,,,
QRC,NARMA5_Chaotic,0.015087896372444823,9.029192119633748e-05,0.005984394309682463,0.7,1e-08,4,4.0,0,2025,2027,11,cold_start,,,
QRC,NARMA5_Chaotic,0.01302549414342424,0.00020156244940746818,0.015474457029273204,0.7,1e-08,6,1.0,0,2025,2026,11,cold_start,,,
QRC,NARMA5_Chaotic,0.01295821669752604,8.645028680468208e-05,0.006671464818240539,0.7,1e-08,6,2.0,0,2025,2029,11,cold_start,,,
QRC,NARMA5_Chaotic,0.01299106201364077,0.0001225112273760396,0.009430424336932681,0.7,1e-08,6,4.0,0,2025,2032,11,cold_start,,,
QRC,NARMA5_Chaotic,0.01293805799779964,0.0007006361854204629,0.054153118307215746,0.7,1e-08,8,1.0,0,2025,2027,11,cold_start,,,
QRC,NARMA5_Chaotic,0.012860637910715098,0.00012327653755018852,0.009585569425563113,0.7,1e-08,8,2.0,0,2025,2029,11,cold_start,,,
QRC,NARMA5_Chaotic,0.012857883647816955,8.238175634553188e-05,0.006407100779724264,0.7,1e-08,8,4.0,0,2025,2033,11,cold_start,,,
QRC,NARMA5_Chaotic,0.012636500820346014,0.00033983816746993833,0.0268933759670846,0.7,1e-08,10,1.0,0,2025,2026,11,cold_start,,,
QRC,NARMA5_Chaotic,0.01257839673507346,0.00012206639142031466,0.009704447553315449,0.7,1e-08,10,2.0,0,2025,2026,11,cold_start,,,
QRC,NARMA5_Chaotic,0.012598895824833267,0.00015058901790650727,0.011952556795468238,0.7,1e-08,10,4.0,0,2025,2035,11,cold_start,,,
QRC,NARMA5_Chaotic,0.01648679085818125,1.1648627335832352e-17,7.065430401849216e-16,0.9,1e-08,1,1.0,0,2025,2026,11,cold_start,,,
QRC,NARMA5_Chaotic,0.01648679085818125,1.0355640057200194e-17,6.281173908421001e-16,0.9,1e-08,1,2.0,0,2025,2028,11,cold_start,,,
QRC,NARMA5_Chaotic,0.016486790858181256,1.2199256507632491e-17,7.399412422083854e-16,0.9,1e-08,1,4.0,0,2025,2030,11,cold_start,,,
QRC,NARMA5_Chaotic,0.0167123559964671,0.0004757153577476012,0.0284648889628826,0.9,1e-08,2,1.0,0,2025,2032,11,cold_start,,,
QRC,NARMA5_Chaotic,0.016731469621238733,7.874192597464348e-05,0.004706216952675178,0.9,1e-08,2,2.0,0,2025,2029,11,cold_start,,,
QRC,NARMA5_Chaotic,0.016753784461378412,3.721455455019515e-05,0.0022212625831485324,0.9,1e-08,2,4.0,0,2025,2031,11,cold_start,,,
QRC,NARMA5_Chaotic,0.015550911217815698,0.0014273583704826477,0.09178615648241971,0.9,1e-08,4,1.0,0,2025,2028,11,cold_start,,,
QRC,NARMA5_Chaotic,0.01555752221253966,6.635363686881442e-05,0.004265051719825418,0.9,1e-08,4,2.0,0,2025,2031,11,cold_start,,,
QRC,NARMA5_Chaotic,0.015515804769850582,7.36358210340471e-05,0.004745858956483649,0.9,1e-08,4,4.0,0,2025,2025,11,cold_start,,,
QRC,NARMA5_Chaotic,0.01314196613321657,0.00023382494412408462,0.017792234567785684,0.9,1e-08,6,1.0,0,2025,2026,11,cold_start,,,
QRC,NARMA5_Chaotic,0.012964984039439994,8.030462258391623e-05,0.006193962317240531,0.9,1e-08,6,2.0,0,2025,2033,11,cold_start,,,
QRC,NARMA5_Chaotic,0.013020460683537077,0.00014150134411694464,0.01086761425391479,0.9,1e-08,6,4.0,0,2025,2028,11,cold_start,,,
QRC,NARMA5_Chaotic,0.013001652005435621,0.0012039234642402953,0.09259773017590142,0.9,1e-08,8,1.0,0,2025,2031,11,cold_start,,,
QRC,NARMA5_Chaotic,0.013048848296046248,0.00011848823885335258,0.00908035990342949,0.9,1e-08,8,2.0,0,2025,2026,11,cold_start,,,
QRC,NARMA5_Chaotic,0.012983701069198793,0.00010639622179907131,0.008194598846046668,0.9,1e-08,8,4.0,0,2025,2025,11,cold_start,,,
QRC,NARMA5_Chaotic,0.012635077630463499,0.00043064727893911116,0.03408346917480028,0.9,1e-08,10,1.0,0,2025,2033,11,cold_start,,,
QRC,NARMA5_Chaotic,0.012532184627451957,0.00015451092187025988,0.012329129075532541,0.9,1e-08,10,2.0,0,2025,2026,11,cold_start,,,
QRC,NARMA5_Chaotic,0.012565422141350141,0.0001823485491247748,0.014511931797715285,0.9,1e-08,10,4.0,0,2025,2032,11,cold_start,,,
QRC,NARMA5_Chaotic,0.01645524588152146,1.1601561982405987e-17,7.05037291204141e-16,1.0,1e-08,1,1.0,0,2025,2025,11,cold_start,,,
QRC,NARMA5_Chaotic,0.016455245881521446,7.966689770198119e-18,4.841428580015555e-16,1.0,1e-08,1,2.0,0,2025,2030,11,cold_start,,,
QRC,NARMA5_Chaotic,0.016455245881521453,7.017301973491923e-18,4.2644771302822385e-16,1.0,1e-08,1,4.0,0,2025,2032,11,cold_start,,,
QRC,NARMA5_Chaotic,0.016697471658645685,0.0005244755442030986,0.03141047668324884,1.0,1e-08,2,1.0,0,2025,2032,11,cold_start,,,
QRC,NARMA5_Chaotic,0.016731305475210692,7.174515452513302e-05,0.0042880786936459634,1.0,1e-08,2,2.0,0,2025,2029,11,cold_start,,,
QRC,NARMA5_Chaotic,0.016752321667866887,3.437785078041956e-05,0.0020521245629112235,1.0,1e-08,2,4.0,0,2025,2031,11,cold_start,,,
QRC,NARMA5_Chaotic,0.01581018588683361,0.0018509128131265202,0.11707090772841079,1.0,1e-08,4,1.0,0,2025,2034,11,cold_start,,,
QRC,NARMA5_Chaotic,0.01585679250675195,8.700466009206775e-05,0.005486901594696434,1.0,1e-08,4,2.0,0,2025,2031,11,cold_start,,,
QRC,NARMA5_Chaotic,0.015821307061600412,7.06915981804921e-05,0.004468126299884938,1.0,1e-08,4,4.0,0,2025,2033,11,cold_start,,,
QRC,NARMA5_Chaotic,0.013211072221609768,0.0002595711190636643,0.019647997884613456,1.0,1e-08,6,1.0,0,2025,2034,11,cold_start,,,
QRC,NARMA5_Chaotic,0.013007467707746629,8.049047108780928e-05,0.006188020058652383,1.0,1e-08,6,2.0,0,2025,2033,11,cold_start,,,
QRC,NARMA5_Chaotic,0.013033252100211336,0.00016058353624824845,0.012321064229674845,1.0,1e-08,6,4.0,0,2025,2034,11,cold_start,,,
QRC,NARMA5_Chaotic,0.013022074527793259,0.0015437769352519152,0.11855076792541795,1.0,1e-08,8,1.0,0,2025,2031,11,cold_start,,,
QRC,NARMA5_Chaotic,0.013100924967806323,0.00013019137310637903,0.009937571081912611,1.0,1e-08,8,2.0,0,2025,2027,11,cold_start,,,
QRC,NARMA5_Chaotic,0.013075830667318836,0.00011603913964699275,0.008874322603229784,1.0,1e-08,8,4.0,0,2025,2025,11,cold_start,,,
QRC,NARMA5_Chaotic,0.01260975801408592,0.0004716149957005198,0.03740079668251327,1.0,1e-08,10,1.0,0,2025,2033,11,cold_start,,,
QRC,NARMA5_Chaotic,0.012530143045098143,0.00018263566000801032,0.014575704311648568,1.0,1e-08,10,2.0,0,2025,2028,11,cold_start,,,
QRC,NARMA5_Chaotic,0.012577858373479094,0.00020692571763692805,0.016451585913325198,1.0,1e-08,10,4.0,0,2025,2032,11,cold_start,,,
Classical_ESN,NARMA5_Chaotic,0.01723162638724518,0.00026716890327394124,0.015504566851083725,0.1,1e-08,1,,0,2025,2026,11,cold_start,50.0,0.9,0.1
Classical_ESN,NARMA5_Chaotic,0.07463144862974266,0.11880512071275522,1.5918908569250008,0.1,1e-08,2,,0,2025,2035,11,cold_start,50.0,0.9,0.1
Classical_ESN,NARMA5_Chaotic,0.14578547697092692,0.26603999976589104,1.8248731306681922,0.1,1e-08,4,,0,2025,2028,11,cold_start,50.0,0.9,0.1
Classical_ESN,NARMA5_Chaotic,0.15687901458257797,0.62812955027631,4.003910605555692,0.1,1e-08,6,,0,2025,2030,11,cold_start,50.0,0.9,0.1
Classical_ESN,NARMA5_Chaotic,0.284245030130187,0.8847233950751918,3.112537780062434,0.1,1e-08,8,,0,2025,2028,11,cold_start,50.0,0.9,0.1
Classical_ESN,NARMA5_Chaotic,0.19699087232916054,1.8506165406104866,9.394427867288245,0.1,1e-08,10,,0,2025,2035,11,cold_start,50.0,0.9,0.1
Classical_ESN,NARMA5_Chaotic,0.014514989595114897,6.608073562749649e-05,0.004552585807552789,0.3,1e-08,1,,0,2025,2029,11,cold_start,50.0,0.9,0.1
Classical_ESN,NARMA5_Chaotic,0.05134685548936837,0.1048089631528918,2.041195359559906,0.3,1e-08,2,,0,2025,2031,11,cold_start,50.0,0.9,0.1
Classical_ESN,NARMA5_Chaotic,0.6816137472498119,0.8838141916355011,1.2966495984001662,0.3,1e-08,4,,0,2025,2031,11,cold_start,50.0,0.9,0.1
Classical_ESN,NARMA5_Chaotic,0.2105408421807667,0.3315715771506262,1.5748563258141837,0.3,1e-08,6,,0,2025,2027,11,cold_start,50.0,0.9,0.1
Classical_ESN,NARMA5_Chaotic,0.3465800153877113,1.2577371768220054,3.6289950977554284,0.3,1e-08,8,,0,2025,2033,11,cold_start,50.0,0.9,0.1
Classical_ESN,NARMA5_Chaotic,0.06683335807184146,0.06339797242360219,0.9485977400006378,0.3,1e-08,10,,0,2025,2026,11,cold_start,50.0,0.9,0.1
Classical_ESN,NARMA5_Chaotic,0.013894759406963005,0.00017742789575131247,0.012769411153848335,0.5,1e-08,1,,0,2025,2034,11,cold_start,50.0,0.9,0.1
Classical_ESN,NARMA5_Chaotic,0.3841305863576281,1.3559427497975034,3.529900502469001,0.5,1e-08,2,,0,2025,2028,11,cold_start,50.0,0.9,0.1
Classical_ESN,NARMA5_Chaotic,0.1948499109957605,1.0245198270102966,5.257994842156166,0.5,1e-08,4,,0,2025,2026,11,cold_start,50.0,0.9,0.1
Classical_ESN,NARMA5_Chaotic,0.30932513549298046,0.24074860795112432,0.7783027640719732,0.5,1e-08,6,,0,2025,2027,11,cold_start,50.0,0.9,0.1
Classical_ESN,NARMA5_Chaotic,0.22190037668244403,0.17384494170547857,0.7834368931886205,0.5,1e-08,8,,0,2025,2029,11,cold_start,50.0,0.9,0.1
Classical_ESN,NARMA5_Chaotic,0.03186969921246435,0.09101239433741908,2.855765714344232,0.5,1e-08,10,,0,2025,2035,11,cold_start,50.0,0.9,0.1
Classical_ESN,NARMA5_Chaotic,0.01272984451235125,6.46087412568136e-05,0.005075375523567971,0.7,1e-08,1,,0,2025,2031,11,cold_start,50.0,0.9,0.1
Classical_ESN,NARMA5_Chaotic,0.6351889270202887,0.3542565766729678,0.5577184387246921,0.7,1e-08,2,,0,2025,2035,11,cold_start,50.0,0.9,0.1
Classical_ESN,NARMA5_Chaotic,0.3685304084356279,0.5788156835968563,1.5706049496807248,0.7,1e-08,4,,0,2025,2028,11,cold_start,50.0,0.9,0.1
Classical_ESN,NARMA5_Chaotic,0.16371419311015084,0.07044412210599764,0.43028720215235794,0.7,1e-08,6,,0,2025,2025,11,cold_start,50.0,0.9,0.1
Classical_ESN,NARMA5_Chaotic,0.03195859616133245,0.055374026626582994,1.7326801949323885,0.7,1e-08,8,,0,2025,2034,11,cold_start,50.0,0.9,0.1
Classical_ESN,NARMA5_Chaotic,0.028059119093921676,0.016243694439225635,0.5789096366444532,0.7,1e-08,10,,0,2025,2034,11,cold_start,50.0,0.9,0.1
Classical_ESN,NARMA5_Chaotic,0.01248443312438714,7.823791858984615e-05,0.006266837894066323,0.9,1e-08,1,,0,2025,2031,11,cold_start,50.0,0.9,0.1
Classical_ESN,NARMA5_Chaotic,0.21324311259565995,0.8315766625611601,3.899664811861712,0.9,1e-08,2,,0,2025,2028,11,cold_start,50.0,0.9,0.1
Classical_ESN,NARMA5_Chaotic,0.11522413641039952,0.22316867775964377,1.9368223074788151,0.9,1e-08,4,,0,2025,2025,11,cold_start,50.0,0.9,0.1
Classical_ESN,NARMA5_Chaotic,0.04854908679328268,0.031056149353668617,0.639685551365831,0.9,1e-08,6,,0,2025,2029,11,cold_start,50.0,0.9,0.1
Classical_ESN,NARMA5_Chaotic,0.02896338929752513,0.025725681357763992,0.8882137754493465,0.9,1e-08,8,,0,2025,2026,11,cold_start,50.0,0.9,0.1
Classical_ESN,NARMA5_Chaotic,0.015072516801792656,0.004067959104724782,0.2698924909634838,0.9,1e-08,10,,0,2025,2031,11,cold_start,50.0,0.9,0.1
Classical_ESN,NARMA5_Chaotic,0.01718885043450838,0.00032969552444384005,0.019180778010723886,0.1,1e-08,1,,0,2025,2034,11,cold_start,50.0,0.9,0.2
Classical_ESN,NARMA5_Chaotic,0.09833497855509524,0.06388901367439458,0.6497079128216697,0.1,1e-08,2,,0,2025,2035,11,cold_start,50.0,0.9,0.2
Classical_ESN,NARMA5_Chaotic,0.10633417529576918,0.14443049072788428,1.358269722092168,0.1,1e-08,4,,0,2025,2028,11,cold_start,50.0,0.9,0.2
Classical_ESN,NARMA5_Chaotic,0.17607301450019514,1.7311887994578874,9.83222104972803,0.1,1e-08,6,,0,2025,2032,11,cold_start,50.0,0.9,0.2
Classical_ESN,NARMA5_Chaotic,0.18868663539186362,0.1537350471039226,0.8147638373255546,0.1,1e-08,8,,0,2025,2028,11,cold_start,50.0,0.9,0.2
Classical_ESN,NARMA5_Chaotic,0.4832837465649273,0.36982635138553577,0.7652364765299448,0.1,1e-08,10,,0,2025,2033,11,cold_start,50.0,0.9,0.2
Classical_ESN,NARMA5_Chaotic,0.014497433928953122,3.174717874702983e-05,0.002189848141582276,0.3,1e-08,1,,0,2025,2025,11,cold_start,50.0,0.9,0.2
Classical_ESN,NARMA5_Chaotic,0.05031812403796511,0.10113965717259486,2.010004528314387,0.3,1e-08,2,,0,2025,2033,11,cold_start,50.0,0.9,0.2
Classical_ESN,NARMA5_Chaotic,0.5675991441137288,2.296152066269357,4.045376195650642,0.3,1e-08,4,,0,2025,2026,11,cold_start,50.0,0.9,0.2
Classical_ESN,NARMA5_Chaotic,1.0362525612424627,1.236053194984402,1.1928107502116851,0.3,1e-08,6,,0,2025,2034,11,cold_start,50.0,0.9,0.2
Classical_ESN,NARMA5_Chaotic,0.1604517135539861,0.43153381637920407,2.689493348626712,0.3,1e-08,8,,0,2025,2033,11,cold_start,50.0,0.9,0.2
Classical_ESN,NARMA5_Chaotic,0.07237696616050476,0.10113844941491067,1.3973844826629482,0.3,1e-08,10,,0,2025,2034,11,cold_start,50.0,0.9,0.2
Classical_ESN,NARMA5_Chaotic,0.013905152503422951,8.235467819759135e-05,0.00592260158076789,0.5,1e-08,1,,0,2025,2028,11,cold_start,50.0,0.9,0.2
Classical_ESN,NARMA5_Chaotic,0.5634486817314288,1.0187897509782098,1.8081322825133914,0.5,1e-08,2,,0,2025,2033,11,cold_start,50.0,0.9,0.2
Classical_ESN,NARMA5_Chaotic,0.2213240422523675,0.7128982931234157,3.2210612361332376,0.5,1e-08,4,,0,2025,2025,11,cold_start,50.0,0.9,0.2
Classical_ESN,NARMA5_Chaotic,0.28668943553902027,0.3382891400149882,1.1799846735857307,0.5,1e-08,6,,0,2025,2034,11,cold_start,50.0,0.9,0.2
Classical_ESN,NARMA5_Chaotic,0.11390051592772002,0.11996832776937949,1.0532729091895425,0.5,1e-08,8,,0,2025,2028,11,cold_start,50.0,0.9,0.2
Classical_ESN,NARMA5_Chaotic,0.03536411694893198,0.03996810814695132,1.1301882132294663,0.5,1e-08,10,,0,2025,2034,11,cold_start,50.0,0.9,0.2
Classical_ESN,NARMA5_Chaotic,0.012795182858518477,6.98225315915711e-05,0.005456938940508091,0.7,1e-08,1,,0,2025,2031,11,cold_start,50.0,0.9,0.2
Classical_ESN,NARMA5_Chaotic,0.3600275918328831,0.4173543192941701,1.159228705692915,0.7,1e-08,2,,0,2025,2028,11,cold_start,50.0,0.9,0.2
Classical_ESN,NARMA5_Chaotic,0.21090965990415037,0.45630894001855593,2.1635279305174038,0.7,1e-08,4,,0,2025,2030,11,cold_start,50.0,0.9,0.2
Classical_ESN,NARMA5_Chaotic,0.10400997580535244,0.3110337468850516,2.9904222597564103,0.7,1e-08,6,,0,2025,2032,11,cold_start,50.0,0.9,0.2
Classical_ESN,NARMA5_Chaotic,0.054122707208960945,0.05269885284177214,0.9736921074237569,0.7,1e-08,8,,0,2025,2032,11,cold_start,50.0,0.9,0.2
Classical_ESN,NARMA5_Chaotic,0.02461057309040351,0.025744522056982154,1.046075683098205,0.7,1e-08,10,,0,2025,2030,11,cold_start,50.0,0.9,0.2
Classical_ESN,NARMA5_Chaotic,0.012454707710810793,9.588667486931662e-05,0.007698829799601493,0.9,1e-08,1,,0,2025,2028,11,cold_start,50.0,0.9,0.2
Classical_ESN,NARMA5_Chaotic,0.24752946851009555,0.28116008470621234,1.1358651008243295,0.9,1e-08,2,,0,2025,2029,11,cold_start,50.0,0.9,0.2
Classical_ESN,NARMA5_Chaotic,0.10919785689898936,0.1629943250599819,1.4926513183381938,0.9,1e-08,4,,0,2025,2025,11,cold_start,50.0,0.9,0.2
Classical_ESN,NARMA5_Chaotic,0.057390883197161374,0.10104775821736162,1.7606935559820687,0.9,1e-08,6,,0,2025,2035,11,cold_start,50.0,0.9,0.2
Classical_ESN,NARMA5_Chaotic,0.041575844747875915,0.018157247613965664,0.43672588552499125,0.9,1e-08,8,,0,2025,2030,11,cold_start,50.0,0.9,0.2
Classical_ESN,NARMA5_Chaotic,0.015728121515428753,0.006738473434522227,0.42843472616307127,0.9,1e-08,10,,0,2025,2032,11,cold_start,50.0,0.9,0.2
Classical_ESN,NARMA5_Chaotic,0.021571079628149654,0.004140351666369307,0.19193993707047766,0.1,1e-08,1,,0,2025,2029,11,cold_start,50.0,1.1,0.1
Classical_ESN,NARMA5_Chaotic,0.03137773281518794,0.09968001269223174,3.176775494881614,0.1,1e-08,2,,0,2025,2030,11,cold_start,50.0,1.1,0.1
Classical_ESN,NARMA5_Chaotic,0.10452626386485694,0.09906240192429425,0.9477273774213629,0.1,1e-08,4,,0,2025,2026,11,cold_start,50.0,1.1,0.1
Classical_ESN,NARMA5_Chaotic,0.0641021879043923,0.08226773192000941,1.283384149737772,0.1,1e-08,6,,0,2025,2030,11,cold_start,50.0,1.1,0.1
Classical_ESN,NARMA5_Chaotic,0.04129723462711262,0.07098790357742256,1.7189505355115788,0.1,1e-08,8,,0,2025,2032,11,cold_start,50.0,1.1,0.1
Classical_ESN,NARMA5_Chaotic,0.03301038796742536,0.23229756245783087,7.037104886106217,0.1,1e-08,10,,0,2025,2026,11,cold_start,50.0,1.1,0.1
Classical_ESN,NARMA5_Chaotic,0.016114738114820986,0.010458934294188866,0.6490291197825682,0.3,1e-08,1,,0,2025,2032,11,cold_start,50.0,1.1,0.1
Classical_ESN,NARMA5_Chaotic,0.039115949587346974,0.02894247810436263,0.739915006785999,0.3,1e-08,2,,0,2025,2026,11,cold_start,50.0,1.1,0.1
Classical_ESN,NARMA5_Chaotic,0.04706811043426175,0.6059171408555365,12.873198759525264,0.3,1e-08,4,,0,2025,2032,11,cold_start,50.0,1.1,0.1
Classical_ESN,NARMA5_Chaotic,0.0501134888048951,0.053711376851176704,1.0717948027982869,0.3,1e-08,6,,0,2025,2025,11,cold_start,50.0,1.1,0.1
Classical_ESN,NARMA5_Chaotic,0.02727116073165615,0.5349220774142315,19.614936183970272,0.3,1e-08,8,,0,2025,2032,11,cold_start,50.0,1.1,0.1
Classical_ESN,NARMA5_Chaotic,0.02361021889325012,0.030871070572495943,1.3075300450230734,0.3,1e-08,10,,0,2025,2027,11,cold_start,50.0,1.1,0.1
Classical_ESN,NARMA5_Chaotic,0.014749840039662914,0.0010665943468084335,0.07231226534934063,0.5,1e-08,1,,0,2025,2034,11,cold_start,50.0,1.1,0.1
Classical_ESN,NARMA5_Chaotic,0.044577182592659415,0.05069545867664279,1.1372512960249506,0.5,1e-08,2,,0,2025,2026,11,cold_start,50.0,1.1,0.1
Classical_ESN,NARMA5_Chaotic,0.03330673443084723,0.12196831496515183,3.6619715817048144,0.5,1e-08,4,,0,2025,2026,11,cold_start,50.0,1.1,0.1
Classical_ESN,NARMA5_Chaotic,0.028042125908950832,0.03595753117320749,1.2822683733022582,0.5,1e-08,6,,0,2025,2032,11,cold_start,50.0,1.1,0.1
Classical_ESN,NARMA5_Chaotic,0.02252607551242273,0.07269813102227653,3.2272879038421407,0.5,1e-08,8,,0,2025,2030,11,cold_start,50.0,1.1,0.1
Classical_ESN,NARMA5_Chaotic,0.017814459509311785,0.018754228484326986,1.052753156755835,0.5,1e-08,10,,0,2025,2028,11,cold_start,50.0,1.1,0.1
Classical_ESN,NARMA5_Chaotic,0.013053900012027206,0.00071133361500376,0.05449203796171053,0.7,1e-08,1,,0,2025,2032,11,cold_start,50.0,1.1,0.1
Classical_ESN,NARMA5_Chaotic,0.01782642572825996,0.03244351163794001,1.819967285225765,0.7,1e-08,2,,0,2025,2026,11,cold_start,50.0,1.1,0.1
Classical_ESN,NARMA5_Chaotic,0.022919613051970444,0.12741940964936083,5.559404923653645,0.7,1e-08,4,,0,2025,2034,11,cold_start,50.0,1.1,0.1
Classical_ESN,NARMA5_Chaotic,0.015226283035815245,0.012605457871519744,0.8278749214019732,0.7,1e-08,6,,0,2025,2025,11,cold_start,50.0,1.1,0.1
Classical_ESN,NARMA5_Chaotic,0.01612971560043171,0.010667425801330134,0.6613523800162119,0.7,1e-08,8,,0,2025,2034,11,cold_start,50.0,1.1,0.1
Classical_ESN,NARMA5_Chaotic,0.014657152082042036,0.003801027118010523,0.2593291723204228,0.7,1e-08,10,,0,2025,2030,11,cold_start,50.0,1.1,0.1
Classical_ESN,NARMA5_Chaotic,0.01335922646915796,0.0004599231758588065,0.034427380726018614,0.9,1e-08,1,,0,2025,2032,11,cold_start,50.0,1.1,0.1
Classical_ESN,NARMA5_Chaotic,0.015726652111315027,0.005412124485491534,0.34413710223790184,0.9,1e-08,2,,0,2025,2030,11,cold_start,50.0,1.1,0.1
Classical_ESN,NARMA5_Chaotic,0.01724256542023295,0.02364088870241169,1.3710772223413317,0.9,1e-08,4,,0,2025,2026,11,cold_start,50.0,1.1,0.1
Classical_ESN,NARMA5_Chaotic,0.01364906044183477,0.0059893752017242405,0.43881227043047083,0.9,1e-08,6,,0,2025,2032,11,cold_start,50.0,1.1,0.1
Classical_ESN,NARMA5_Chaotic,0.013533355690075275,0.00272911220332559,0.20165820405703164,0.9,1e-08,8,,0,2025,2030,11,cold_start,50.0,1.1,0.1
Classical_ESN,NARMA5_Chaotic,0.012833102269778194,0.0009265002479214299,0.07219612440113778,0.9,1e-08,10,,0,2025,2033,11,cold_start,50.0,1.1,0.1
Classical_ESN,NARMA5_Chaotic,0.01947607513830499,0.026457891961254747,1.3584817153030035,0.1,1e-08,1,,0,2025,2030,11,cold_start,50.0,1.1,0.2
Classical_ESN,NARMA5_Chaotic,0.052959076008045905,0.04743906782194885,0.8957684196518381,0.1,1e-08,2,,0,2025,2033,11,cold_start,50.0,1.1,0.2
Classical_ESN,NARMA5_Chaotic,0.09799276484958348,0.09905159568840415,1.0108051940410696,0.1,1e-08,4,,0,2025,2035,11,cold_start,50.0,1.1,0.2
Classical_ESN,NARMA5_Chaotic,0.1113302774007905,0.0938155735465065,0.8426779824572714,0.1,1e-08,6,,0,2025,2035,11,cold_start,50.0,1.1,0.2
Classical_ESN,NARMA5_Chaotic,0.05185195552981703,0.1642685015729219,3.1680290529922384,0.1,1e-08,8,,0,2025,2034,11,cold_start,50.0,1.1,0.2
Classical_ESN,NARMA5_Chaotic,0.048780847660369414,0.03715636273842831,0.7616998170496107,0.1,1e-08,10,,0,2025,2033,11,cold_start,50.0,1.1,0.2
Classical_ESN,NARMA5_Chaotic,0.015482977695577506,0.005494676262912655,0.35488498213635816,0.3,1e-08,1,,0,2025,2030,11,cold_start,50.0,1.1,0.2
Classical_ESN,NARMA5_Chaotic,0.022275668825170476,0.03695338866521979,1.6589126438917143,0.3,1e-08,2,,0,2025,2027,11,cold_start,50.0,1.1,0.2
Classical_ESN,NARMA5_Chaotic,0.08484472202164887,1.1132158174276015,13.120625430814124,0.3,1e-08,4,,0,2025,2035,11,cold_start,50.0,1.1,0.2
Classical_ESN,NARMA5_Chaotic,0.03996522813491078,0.17526948623390862,4.385549499235953,0.3,1e-08,6,,0,2025,2025,11,cold_start,50.0,1.1,0.2
Classical_ESN,NARMA5_Chaotic,0.028574961955890724,0.046176322908280734,1.6159714570945034,0.3,1e-08,8,,0,2025,2026,11,cold_start,50.0,1.1,0.2
Classical_ESN,NARMA5_Chaotic,0.029502697597491516,0.017418000653033984,0.5903867127904588,0.3,1e-08,10,,0,2025,2030,11,cold_start,50.0,1.1,0.2
Classical_ESN,NARMA5_Chaotic,0.01482769488004753,0.0010881855972692596,0.07338872333646047,0.5,1e-08,1,,0,2025,2026,11,cold_start,50.0,1.1,0.2
Classical_ESN,NARMA5_Chaotic,0.07096438613733733,0.1411091271199496,1.9884499084774891,0.5,1e-08,2,,0,2025,2027,11,cold_start,50.0,1.1,0.2
Classical_ESN,NARMA5_Chaotic,0.03116853221837118,0.03661919809545311,1.1748772075275726,0.5,1e-08,4,,0,2025,2035,11,cold_start,50.0,1.1,0.2
Classical_ESN,NARMA5_Chaotic,0.02502245627732611,0.039542395993068746,1.5802763547597747,0.5,1e-08,6,,0,2025,2033,11,cold_start,50.0,1.1,0.2
Classical_ESN,NARMA5_Chaotic,0.019115721432967706,0.08187028917957988,4.282877288553872,0.5,1e-08,8,,0,2025,2031,11,cold_start,50.0,1.1,0.2
Classical_ESN,NARMA5_Chaotic,0.01840219700588419,0.009548025982610021,0.5188525032938727,0.5,1e-08,10,,0,2025,2030,11,cold_start,50.0,1.1,0.2
Classical_ESN,NARMA5_Chaotic,0.013042326446583303,0.0006164535708082611,0.047265614254714,0.7,1e-08,1,,0,2025,2031,11,cold_start,50.0,1.1,0.2
Classical_ESN,NARMA5_Chaotic,0.01605079903972288,0.0822727157591746,5.1257707205457015,0.7,1e-08,2,,0,2025,2027,11,cold_start,50.0,1.1,0.2
Classical_ESN,NARMA5_Chaotic,0.02743901485317356,0.10447882893338058,3.8076742001288246,0.7,1e-08,4,,0,2025,2032,11,cold_start,50.0,1.1,0.2
Classical_ESN,NARMA5_Chaotic,0.022207539956630582,0.04382554817468677,1.9734535324612408,0.7,1e-08,6,,0,2025,2028,11,cold_start,50.0,1.1,0.2
Classical_ESN,NARMA5_Chaotic,0.016401872914810562,0.01195319578433257,0.7287701743828946,0.7,1e-08,8,,0,2025,2027,11,cold_start,50.0,1.1,0.2
Classical_ESN,NARMA5_Chaotic,0.015306605790754145,0.0040727984460654934,0.26608109607981417,0.7,1e-08,10,,0,2025,2034,11,cold_start,50.0,1.1,0.2
Classical_ESN,NARMA5_Chaotic,0.013574928083221431,0.0005846909861027067,0.04307138737813152,0.9,1e-08,1,,0,2025,2033,11,cold_start,50.0,1.1,0.2
Classical_ESN,NARMA5_Chaotic,0.014036540577782884,0.006178674559821146,0.4401849961236736,0.9,1e-08,2,,0,2025,2029,11,cold_start,50.0,1.1,0.2
Classical_ESN,NARMA5_Chaotic,0.013335665527958118,0.011922168218702222,0.8940062416613171,0.9,1e-08,4,,0,2025,2034,11,cold_start,50.0,1.1,0.2
Classical_ESN,NARMA5_Chaotic,0.01435151818262388,0.011709299777530324,0.8158927598132004,0.9,1e-08,6,,0,2025,2028,11,cold_start,50.0,1.1,0.2
Classical_ESN,NARMA5_Chaotic,0.013909319470802511,0.00559113413581474,0.4019703586182821,0.9,1e-08,8,,0,2025,2035,11,cold_start,50.0,1.1,0.2
Classical_ESN,NARMA5_Chaotic,0.013129316615845463,0.0025097104013096848,0.19115316316469771,0.9,1e-08,10,,0,2025,2031,11,cold_start,50.0,1.1,0.2
Classical_ESN,NARMA5_Chaotic,0.04766320897436245,0.19543428830468268,4.100317467290227,0.1,1e-08,1,,0,2025,2029,11,cold_start,50.0,1.25,0.1
Classical_ESN,NARMA5_Chaotic,0.03839799843097837,0.15583872206664323,4.058511600461892,0.1,1e-08,2,,0,2025,2029,11,cold_start,50.0,1.25,0.1
Classical_ESN,NARMA5_Chaotic,0.036287474027319744,0.07624301218963454,2.101083479446199,0.1,1e-08,4,,0,2025,2027,11,cold_start,50.0,1.25,0.1
Classical_ESN,NARMA5_Chaotic,0.036222152732480424,0.05770563100681839,1.5931032987742255,0.1,1e-08,6,,0,2025,2026,11,cold_start,50.0,1.25,0.1
Classical_ESN,NARMA5_Chaotic,0.028631691513510863,0.13993170104534944,4.887301226311333,0.1,1e-08,8,,0,2025,2030,11,cold_start,50.0,1.25,0.1
Classical_ESN,NARMA5_Chaotic,0.03419968607191242,0.07926793993227634,2.317797296899098,0.1,1e-08,10,,0,2025,2033,11,cold_start,50.0,1.25,0.1
Classical_ESN,NARMA5_Chaotic,0.017354222826273514,0.017783022216109973,1.024708648386563,0.3,1e-08,1,,0,2025,2027,11,cold_start,50.0,1.25,0.1
Classical_ESN,NARMA5_Chaotic,0.02752246952585888,0.03441011671587556,1.2502554207043577,0.3,1e-08,2,,0,2025,2029,11,cold_start,50.0,1.25,0.1
Classical_ESN,NARMA5_Chaotic,0.025237711096944226,0.111241947899011,4.407766911654684,0.3,1e-08,4,,0,2025,2027,11,cold_start,50.0,1.25,0.1
Classical_ESN,NARMA5_Chaotic,0.01696138286942593,0.032127424335604705,1.8941512365431368,0.3,1e-08,6,,0,2025,2032,11,cold_start,50.0,1.25,0.1
Classical_ESN,NARMA5_Chaotic,0.04185344523117758,0.3695342200501541,8.829242563163707,0.3,1e-08,8,,0,2025,2027,11,cold_start,50.0,1.25,0.1
Classical_ESN,NARMA5_Chaotic,0.017433998355548274,0.01624358499947712,0.9317188557785822,0.3,1e-08,10,,0,2025,2033,11,cold_start,50.0,1.25,0.1
Classical_ESN,NARMA5_Chaotic,0.015614457381929483,0.007235244901693128,0.4633683210834104,0.5,1e-08,1,,0,2025,2029,11,cold_start,50.0,1.25,0.1
Classical_ESN,NARMA5_Chaotic,0.021397433305066466,0.049122872462157706,2.295736678404621,0.5,1e-08,2,,0,2025,2028,11,cold_start,50.0,1.25,0.1
Classical_ESN,NARMA5_Chaotic,0.015091542532409189,0.128250509557998,8.498171030733218,0.5,1e-08,4,,0,2025,2029,11,cold_start,50.0,1.25,0.1
Classical_ESN,NARMA5_Chaotic,0.015400677135499257,0.02514795387516688,1.6329122189828724,0.5,1e-08,6,,0,2025,2026,11,cold_start,50.0,1.25,0.1
Classical_ESN,NARMA5_Chaotic,0.02258407228389033,0.14251723949517522,6.3105199852214255,0.5,1e-08,8,,0,2025,2035,11,cold_start,50.0,1.25,0.1
Classical_ESN,NARMA5_Chaotic,0.013871387697417976,0.0034293003170910046,0.24722114267841677,0.5,1e-08,10,,0,2025,2025,11,cold_start,50.0,1.25,0.1
Classical_ESN,NARMA5_Chaotic,0.01481493837146051,0.0011662149948798162,0.07871885563333914,0.7,1e-08,1,,0,2025,2033,11,cold_start,50.0,1.25,0.1
Classical_ESN,NARMA5_Chaotic,0.014889945215467717,0.013348485098934887,0.8964764413685312,0.7,1e-08,2,,0,2025,2025,11,cold_start,50.0,1.25,0.1
Classical_ESN,NARMA5_Chaotic,0.01486704624913242,0.08961596135908304,6.027825558443571,0.7,1e-08,4,,0,2025,2030,11,cold_start,50.0,1.25,0.1
Classical_ESN,NARMA5_Chaotic,0.01376502444970077,0.02124014613759181,1.5430518278558916,0.7,1e-08,6,,0,2025,2034,11,cold_start,50.0,1.25,0.1
Classical_ESN,NARMA5_Chaotic,0.014946821800419657,0.016029435568581288,1.0724310346786388,0.7,1e-08,8,,0,2025,2025,11,cold_start,50.0,1.25,0.1
Classical_ESN,NARMA5_Chaotic,0.013326401608363821,0.00549600135016577,0.4124145070576598,0.7,1e-08,10,,0,2025,2033,11,cold_start,50.0,1.25,0.1
Classical_ESN,NARMA5_Chaotic,0.01599793468617417,0.002696065954761452,0.16852587584892828,0.9,1e-08,1,,0,2025,2028,11,cold_start,50.0,1.25,0.1
Classical_ESN,NARMA5_Chaotic,0.014553072208149003,0.003178855457168811,0.21843191675973467,0.9,1e-08,2,,0,2025,2031,11,cold_start,50.0,1.25,0.1
Classical_ESN,NARMA5_Chaotic,0.013871357804033549,0.18287202358807186,13.183426321459018,0.9,1e-08,4,,0,2025,2035,11,cold_start,50.0,1.25,0.1
Classical_ESN,NARMA5_Chaotic,0.013813506215114695,0.010157287118468987,0.7353156367609923,0.9,1e-08,6,,0,2025,2026,11,cold_start,50.0,1.25,0.1
Classical_ESN,NARMA5_Chaotic,0.013640797772618733,0.006062380911048604,0.444430084816422,0.9,1e-08,8,,0,2025,2030,11,cold_start,50.0,1.25,0.1
Classical_ESN,NARMA5_Chaotic,0.01312842439846755,0.0028599960223919395,0.2178476209777146,0.9,1e-08,10,,0,2025,2035,11,cold_start,50.0,1.25,0.1
Classical_ESN,NARMA5_Chaotic,0.025195575239224135,0.39177091415864884,15.549195064566144,0.1,1e-08,1,,0,2025,2027,11,cold_start,50.0,1.25,0.2
Classical_ESN,NARMA5_Chaotic,0.03938935323426018,0.17330381569787578,4.399762917334197,0.1,1e-08,2,,0,2025,2034,11,cold_start,50.0,1.25,0.2
Classical_ESN,NARMA5_Chaotic,0.06703079128305088,0.09539735881429212,1.4231871202513149,0.1,1e-08,4,,0,2025,2026,11,cold_start,50.0,1.25,0.2
Classical_ESN,NARMA5_Chaotic,0.0287905746133994,0.11948096196887857,4.150002685714756,0.1,1e-08,6,,0,2025,2032,11,cold_start,50.0,1.25,0.2
Classical_ESN,NARMA5_Chaotic,0.08419717771110871,0.04144452911101081,0.4922318091612559,0.1,1e-08,8,,0,2025,2025,11,cold_start,50.0,1.25,0.2
Classical_ESN,NARMA5_Chaotic,0.04275870891473088,0.0583043859514104,1.3635675031180339,0.1,1e-08,10,,0,2025,2031,11,cold_start,50.0,1.25,0.2
Classical_ESN,NARMA5_Chaotic,0.017041050125010233,0.04913473326894834,2.88331604616525,0.3,1e-08,1,,0,2025,2027,11,cold_start,50.0,1.25,0.2
Classical_ESN,NARMA5_Chaotic,0.016811741407196577,0.04805900122950452,2.858656938949345,0.3,1e-08,2,,0,2025,2032,11,cold_start,50.0,1.25,0.2
Classical_ESN,NARMA5_Chaotic,0.02198527353160145,0.3452121401205719,15.701971577672973,0.3,1e-08,4,,0,2025,2035,11,cold_start,50.0,1.25,0.2
Classical_ESN,NARMA5_Chaotic,0.015659329008220577,0.024138982004550263,1.5415080679305082,0.3,1e-08,6,,0,2025,2033,11,cold_start,50.0,1.25,0.2
Classical_ESN,NARMA5_Chaotic,0.02458172071691503,0.03318020398558155,1.3497917565530628,0.3,1e-08,8,,0,2025,2025,11,cold_start,50.0,1.25,0.2
Classical_ESN,NARMA5_Chaotic,0.020658908198862982,0.007175064770121084,0.3473109372989993,0.3,1e-08,10,,0,2025,2034,11,cold_start,50.0,1.25,0.2
Classical_ESN,NARMA5_Chaotic,0.016428605091210316,0.0063012601171583485,0.38355417773902595,0.5,1e-08,1,,0,2025,2026,11,cold_start,50.0,1.25,0.2
Classical_ESN,NARMA5_Chaotic,0.0154227466325035,0.08547278054381276,5.5419947289854665,0.5,1e-08,2,,0,2025,2026,11,cold_start,50.0,1.25,0.2
Classical_ESN,NARMA5_Chaotic,0.018159777945908746,0.17890233826594504,9.851570806583036,0.5,1e-08,4,,0,2025,2030,11,cold_start,50.0,1.25,0.2
Classical_ESN,NARMA5_Chaotic,0.01454522139774847,0.012424731685945437,0.8542139955235556,0.5,1e-08,6,,0,2025,2033,11,cold_start,50.0,1.25,0.2
Classical_ESN,NARMA5_Chaotic,0.022816466482843554,0.10391715860044799,4.554480803527869,0.5,1e-08,8,,0,2025,2035,11,cold_start,50.0,1.25,0.2
Classical_ESN,NARMA5_Chaotic,0.01467400155328311,0.011477023827993897,0.7821332024750991,0.5,1e-08,10,,0,2025,2031,11,cold_start,50.0,1.25,0.2
Classical_ESN,NARMA5_Chaotic,0.01457725948229035,0.002339084709158176,0.16046121097040825,0.7,1e-08,1,,0,2025,2032,11,cold_start,50.0,1.25,0.2
Classical_ESN,NARMA5_Chaotic,0.015366471672900046,0.01652277921592238,1.0752487342336088,0.7,1e-08,2,,0,2025,2025,11,cold_start,50.0,1.25,0.2
Classical_ESN,NARMA5_Chaotic,0.013817001186867309,0.020109873274932882,1.455444130239113,0.7,1e-08,4,,0,2025,2033,11,cold_start,50.0,1.25,0.2
Classical_ESN,NARMA5_Chaotic,0.01416623676796355,0.012344843067936227,0.8714271312938704,0.7,1e-08,6,,0,2025,2034,11,cold_start,50.0,1.25,0.2
Classical_ESN,NARMA5_Chaotic,0.017314836782723077,0.06978845960377729,4.03055832864754,0.7,1e-08,8,,0,2025,2027,11,cold_start,50.0,1.25,0.2
Classical_ESN,NARMA5_Chaotic,0.01570743311349905,0.015711518175214458,1.0002600718835402,0.7,1e-08,10,,0,2025,2029,11,cold_start,50.0,1.25,0.2
Classical_ESN,NARMA5_Chaotic,0.017056979139355555,0.004104359456431989,0.24062639831469357,0.9,1e-08,1,,0,2025,2035,11,cold_start,50.0,1.25,0.2
Classical_ESN,NARMA5_Chaotic,0.014506675256675518,0.0014128459987558628,0.09739281908207846,0.9,1e-08,2,,0,2025,2034,11,cold_start,50.0,1.25,0.2
Classical_ESN,NARMA5_Chaotic,0.014079345685885475,0.02888380930576591,2.051502246636496,0.9,1e-08,4,,0,2025,2035,11,cold_start,50.0,1.25,0.2
Classical_ESN,NARMA5_Chaotic,0.01399396379386989,0.0032399471496559985,0.23152461999903629,0.9,1e-08,6,,0,2025,2033,11,cold_start,50.0,1.25,0.2
Classical_ESN,NARMA5_Chaotic,0.01406716491652131,0.03905115259614399,2.7760499594541614,0.9,1e-08,8,,0,2025,2034,11,cold_start,50.0,1.25,0.2
Classical_ESN,NARMA5_Chaotic,0.01340020005325414,0.0031183981145252652,0.232712802953116,0.9,1e-08,10,,0,2025,2028,11,cold_start,50.0,1.25,0.2
Classical_ESN,NARMA5_Chaotic,0.01775060911299313,0.0006371661207623015,0.035895451063474054,0.1,1e-08,1,,0,2025,2033,11,cold_start,100.0,0.9,0.1
Classical_ESN,NARMA5_Chaotic,0.1656976325557215,0.15622366608759336,0.9428237668698,0.1,1e-08,2,,0,2025,2028,11,cold_start,100.0,0.9,0.1
Classical_ESN,NARMA5_Chaotic,1.1847772976227602,1.4996714706277752,1.2657834292038224,0.1,1e-08,4,,0,2025,2028,11,cold_start,100.0,0.9,0.1
Classical_ESN,NARMA5_Chaotic,3.599301020546635,7.572983465382455,2.1040150357394465,0.1,1e-08,6,,0,2025,2026,11,cold_start,100.0,0.9,0.1
Classical_ESN,NARMA5_Chaotic,1.8454463708568944,6.207693051975298,3.363789460374774,0.1,1e-08,8,,0,2025,2026,11,cold_start,100.0,0.9,0.1
Classical_ESN,NARMA5_Chaotic,2.9507484073609374,4.865296260494669,1.6488346645744858,0.1,1e-08,10,,0,2025,2028,11,cold_start,100.0,0.9,0.1
Classical_ESN,NARMA5_Chaotic,0.014570424472433872,7.869918257240735e-05,0.00540129649079889,0.3,1e-08,1,,0,2025,2027,11,cold_start,100.0,0.9,0.1
Classical_ESN,NARMA5_Chaotic,0.3364923372925818,0.4390663620220861,1.304833166647464,0.3,1e-08,2,,0,2025,2031,11,cold_start,100.0,0.9,0.1
Classical_ESN,NARMA5_Chaotic,2.6650437522843995,2.9090221100684244,1.0915475993873998,0.3,1e-08,4,,0,2025,2031,11,cold_start,100.0,0.9,0.1
Classical_ESN,NARMA5_Chaotic,6.554256854607253,7.458772054350544,1.138004234470529,0.3,1e-08,6,,0,2025,2029,11,cold_start,100.0,0.9,0.1
Classical_ESN,NARMA5_Chaotic,1.6141470691037434,1.9117835233736695,1.1843924013907785,0.3,1e-08,8,,0,2025,2031,11,cold_start,100.0,0.9,0.1
Classical_ESN,NARMA5_Chaotic,0.6189250572280066,1.1494723967951248,1.8572077238935718,0.3,1e-08,10,,0,2025,2026,11,cold_start,100.0,0.9,0.1
Classical_ESN,NARMA5_Chaotic,0.013648842728399075,0.00012036189265328357,0.008818468719171862,0.5,1e-08,1,,0,2025,2035,11,cold_start,100.0,0.9,0.1
Classical_ESN,NARMA5_Chaotic,2.0055444470321815,1.9665898268965616,0.9805765361155345,0.5,1e-08,2,,0,2025,2028,11,cold_start,100.0,0.9,0.1
Classical_ESN,NARMA5_Chaotic,1.9603712919523337,5.578015736547854,2.8453873811795667,0.5,1e-08,4,,0,2025,2028,11,cold_start,100.0,0.9,0.1
Classical_ESN,NARMA5_Chaotic,2.7932671773484223,3.545590482627575,1.2693345310394955,0.5,1e-08,6,,0,2025,2035,11,cold_start,100.0,0.9,0.1
Classical_ESN,NARMA5_Chaotic,0.7720018782267575,0.5107923082530703,0.6616464579416956,0.5,1e-08,8,,0,2025,2034,11,cold_start,100.0,0.9,0.1
Classical_ESN,NARMA5_Chaotic,0.45692495862529714,0.5015795332476725,1.0977284645529606,0.5,1e-08,10,,0,2025,2029,11,cold_start,100.0,0.9,0.1
Classical_ESN,NARMA5_Chaotic,0.01282928078862013,0.00010735050109577248,0.008367616459918382,0.7,1e-08,1,,0,2025,2030,11,cold_start,100.0,0.9,0.1
Classical_ESN,NARMA5_Chaotic,1.7429079032793222,4.080325052428726,2.3411019278479936,0.7,1e-08,2,,0,2025,2025,11,cold_start,100.0,0.9,0.1
Classical_ESN,NARMA5_Chaotic,1.4848414024358845,2.0311710359552912,1.3679380387852549,0.7,1e-08,4,,0,2025,2025,11,cold_start,100.0,0.9,0.1
Classical_ESN,NARMA5_Chaotic,1.392490289696334,2.8180879896779176,2.0237756848505346,0.7,1e-08,6,,0,2025,2035,11,cold_start,100.0,0.9,0.1
Classical_ESN,NARMA5_Chaotic,0.2706582626038851,0.46445982501815875,1.7160378572957402,0.7,1e-08,8,,0,2025,2025,11,cold_start,100.0,0.9,0.1
Classical_ESN,NARMA5_Chaotic,0.28701782676217563,0.13972720366597,0.48682412950519843,0.7,1e-08,10,,0,2025,2034,11,cold_start,100.0,0.9,0.1
Classical_ESN,NARMA5_Chaotic,0.012770108609592185,0.00015279288342242024,0.011964885193509698,0.9,1e-08,1,,0,2025,2032,11,cold_start,100.0,0.9,0.1
Classical_ESN,NARMA5_Chaotic,1.3195064610808631,2.1167385351106107,1.6041895947797795,0.9,1e-08,2,,0,2025,2029,11,cold_start,100.0,0.9,0.1
Classical_ESN,NARMA5_Chaotic,0.7528715735875856,0.7957804515776383,1.0569936221467138,0.9,1e-08,4,,0,2025,2035,11,cold_start,100.0,0.9,0.1
Classical_ESN,NARMA5_Chaotic,0.517844206786726,0.5845613579412449,1.1288363378022614,0.9,1e-08,6,,0,2025,2032,11,cold_start,100.0,0.9,0.1
Classical_ESN,NARMA5_Chaotic,0.1626638307643269,0.2312925034486547,1.421904933394563,0.9,1e-08,8,,0,2025,2029,11,cold_start,100.0,0.9,0.1
Classical_ESN,NARMA5_Chaotic,0.0945947095557045,0.09683505485557867,1.0236836215301754,0.9,1e-08,10,,0,2025,2025,11,cold_start,100.0,0.9,0.1
Classical_ESN,NARMA5_Chaotic,0.017808412766388983,0.0003350385099794753,0.01881349642859896,0.1,1e-08,1,,0,2025,2035,11,cold_start,100.0,0.9,0.2
Classical_ESN,NARMA5_Chaotic,0.14577283529307633,0.33846723705931825,2.3218814148660125,0.1,1e-08,2,,0,2025,2025,11,cold_start,100.0,0.9,0.2
Classical_ESN,NARMA5_Chaotic,0.9382667043787711,1.6483403976165998,1.7567930204962035,0.1,1e-08,4,,0,2025,2034,11,cold_start,100.0,0.9,0.2
Classical_ESN,NARMA5_Chaotic,1.6562101611474382,1.3407189255649548,0.8095101437103198,0.1,1e-08,6,,0,2025,2031,11,cold_start,100.0,0.9,0.2
Classical_ESN,NARMA5_Chaotic,5.533612422211744,9.131264247301184,1.6501452488158692,0.1,1e-08,8,,0,2025,2028,11,cold_start,100.0,0.9,0.2
Classical_ESN,NARMA5_Chaotic,3.4877813674350966,1.7669360559799134,0.5066074589644685,0.1,1e-08,10,,0,2025,2034,11,cold_start,100.0,0.9,0.2
Classical_ESN,NARMA5_Chaotic,0.014564694779638284,9.381399623231461e-05,0.006441192050482811,0.3,1e-08,1,,0,2025,2027,11,cold_start,100.0,0.9,0.2
Classical_ESN,NARMA5_Chaotic,0.4157594501025257,0.7206165548187028,1.7332535788206371,0.3,1e-08,2,,0,2025,2033,11,cold_start,100.0,0.9,0.2
Classical_ESN,NARMA5_Chaotic,3.0171167597249866,10.79124281715759,3.5766739163721404,0.3,1e-08,4,,0,2025,2025,11,cold_start,100.0,0.9,0.2
Classical_ESN,NARMA5_Chaotic,5.33873602526398,9.997788985443535,1.8726883925580835,0.3,1e-08,6,,0,2025,2027,11,cold_start,100.0,0.9,0.2
Classical_ESN,NARMA5_Chaotic,1.8517224505281065,2.9791916528808358,1.6088759155191847,0.3,1e-08,8,,0,2025,2031,11,cold_start,100.0,0.9,0.2
Classical_ESN,NARMA5_Chaotic,0.7092565970638248,1.280009335756168,1.8047196755802357,0.3,1e-08,10,,0,2025,2027,11,cold_start,100.0,0.9,0.2
Classical_ESN,NARMA5_Chaotic,0.013677904155750766,0.00013632373355638584,0.009966712151515525,0.5,1e-08,1,,0,2025,2034,11,cold_start,100.0,0.9,0.2
Classical_ESN,NARMA5_Chaotic,0.9652967342643141,1.731528742876175,1.793778722556057,0.5,1e-08,2,,0,2025,2030,11,cold_start,100.0,0.9,0.2
Classical_ESN,NARMA5_Chaotic,2.3317360968904643,2.21416348498996,0.949577221857441,0.5,1e-08,4,,0,2025,2029,11,cold_start,100.0,0.9,0.2
Classical_ESN,NARMA5_Chaotic,4.329713353521309,4.978926260221207,1.149943622981854,0.5,1e-08,6,,0,2025,2028,11,cold_start,100.0,0.9,0.2
Classical_ESN,NARMA5_Chaotic,1.2136748203361103,0.6678624128751254,0.550281180497895,0.5,1e-08,8,,0,2025,2026,11,cold_start,100.0,0.9,0.2
Classical_ESN,NARMA5_Chaotic,0.33420592788011616,0.5903034447952675,1.7662865782770218,0.5,1e-08,10,,0,2025,2031,11,cold_start,100.0,0.9,0.2
Classical_ESN,NARMA5_Chaotic,0.012785007990633718,7.182471155737675e-05,0.005617885542973102,0.7,1e-08,1,,0,2025,2026,11,cold_start,100.0,0.9,0.2
Classical_ESN,NARMA5_Chaotic,2.024479197023573,1.6650239605036954,0.8224455765965116,0.7,1e-08,2,,0,2025,2026,11,cold_start,100.0,0.9,0.2
Classical_ESN,NARMA5_Chaotic,1.2017049874419021,0.9214046301985683,0.7667477790534798,0.7,1e-08,4,,0,2025,2033,11,cold_start,100.0,0.9,0.2
Classical_ESN,NARMA5_Chaotic,0.2954594377461355,3.631115109825161,12.28972456430749,0.7,1e-08,6,,0,2025,2028,11,cold_start,100.0,0.9,0.2
Classical_ESN,NARMA5_Chaotic,0.3767155264220489,0.6576468046445633,1.7457385175777869,0.7,1e-08,8,,0,2025,2027,11,cold_start,100.0,0.9,0.2
Classical_ESN,NARMA5_Chaotic,0.14643996178205076,0.6322445113147875,4.317431550929851,0.7,1e-08,10,,0,2025,2028,11,cold_start,100.0,0.9,0.2
Classical_ESN,NARMA5_Chaotic,0.01269872172184721,0.00018963566157468835,0.014933444934731836,0.9,1e-08,1,,0,2025,2034,11,cold_start,100.0,0.9,0.2
Classical_ESN,NARMA5_Chaotic,1.051839158106997,1.5190801890969319,1.444213383185726,0.9,1e-08,2,,0,2025,2030,11,cold_start,100.0,0.9,0.2
Classical_ESN,NARMA5_Chaotic,0.568118720236623,0.5380675773573832,0.9471041143183533,0.9,1e-08,4,,0,2025,2033,11,cold_start,100.0,0.9,0.2
Classical_ESN,NARMA5_Chaotic,0.40429653119243014,0.44747260755992746,1.1067930912989878,0.9,1e-08,6,,0,2025,2025,11,cold_start,100.0,0.9,0.2
Classical_ESN,NARMA5_Chaotic,0.2220474227690393,0.18142574636807415,0.8170585549051049,0.9,1e-08,8,,0,2025,2027,11,cold_start,100.0,0.9,0.2
Classical_ESN,NARMA5_Chaotic,0.06861119894254948,0.09592288251255005,1.398064514116268,0.9,1e-08,10,,0,2025,2025,11,cold_start,100.0,0.9,0.2
Classical_ESN,NARMA5_Chaotic,0.06372840254099738,0.41947587853861906,6.582243737692379,0.1,1e-08,1,,0,2025,2028,11,cold_start,100.0,1.1,0.1
Classical_ESN,NARMA5_Chaotic,0.3368334757697611,0.8086748392117792,2.400814934928084,0.1,1e-08,2,,0,2025,2034,11,cold_start,100.0,1.1,0.1
Classical_ESN,NARMA5_Chaotic,0.9420792121601357,0.8202286834720184,0.8706578734406837,0.1,1e-08,4,,0,2025,2034,11,cold_start,100.0,1.1,0.1
Classical_ESN,NARMA5_Chaotic,1.937991554044581,1.479261623733189,0.7632962180077492,0.1,1e-08,6,,0,2025,2033,11,cold_start,100.0,1.1,0.1
Classical_ESN,NARMA5_Chaotic,1.078656656568542,4.046557377029141,3.7514786122047235,0.1,1e-08,8,,0,2025,2025,11,cold_start,100.0,1.1,0.1
Classical_ESN,NARMA5_Chaotic,0.4796281222008367,1.2198883305859174,2.5434045130387672,0.1,1e-08,10,,0,2025,2032,11,cold_start,100.0,1.1,0.1
Classical_ESN,NARMA5_Chaotic,0.018460017530722156,0.09075012097619493,4.916036554416251,0.3,1e-08,1,,0,2025,2028,11,cold_start,100.0,1.1,0.1
Classical_ESN,NARMA5_Chaotic,0.07186684419145553,0.2118473064432797,2.9477752756043083,0.3,1e-08,2,,0,2025,2030,11,cold_start,100.0,1.1,0.1
Classical_ESN,NARMA5_Chaotic,0.2968827511065242,0.5714432066661067,1.9248110728435948,0.3,1e-08,4,,0,2025,2027,11,cold_start,100.0,1.1,0.1
Classical_ESN,NARMA5_Chaotic,0.26651640865061177,0.31007693628700866,1.1634440740701348,0.3,1e-08,6,,0,2025,2029,11,cold_start,100.0,1.1,0.1
Classical_ESN,NARMA5_Chaotic,0.44228849991960695,0.8138289793553348,1.8400410128304518,0.3,1e-08,8,,0,2025,2034,11,cold_start,100.0,1.1,0.1
Classical_ESN,NARMA5_Chaotic,0.14926295163953182,0.14586935242412039,0.9772642897776339,0.3,1e-08,10,,0,2025,2026,11,cold_start,100.0,1.1,0.1
Classical_ESN,NARMA5_Chaotic,0.015137584862749295,0.03959037262413827,2.615369161137627,0.5,1e-08,1,,0,2025,2026,11,cold_start,100.0,1.1,0.1
Classical_ESN,NARMA5_Chaotic,0.07949939476645042,0.5185250582141244,6.522377431141746,0.5,1e-08,2,,0,2025,2030,11,cold_start,100.0,1.1,0.1
Classical_ESN,NARMA5_Chaotic,0.18572584962864858,0.17531605164048134,0.9439507316349274,0.5,1e-08,4,,0,2025,2034,11,cold_start,100.0,1.1,0.1
Classical_ESN,NARMA5_Chaotic,0.09879185586450545,0.25074728800409196,2.538137236211006,0.5,1e-08,6,,0,2025,2031,11,cold_start,100.0,1.1,0.1
Classical_ESN,NARMA5_Chaotic,0.2071892227713211,0.31800842939766555,1.5348695513407946,0.5,1e-08,8,,0,2025,2031,11,cold_start,100.0,1.1,0.1
Classical_ESN,NARMA5_Chaotic,0.07619237178392925,0.07096910531814293,0.9314463332287547,0.5,1e-08,10,,0,2025,2031,11,cold_start,100.0,1.1,0.1
Classical_ESN,NARMA5_Chaotic,0.014175117645267426,0.0016910283128589013,0.11929553991557004,0.7,1e-08,1,,0,2025,2026,11,cold_start,100.0,1.1,0.1
Classical_ESN,NARMA5_Chaotic,0.01919152945380209,0.17319819571850162,9.024720835065537,0.7,1e-08,2,,0,2025,2029,11,cold_start,100.0,1.1,0.1
Classical_ESN,NARMA5_Chaotic,0.08747139105101395,0.29840640774088567,3.411474359277685,0.7,1e-08,4,,0,2025,2031,11,cold_start,100.0,1.1,0.1
Classical_ESN,NARMA5_Chaotic,0.022382274787535655,0.059712845796678515,2.667863135606381,0.7,1e-08,6,,0,2025,2035,11,cold_start,100.0,1.1,0.1
Classical_ESN,NARMA5_Chaotic,0.05629590444654145,0.16231357598353438,2.883221747288335,0.7,1e-08,8,,0,2025,2029,11,cold_start,100.0,1.1,0.1
Classical_ESN,NARMA5_Chaotic,0.030477671651169828,0.028173600654053884,0.9244013445814682,0.7,1e-08,10,,0,2025,2030,11,cold_start,100.0,1.1,0.1
Classical_ESN,NARMA5_Chaotic,0.01380341763574098,0.001114951809139387,0.08077360538975936,0.9,1e-08,1,,0,2025,2035,11,cold_start,100.0,1.1,0.1
Classical_ESN,NARMA5_Chaotic,0.014116747556407122,0.016905591485974553,1.197555698890547,0.9,1e-08,2,,0,2025,2029,11,cold_start,100.0,1.1,0.1
Classical_ESN,NARMA5_Chaotic,0.020211850646696762,0.034414400918057926,1.7026843073215712,0.9,1e-08,4,,0,2025,2030,11,cold_start,100.0,1.1,0.1
Classical_ESN,NARMA5_Chaotic,0.018778619819184064,0.013547246742156429,0.7214186597630933,0.9,1e-08,6,,0,2025,2030,11,cold_start,100.0,1.1,0.1
Classical_ESN,NARMA5_Chaotic,0.02212674608189265,0.041525835414030196,1.8767258077776163,0.9,1e-08,8,,0,2025,2030,11,cold_start,100.0,1.1,0.1
Classical_ESN,NARMA5_Chaotic,0.014779943618969603,0.015401139602793608,1.042029658558827,0.9,1e-08,10,,0,2025,2029,11,cold_start,100.0,1.1,0.1
Classical_ESN,NARMA5_Chaotic,0.1705309869707833,0.32162219460644365,1.886004416672651,0.1,1e-08,1,,0,2025,2032,11,cold_start,100.0,1.1,0.2
Classical_ESN,NARMA5_Chaotic,0.891435917333335,1.3114486586698952,1.4711642566444905,0.1,1e-08,2,,0,2025,2028,11,cold_start,100.0,1.1,0.2
Classical_ESN,NARMA5_Chaotic,1.2818058535703276,0.9071267045118577,0.7076943064233614,0.1,1e-08,4,,0,2025,2034,11,cold_start,100.0,1.1,0.2
Classical_ESN,NARMA5_Chaotic,2.8782241518808855,2.4065019331119735,0.8361065039146979,0.1,1e-08,6,,0,2025,2025,11,cold_start,100.0,1.1,0.2
Classical_ESN,NARMA5_Chaotic,0.8366420301683176,1.0321580554784031,1.233691373681945,0.1,1e-08,8,,0,2025,2026,11,cold_start,100.0,1.1,0.2
Classical_ESN,NARMA5_Chaotic,0.6281725046126397,1.1634082254780738,1.8520521304820323,0.1,1e-08,10,,0,2025,2035,11,cold_start,100.0,1.1,0.2
Classical_ESN,NARMA5_Chaotic,0.021670116087446827,0.04602787266594205,2.1240252004282203,0.3,1e-08,1,,0,2025,2026,11,cold_start,100.0,1.1,0.2
Classical_ESN,NARMA5_Chaotic,0.21449202900084308,0.24838042056162532,1.157993710622454,0.3,1e-08,2,,0,2025,2025,11,cold_start,100.0,1.1,0.2
Classical_ESN,NARMA5_Chaotic,0.590281290510582,0.9511204825490569,1.6113004051447335,0.3,1e-08,4,,0,2025,2033,11,cold_start,100.0,1.1,0.2
Classical_ESN,NARMA5_Chaotic,0.2626567041241507,2.0248512443646187,7.709116929326603,0.3,1e-08,6,,0,2025,2033,11,cold_start,100.0,1.1,0.2
Classical_ESN,NARMA5_Chaotic,0.29408546152084275,0.3271653558089917,1.1124839497915964,0.3,1e-08,8,,0,2025,2034,11,cold_start,100.0,1.1,0.2
Classical_ESN,NARMA5_Chaotic,0.2550777178815328,0.5338964402754383,2.0930736118762003,0.3,1e-08,10,,0,2025,2026,11,cold_start,100.0,1.1,0.2
Classical_ESN,NARMA5_Chaotic,0.01656235600576767,0.012973722234929704,0.7833258885639058,0.5,1e-08,1,,0,2025,2033,11,cold_start,100.0,1.1,0.2
Classical_ESN,NARMA5_Chaotic,0.06903394828795498,0.1169361792911934,1.6938938332692235,0.5,1e-08,2,,0,2025,2026,11,cold_start,100.0,1.1,0.2
Classical_ESN,NARMA5_Chaotic,0.06805011698189214,0.5333450631598291,7.837533377080748,0.5,1e-08,4,,0,2025,2027,11,cold_start,100.0,1.1,0.2
Classical_ESN,NARMA5_Chaotic,0.2729911869698271,0.3358666234124571,1.2303203892423804,0.5,1e-08,6,,0,2025,2026,11,cold_start,100.0,1.1,0.2
Classical_ESN,NARMA5_Chaotic,0.15724490515719677,0.08518087208964675,0.541708311658759,0.5,1e-08,8,,0,2025,2033,11,cold_start,100.0,1.1,0.2
Classical_ESN,NARMA5_Chaotic,0.08860585048410863,0.09796935777506817,1.1056759484819672,0.5,1e-08,10,,0,2025,2033,11,cold_start,100.0,1.1,0.2
Classical_ESN,NARMA5_Chaotic,0.014069835550238744,0.001972142140798282,0.14016810173483638,0.7,1e-08,1,,0,2025,2029,11,cold_start,100.0,1.1,0.2
Classical_ESN,NARMA5_Chaotic,0.0462461534961308,0.09515908305822617,2.0576648188954283,0.7,1e-08,2,,0,2025,2028,11,cold_start,100.0,1.1,0.2
Classical_ESN,NARMA5_Chaotic,0.04476921217439053,0.19588016714229775,4.375332011188432,0.7,1e-08,4,,0,2025,2025,11,cold_start,100.0,1.1,0.2
Classical_ESN,NARMA5_Chaotic,0.09005459218785543,0.16049928150531562,1.7822442765662783,0.7,1e-08,6,,0,2025,2025,11,cold_start,100.0,1.1,0.2
Classical_ESN,NARMA5_Chaotic,0.05781602238362707,0.056400343764233175,0.9755140779142427,0.7,1e-08,8,,0,2025,2027,11,cold_start,100.0,1.1,0.2
Classical_ESN,NARMA5_Chaotic,0.03826220409960768,0.025286009677037515,0.6608612930716342,0.7,1e-08,10,,0,2025,2031,11,cold_start,100.0,1.1,0.2
Classical_ESN,NARMA5_Chaotic,0.013796727972861345,0.0008454108599322049,0.061276185309673284,0.9,1e-08,1,,0,2025,2028,11,cold_start,100.0,1.1,0.2
Classical_ESN,NARMA5_Chaotic,0.014961545017174624,0.010415771099958436,0.6961694857049848,0.9,1e-08,2,,0,2025,2028,11,cold_start,100.0,1.1,0.2
Classical_ESN,NARMA5_Chaotic,0.016426320694004366,0.021102332379811607,1.2846657978322555,0.9,1e-08,4,,0,2025,2030,11,cold_start,100.0,1.1,0.2
Classical_ESN,NARMA5_Chaotic,0.018971045935673867,0.02114907386749241,1.1148080047459532,0.9,1e-08,6,,0,2025,2029,11,cold_start,100.0,1.1,0.2
Classical_ESN,NARMA5_Chaotic,0.02422362268758909,0.016096044572976004,0.6644771833084557,0.9,1e-08,8,,0,2025,2030,11,cold_start,100.0,1.1,0.2
Classical_ESN,NARMA5_Chaotic,0.017539122278517658,0.01011712534707003,0.5768319067745898,0.9,1e-08,10,,0,2025,2033,11,cold_start,100.0,1.1,0.2
Classical_ESN,NARMA5_Chaotic,0.34206047947955404,4.493605625461583,13.136874602697791,0.1,1e-08,1,,0,2025,2034,11,cold_start,100.0,1.25,0.1
Classical_ESN,NARMA5_Chaotic,0.5682367381929065,3.8996210094769896,6.862669636388656,0.1,1e-08,2,,0,2025,2031,11,cold_start,100.0,1.25,0.1
Classical_ESN,NARMA5_Chaotic,0.32332876065698796,2.9261582143189635,9.050101847955485,0.1,1e-08,4,,0,2025,2031,11,cold_start,100.0,1.25,0.1
Classical_ESN,NARMA5_Chaotic,0.4219958206923042,0.4857949493543781,1.1511842666057888,0.1,1e-08,6,,0,2025,2026,11,cold_start,100.0,1.25,0.1
Classical_ESN,NARMA5_Chaotic,1.084958526367489,1.1765780886698722,1.0844452207856565,0.1,1e-08,8,,0,2025,2032,11,cold_start,100.0,1.25,0.1
Classical_ESN,NARMA5_Chaotic,0.3706325088955175,0.8996266761994377,2.4272740642215096,0.1,1e-08,10,,0,2025,2027,11,cold_start,100.0,1.25,0.1
Classical_ESN,NARMA5_Chaotic,0.025783539133791916,0.642376358267971,24.91420417246259,0.3,1e-08,1,,0,2025,2026,11,cold_start,100.0,1.25,0.1
Classical_ESN,NARMA5_Chaotic,0.023179719440636695,0.16065586698570647,6.930880565536889,0.3,1e-08,2,,0,2025,2035,11,cold_start,100.0,1.25,0.1
Classical_ESN,NARMA5_Chaotic,0.04042376578891605,1.182816165400221,29.260415063174097,0.3,1e-08,4,,0,2025,2026,11,cold_start,100.0,1.25,0.1
Classical_ESN,NARMA5_Chaotic,0.03326517653644074,0.5451462448689955,16.387895740514363,0.3,1e-08,6,,0,2025,2030,11,cold_start,100.0,1.25,0.1
Classical_ESN,NARMA5_Chaotic,0.14584871904684107,0.3548052143195195,2.4326933869441083,0.3,1e-08,8,,0,2025,2031,11,cold_start,100.0,1.25,0.1
Classical_ESN,NARMA5_Chaotic,0.16798430899605926,0.16235055098456116,0.9664625937674318,0.3,1e-08,10,,0,2025,2026,11,cold_start,100.0,1.25,0.1
Classical_ESN,NARMA5_Chaotic,0.016444364137081297,0.059438305346108174,3.614509192974965,0.5,1e-08,1,,0,2025,2034,11,cold_start,100.0,1.25,0.1
Classical_ESN,NARMA5_Chaotic,0.01698425919872036,0.8527475111627404,50.208107470886254,0.5,1e-08,2,,0,2025,2031,11,cold_start,100.0,1.25,0.1
Classical_ESN,NARMA5_Chaotic,0.020833401351252216,0.07399325996203565,3.5516648824887254,0.5,1e-08,4,,0,2025,2033,11,cold_start,100.0,1.25,0.1
Classical_ESN,NARMA5_Chaotic,0.018483566107447474,0.1375894741971867,7.443881413216499,0.5,1e-08,6,,0,2025,2027,11,cold_start,100.0,1.25,0.1
Classical_ESN,NARMA5_Chaotic,0.05619141116053305,0.28235392180795843,5.024859066117818,0.5,1e-08,8,,0,2025,2025,11,cold_start,100.0,1.25,0.1
Classical_ESN,NARMA5_Chaotic,0.08442982072113311,0.1289179942432683,1.5269248843850691,0.5,1e-08,10,,0,2025,2029,11,cold_start,100.0,1.25,0.1
Classical_ESN,NARMA5_Chaotic,0.015089370140110811,0.018647497644615957,1.2358035803659473,0.7,1e-08,1,,0,2025,2027,11,cold_start,100.0,1.25,0.1
Classical_ESN,NARMA5_Chaotic,0.0159705362697033,1.0938643395402663,68.49264928037312,0.7,1e-08,2,,0,2025,2035,11,cold_start,100.0,1.25,0.1
Classical_ESN,NARMA5_Chaotic,0.021247389009848103,0.1516981312050925,7.139612831241564,0.7,1e-08,4,,0,2025,2035,11,cold_start,100.0,1.25,0.1
Classical_ESN,NARMA5_Chaotic,0.018562400580847422,0.04542152098058199,2.4469637309437045,0.7,1e-08,6,,0,2025,2033,11,cold_start,100.0,1.25,0.1
Classical_ESN,NARMA5_Chaotic,0.02600773761428708,0.06602555038662547,2.5386887304782335,0.7,1e-08,8,,0,2025,2025,11,cold_start,100.0,1.25,0.1
Classical_ESN,NARMA5_Chaotic,0.0369281286758349,0.08622325289361746,2.3348936430142047,0.7,1e-08,10,,0,2025,2025,11,cold_start,100.0,1.25,0.1
Classical_ESN,NARMA5_Chaotic,0.014892232148426957,0.03311074072388779,2.2233564716075973,0.9,1e-08,1,,0,2025,2029,11,cold_start,100.0,1.25,0.1
Classical_ESN,NARMA5_Chaotic,0.017618072974558602,0.22303310940102486,12.659336223836515,0.9,1e-08,2,,0,2025,2035,11,cold_start,100.0,1.25,0.1
Classical_ESN,NARMA5_Chaotic,0.015873956896668418,0.038838708079889074,2.4466935580529663,0.9,1e-08,4,,0,2025,2032,11,cold_start,100.0,1.25,0.1
Classical_ESN,NARMA5_Chaotic,0.014649207047481152,0.005788281880608185,0.3951259519950226,0.9,1e-08,6,,0,2025,2035,11,cold_start,100.0,1.25,0.1
Classical_ESN,NARMA5_Chaotic,0.021004067569497457,0.04356973897831712,2.0743476869018456,0.9,1e-08,8,,0,2025,2030,11,cold_start,100.0,1.25,0.1
Classical_ESN,NARMA5_Chaotic,0.01715731108365256,0.03900674668087514,2.2734766823713226,0.9,1e-08,10,,0,2025,2029,11,cold_start,100.0,1.25,0.1
Classical_ESN,NARMA5_Chaotic,0.6621719910873776,3.818298007189521,5.766323641867349,0.1,1e-08,1,,0,2025,2032,11,cold_start,100.0,1.25,0.2
Classical_ESN,NARMA5_Chaotic,0.7862640469155195,17.117064178946013,21.77012194070876,0.1,1e-08,2,,0,2025,2035,11,cold_start,100.0,1.25,0.2
Classical_ESN,NARMA5_Chaotic,0.6733067912711916,4.613028774066742,6.851302903624993,0.1,1e-08,4,,0,2025,2032,11,cold_start,100.0,1.25,0.2
Classical_ESN,NARMA5_Chaotic,0.3457701791361109,4.900446538156259,14.172554007982335,0.1,1e-08,6,,0,2025,2026,11,cold_start,100.0,1.25,0.2
Classical_ESN,NARMA5_Chaotic,1.0202871267991196,2.785647796098145,2.7302586918227387,0.1,1e-08,8,,0,2025,2032,11,cold_start,100.0,1.25,0.2
Classical_ESN,NARMA5_Chaotic,1.1446652785134057,0.798469716087789,0.6975573829973893,0.1,1e-08,10,,0,2025,2034,11,cold_start,100.0,1.25,0.2
Classical_ESN,NARMA5_Chaotic,0.020613848328573357,0.22167777185915777,10.75382763692332,0.3,1e-08,1,,0,2025,2034,11,cold_start,100.0,1.25,0.2
Classical_ESN,NARMA5_Chaotic,0.028619540765134226,0.5234595414715469,18.29028445170762,0.3,1e-08,2,,0,2025,2034,11,cold_start,100.0,1.25,0.2
Classical_ESN,NARMA5_Chaotic,0.3072417284966019,1.071362382469669,3.4870340943337004,0.3,1e-08,4,,0,2025,2027,11,cold_start,100.0,1.25,0.2
Classical_ESN,NARMA5_Chaotic,0.04217265887246224,0.7188737096232942,17.045966008387058,0.3,1e-08,6,,0,2025,2035,11,cold_start,100.0,1.25,0.2
Classical_ESN,NARMA5_Chaotic,0.22065887142043233,0.7374059395197788,3.341836812510305,0.3,1e-08,8,,0,2025,2033,11,cold_start,100.0,1.25,0.2
Classical_ESN,NARMA5_Chaotic,0.18879935290828218,0.1919352145306213,1.0166094934862542,0.3,1e-08,10,,0,2025,2026,11,cold_start,100.0,1.25,0.2
Classical_ESN,NARMA5_Chaotic,0.01675760734639268,0.02523490090967182,1.5058773241338659,0.5,1e-08,1,,0,2025,2034,11,cold_start,100.0,1.25,0.2
Classical_ESN,NARMA5_Chaotic,0.016158888139538866,2.820291721157672,174.53501112225385,0.5,1e-08,2,,0,2025,2031,11,cold_start,100.0,1.25,0.2
Classical_ESN,NARMA5_Chaotic,0.038396659051872804,0.33241628239451165,8.657427250257024,0.5,1e-08,4,,0,2025,2027,11,cold_start,100.0,1.25,0.2
Classical_ESN,NARMA5_Chaotic,0.03343410977920055,1.0232130403899242,30.60386674408983,0.5,1e-08,6,,0,2025,2027,11,cold_start,100.0,1.25,0.2
Classical_ESN,NARMA5_Chaotic,0.10172986492014924,0.2669224636140905,2.6238358207160286,0.5,1e-08,8,,0,2025,2026,11,cold_start,100.0,1.25,0.2
Classical_ESN,NARMA5_Chaotic,0.0732799968636557,0.10798882242607617,1.4736466573135845,0.5,1e-08,10,,0,2025,2029,11,cold_start,100.0,1.25,0.2
Classical_ESN,NARMA5_Chaotic,0.015503921092546256,0.004855536949638394,0.313181221747366,0.7,1e-08,1,,0,2025,2030,11,cold_start,100.0,1.25,0.2
Classical_ESN,NARMA5_Chaotic,0.01554770405175047,0.2852291298497673,18.345418005152613,0.7,1e-08,2,,0,2025,2035,11,cold_start,100.0,1.25,0.2
Classical_ESN,NARMA5_Chaotic,0.032108856929057954,0.4084648496730409,12.72125166509392,0.7,1e-08,4,,0,2025,2027,11,cold_start,100.0,1.25,0.2
Classical_ESN,NARMA5_Chaotic,0.01932252982740425,0.0928295316192202,4.804212101024389,0.7,1e-08,6,,0,2025,2032,11,cold_start,100.0,1.25,0.2
Classical_ESN,NARMA5_Chaotic,0.025619686014744996,0.0579186534325921,2.260708948550656,0.7,1e-08,8,,0,2025,2027,11,cold_start,100.0,1.25,0.2
Classical_ESN,NARMA5_Chaotic,0.040469221626010514,0.04666974498231217,1.1532157799723144,0.7,1e-08,10,,0,2025,2029,11,cold_start,100.0,1.25,0.2
Classical_ESN,NARMA5_Chaotic,0.016258655747279388,0.023823755314663495,1.4652967431609467,0.9,1e-08,1,,0,2025,2030,11,cold_start,100.0,1.25,0.2
Classical_ESN,NARMA5_Chaotic,0.015776161584123906,0.023795315273311333,1.5083082881996706,0.9,1e-08,2,,0,2025,2030,11,cold_start,100.0,1.25,0.2
Classical_ESN,NARMA5_Chaotic,0.01557115057245349,0.03748205886648013,2.4071476730042445,0.9,1e-08,4,,0,2025,2035,11,cold_start,100.0,1.25,0.2
Classical_ESN,NARMA5_Chaotic,0.01552189510850135,0.042520847524069046,2.739410827533576,0.9,1e-08,6,,0,2025,2025,11,cold_start,100.0,1.25,0.2
Classical_ESN,NARMA5_Chaotic,0.020310036597590665,0.031898474849163305,1.5705769261364773,0.9,1e-08,8,,0,2025,2027,11,cold_start,100.0,1.25,0.2
Classical_ESN,NARMA5_Chaotic,0.020254542325705092,0.007810283931767586,0.385606537347207,0.9,1e-08,10,,0,2025,2033,11,cold_start,100.0,1.25,0.2
Classical_ESN,NARMA5_Chaotic,0.018466083505575437,0.001777346428609743,0.0962492359613294,0.1,1e-08,1,,0,2025,2034,11,cold_start,150.0,0.9,0.1
Classical_ESN,NARMA5_Chaotic,0.3818940775511236,0.4043567781993132,1.0588191908924867,0.1,1e-08,2,,0,2025,2030,11,cold_start,150.0,0.9,0.1
Classical_ESN,NARMA5_Chaotic,1.8211452351861352,1.7411468015251361,0.9560724580800264,0.1,1e-08,4,,0,2025,2031,11,cold_start,150.0,0.9,0.1
Classical_ESN,NARMA5_Chaotic,8.896427610316257,19.637634264280674,2.207361777609359,0.1,1e-08,6,,0,2025,2029,11,cold_start,150.0,0.9,0.1
Classical_ESN,NARMA5_Chaotic,6.283799440073708,10.894170092399252,1.7336915661126613,0.1,1e-08,8,,0,2025,2033,11,cold_start,150.0,0.9,0.1
Classical_ESN,NARMA5_Chaotic,5.776667137683353,6.313381674711934,1.0929107605192259,0.1,1e-08,10,,0,2025,2031,11,cold_start,150.0,0.9,0.1
Classical_ESN,NARMA5_Chaotic,0.014618855928767502,0.00014813831861823436,0.010133372908253547,0.3,1e-08,1,,0,2025,2031,11,cold_start,150.0,0.9,0.1
Classical_ESN,NARMA5_Chaotic,0.7882025153934192,0.9466580784983865,1.2010340743785581,0.3,1e-08,2,,0,2025,2027,11,cold_start,150.0,0.9,0.1
Classical_ESN,NARMA5_Chaotic,4.816033045791084,3.158037631446499,0.6557342114183434,0.3,1e-08,4,,0,2025,2027,11,cold_start,150.0,0.9,0.1
Classical_ESN,NARMA5_Chaotic,8.684472815833887,6.864422675214299,0.7904247984631608,0.3,1e-08,6,,0,2025,2027,11,cold_start,150.0,0.9,0.1
Classical_ESN,NARMA5_Chaotic,2.9793995398150583,11.060935921204855,3.71247151427413,0.3,1e-08,8,,0,2025,2034,11,cold_start,150.0,0.9,0.1
Classical_ESN,NARMA5_Chaotic,2.0870168070518753,3.9968460820163654,1.915100093353977,0.3,1e-08,10,,0,2025,2028,11,cold_start,150.0,0.9,0.1
Classical_ESN,NARMA5_Chaotic,0.013504644823876248,0.00010137158555735348,0.0075064236697382995,0.5,1e-08,1,,0,2025,2034,11,cold_start,150.0,0.9,0.1
Classical_ESN,NARMA5_Chaotic,1.4404179369150245,1.9345177364994461,1.3430253032273718,0.5,1e-08,2,,0,2025,2034,11,cold_start,150.0,0.9,0.1
Classical_ESN,NARMA5_Chaotic,3.2340595787528574,3.389444008603277,1.0480462483966793,0.5,1e-08,4,,0,2025,2034,11,cold_start,150.0,0.9,0.1
Classical_ESN,NARMA5_Chaotic,11.425584197160772,8.087409845709438,0.7078333769330708,0.5,1e-08,6,,0,2025,2027,11,cold_start,150.0,0.9,0.1
Classical_ESN,NARMA5_Chaotic,2.6504319575713025,3.086381463044844,1.164482436241457,0.5,1e-08,8,,0,2025,2029,11,cold_start,150.0,0.9,0.1
Classical_ESN,NARMA5_Chaotic,1.4238818014953696,3.463349321623251,2.4323292270369774,0.5,1e-08,10,,0,2025,2028,11,cold_start,150.0,0.9,0.1
Classical_ESN,NARMA5_Chaotic,0.012725587554243164,0.00012240022896039195,0.009618434389662374,0.7,1e-08,1,,0,2025,2029,11,cold_start,150.0,0.9,0.1
Classical_ESN,NARMA5_Chaotic,2.0851655323532032,2.2166637033655125,1.063063660401056,0.7,1e-08,2,,0,2025,2033,11,cold_start,150.0,0.9,0.1
Classical_ESN,NARMA5_Chaotic,2.7885629638852714,4.08119771651218,1.4635487056838394,0.7,1e-08,4,,0,2025,2034,11,cold_start,150.0,0.9,0.1
Classical_ESN,NARMA5_Chaotic,3.29381198773325,4.710600765225036,1.4301365052917903,0.7,1e-08,6,,0,2025,2029,11,cold_start,150.0,0.9,0.1
Classical_ESN,NARMA5_Chaotic,2.836776875254416,1.461760264384806,0.5152891216563192,0.7,1e-08,8,,0,2025,2034,11,cold_start,150.0,0.9,0.1
Classical_ESN,NARMA5_Chaotic,0.625953290327573,0.9890730464907044,1.5801067935486115,0.7,1e-08,10,,0,2025,2034,11,cold_start,150.0,0.9,0.1
Classical_ESN,NARMA5_Chaotic,0.012763157243575062,0.0001829721307420193,0.014335961490572952,0.9,1e-08,1,,0,2025,2029,11,cold_start,150.0,0.9,0.1
Classical_ESN,NARMA5_Chaotic,2.940052172382077,2.072293861851861,0.7048493497218642,0.9,1e-08,2,,0,2025,2034,11,cold_start,150.0,0.9,0.1
Classical_ESN,NARMA5_Chaotic,0.9049926610205943,2.178737836192121,2.4074646458846156,0.9,1e-08,4,,0,2025,2034,11,cold_start,150.0,0.9,0.1
Classical_ESN,NARMA5_Chaotic,1.695913090265076,1.669462339927641,0.9844032394765578,0.9,1e-08,6,,0,2025,2035,11,cold_start,150.0,0.9,0.1
Classical_ESN,NARMA5_Chaotic,0.3567921527142842,0.2373631686603039,0.6652701491738864,0.9,1e-08,8,,0,2025,2030,11,cold_start,150.0,0.9,0.1
Classical_ESN,NARMA5_Chaotic,0.25590305081052156,0.22439038993512042,0.8768570332569654,0.9,1e-08,10,,0,2025,2033,11,cold_start,150.0,0.9,0.1
Classical_ESN,NARMA5_Chaotic,0.018624699280741057,0.0013616338997128454,0.07310904080587483,0.1,1e-08,1,,0,2025,2031,11,cold_start,150.0,0.9,0.2
Classical_ESN,NARMA5_Chaotic,0.4214471953488707,0.5000930906014311,1.186609131868722,0.1,1e-08,2,,0,2025,2035,11,cold_start,150.0,0.9,0.2
Classical_ESN,NARMA5_Chaotic,3.1823640931147588,3.54228305766287,1.1130979843968256,0.1,1e-08,4,,0,2025,2032,11,cold_start,150.0,0.9,0.2
Classical_ESN,NARMA5_Chaotic,13.24354000682029,26.910647055062537,2.031982917045127,0.1,1e-08,6,,0,2025,2034,11,cold_start,150.0,0.9,0.2
Classical_ESN,NARMA5_Chaotic,8.040030017588544,5.713217808642115,0.7105965768963246,0.1,1e-08,8,,0,2025,2028,11,cold_start,150.0,0.9,0.2
Classical_ESN,NARMA5_Chaotic,8.38980609979327,15.92163650228171,1.8977359324995637,0.1,1e-08,10,,0,2025,2026,11,cold_start,150.0,0.9,0.2
Classical_ESN,NARMA5_Chaotic,0.014673753223908693,0.0008171301421385285,0.0556865124872849,0.3,1e-08,1,,0,2025,2032,11,cold_start,150.0,0.9,0.2
Classical_ESN,NARMA5_Chaotic,1.0785208928561907,1.2771453071942211,1.1841637150041886,0.3,1e-08,2,,0,2025,2028,11,cold_start,150.0,0.9,0.2
Classical_ESN,NARMA5_Chaotic,4.374130307503909,8.345956514539324,1.9080264939116394,0.3,1e-08,4,,0,2025,2032,11,cold_start,150.0,0.9,0.2
Classical_ESN,NARMA5_Chaotic,5.06084861783806,9.256710918851082,1.8290827522925295,0.3,1e-08,6,,0,2025,2027,11,cold_start,150.0,0.9,0.2
Classical_ESN,NARMA5_Chaotic,3.9257701622961347,2.428834900847551,0.6186900405363913,0.3,1e-08,8,,0,2025,2031,11,cold_start,150.0,0.9,0.2
Classical_ESN,NARMA5_Chaotic,4.284698436758206,6.205649950793927,1.448328287833743,0.3,1e-08,10,,0,2025,2028,11,cold_start,150.0,0.9,0.2
Classical_ESN,NARMA5_Chaotic,0.01360511912641876,0.00011030288333280328,0.008107454430047172,0.5,1e-08,1,,0,2025,2035,11,cold_start,150.0,0.9,0.2
Classical_ESN,NARMA5_Chaotic,1.688956816998036,3.980053685400305,2.3565159543122487,0.5,1e-08,2,,0,2025,2030,11,cold_start,150.0,0.9,0.2
Classical_ESN,NARMA5_Chaotic,8.207606423544727,6.823323513231199,0.8313414607281231,0.5,1e-08,4,,0,2025,2029,11,cold_start,150.0,0.9,0.2
Classical_ESN,NARMA5_Chaotic,7.516365774830284,7.149338111664406,0.9511695313718065,0.5,1e-08,6,,0,2025,2034,11,cold_start,150.0,0.9,0.2
Classical_ESN,NARMA5_Chaotic,2.39679064858686,2.849840812902506,1.1890236698740306,0.5,1e-08,8,,0,2025,2035,11,cold_start,150.0,0.9,0.2
Classical_ESN,NARMA5_Chaotic,1.1567236483328986,3.3117344756895175,2.8630299730298403,0.5,1e-08,10,,0,2025,2030,11,cold_start,150.0,0.9,0.2
Classical_ESN,NARMA5_Chaotic,0.012783920224173701,9.903801345557296e-05,0.007747076930932143,0.7,1e-08,1,,0,2025,2030,11,cold_start,150.0,0.9,0.2
Classical_ESN,NARMA5_Chaotic,2.5577467981649864,2.652971050086489,1.0372297414231229,0.7,1e-08,2,,0,2025,2028,11,cold_start,150.0,0.9,0.2
Classical_ESN,NARMA5_Chaotic,2.7888342384661677,2.703779104992264,0.9695015457352234,0.7,1e-08,4,,0,2025,2031,11,cold_start,150.0,0.9,0.2
Classical_ESN,NARMA5_Chaotic,7.779506999240595,3.5205674094904524,0.4525437678549703,0.7,1e-08,6,,0,2025,2034,11,cold_start,150.0,0.9,0.2
Classical_ESN,NARMA5_Chaotic,1.7011155272948368,1.611927622611339,0.9475709302205201,0.7,1e-08,8,,0,2025,2029,11,cold_start,150.0,0.9,0.2
Classical_ESN,NARMA5_Chaotic,0.8886376806281833,1.553113661194244,1.7477467983310573,0.7,1e-08,10,,0,2025,2034,11,cold_start,150.0,0.9,0.2
Classical_ESN,NARMA5_Chaotic,0.012853277370445374,0.00024502098371142453,0.01906291886883434,0.9,1e-08,1,,0,2025,2033,11,cold_start,150.0,0.9,0.2
Classical_ESN,NARMA5_Chaotic,2.011836932181944,2.1233525025078994,1.055429726207984,0.9,1e-08,2,,0,2025,2030,11,cold_start,150.0,0.9,0.2
Classical_ESN,NARMA5_Chaotic,2.1498099539627895,3.1802044492309456,1.479295620233225,0.9,1e-08,4,,0,2025,2025,11,cold_start,150.0,0.9,0.2
Classical_ESN,NARMA5_Chaotic,1.4123495515078617,3.9525273911112353,2.7985475599092395,0.9,1e-08,6,,0,2025,2032,11,cold_start,150.0,0.9,0.2
Classical_ESN,NARMA5_Chaotic,0.41277274490881166,0.5980932734362985,1.4489650317596119,0.9,1e-08,8,,0,2025,2032,11,cold_start,150.0,0.9,0.2
Classical_ESN,NARMA5_Chaotic,0.17258444680157456,0.22908149058237973,1.3273588369510578,0.9,1e-08,10,,0,2025,2033,11,cold_start,150.0,0.9,0.2
Classical_ESN,NARMA5_Chaotic,0.5491459999603793,5.352555785030289,9.747054126619286,0.1,1e-08,1,,0,2025,2031,11,cold_start,150.0,1.1,0.1
Classical_ESN,NARMA5_Chaotic,3.4567491513385367,4.900856712387474,1.4177646389208611,0.1,1e-08,2,,0,2025,2031,11,cold_start,150.0,1.1,0.1
Classical_ESN,NARMA5_Chaotic,5.247175771341793,6.898634907679001,1.3147329550797384,0.1,1e-08,4,,0,2025,2033,11,cold_start,150.0,1.1,0.1
Classical_ESN,NARMA5_Chaotic,5.563212004022977,9.590820345143653,1.723971751967776,0.1,1e-08,6,,0,2025,2028,11,cold_start,150.0,1.1,0.1
Classical_ESN,NARMA5_Chaotic,9.638759416060113,5.962084685117774,0.6185531174461872,0.1,1e-08,8,,0,2025,2027,11,cold_start,150.0,1.1,0.1
Classical_ESN,NARMA5_Chaotic,3.449648198108797,1.7767676945598028,0.5150576500913575,0.1,1e-08,10,,0,2025,2030,11,cold_start,150.0,1.1,0.1
Classical_ESN,NARMA5_Chaotic,0.033036932063713643,0.44493991924352394,13.467955147452296,0.3,1e-08,1,,0,2025,2026,11,cold_start,150.0,1.1,0.1
Classical_ESN,NARMA5_Chaotic,0.46010841495422494,1.223571720793682,2.6593117644140722,0.3,1e-08,2,,0,2025,2031,11,cold_start,150.0,1.1,0.1
Classical_ESN,NARMA5_Chaotic,0.9542395113683166,1.6700175529936152,1.750103127252528,0.3,1e-08,4,,0,2025,2029,11,cold_start,150.0,1.1,0.1
Classical_ESN,NARMA5_Chaotic,1.4051611552426109,1.3109556948858514,0.9329575401331854,0.3,1e-08,6,,0,2025,2028,11,cold_start,150.0,1.1,0.1
Classical_ESN,NARMA5_Chaotic,0.37113048698688755,1.4561092866007448,3.9234429335690515,0.3,1e-08,8,,0,2025,2031,11,cold_start,150.0,1.1,0.1
Classical_ESN,NARMA5_Chaotic,0.4387976125744375,0.8997572004382169,2.0505061437306304,0.3,1e-08,10,,0,2025,2026,11,cold_start,150.0,1.1,0.1
Classical_ESN,NARMA5_Chaotic,0.019247902858688562,0.18693856734507744,9.712152472792265,0.5,1e-08,1,,0,2025,2029,11,cold_start,150.0,1.1,0.1
Classical_ESN,NARMA5_Chaotic,0.09360343864274921,1.0879387190786487,11.62284991720145,0.5,1e-08,2,,0,2025,2030,11,cold_start,150.0,1.1,0.1
Classical_ESN,NARMA5_Chaotic,0.3302500540244671,0.2747505098215334,0.8319469034853755,0.5,1e-08,4,,0,2025,2026,11,cold_start,150.0,1.1,0.1
Classical_ESN,NARMA5_Chaotic,0.3424420322327134,0.9348848868216353,2.7300529690418243,0.5,1e-08,6,,0,2025,2026,11,cold_start,150.0,1.1,0.1
Classical_ESN,NARMA5_Chaotic,0.1704996054022015,0.14314297531403833,0.8395501853295788,0.5,1e-08,8,,0,2025,2035,11,cold_start,150.0,1.1,0.1
Classical_ESN,NARMA5_Chaotic,0.12935219081426266,0.7695930464134154,5.949594216911851,0.5,1e-08,10,,0,2025,2026,11,cold_start,150.0,1.1,0.1
Classical_ESN,NARMA5_Chaotic,0.015344391786908301,0.050567166830141126,3.295481993185587,0.7,1e-08,1,,0,2025,2026,11,cold_start,150.0,1.1,0.1
Classical_ESN,NARMA5_Chaotic,0.053430392571724314,0.36361639089530196,6.805422408364073,0.7,1e-08,2,,0,2025,2030,11,cold_start,150.0,1.1,0.1
Classical_ESN,NARMA5_Chaotic,0.1321425258702286,0.10382327360530284,0.7856916077664744,0.7,1e-08,4,,0,2025,2030,11,cold_start,150.0,1.1,0.1
Classical_ESN,NARMA5_Chaotic,0.09384939942997975,0.16963773113487013,1.8075526552669676,0.7,1e-08,6,,0,2025,2029,11,cold_start,150.0,1.1,0.1
Classical_ESN,NARMA5_Chaotic,0.07366258363803413,0.10512004399977184,1.4270480182491905,0.7,1e-08,8,,0,2025,2032,11,cold_start,150.0,1.1,0.1
Classical_ESN,NARMA5_Chaotic,0.06523345097931708,0.2149644967108648,3.2953108180497983,0.7,1e-08,10,,0,2025,2034,11,cold_start,150.0,1.1,0.1
Classical_ESN,NARMA5_Chaotic,0.015482462460806149,0.01121173177215866,0.7241568839931735,0.9,1e-08,1,,0,2025,2032,11,cold_start,150.0,1.1,0.1
Classical_ESN,NARMA5_Chaotic,0.01753977901571092,0.04796910772164402,2.734875261465758,0.9,1e-08,2,,0,2025,2032,11,cold_start,150.0,1.1,0.1
Classical_ESN,NARMA5_Chaotic,0.029489907850825336,0.09580351580844122,3.2486882052349295,0.9,1e-08,4,,0,2025,2029,11,cold_start,150.0,1.1,0.1
Classical_ESN,NARMA5_Chaotic,0.023408867060004508,0.01881688720515418,0.8038358779568615,0.9,1e-08,6,,0,2025,2025,11,cold_start,150.0,1.1,0.1
Classical_ESN,NARMA5_Chaotic,0.018898803371351008,0.03844555751737811,2.034285280498676,0.9,1e-08,8,,0,2025,2032,11,cold_start,150.0,1.1,0.1
Classical_ESN,NARMA5_Chaotic,0.020983927779874328,0.021696129989469695,1.0339403669830793,0.9,1e-08,10,,0,2025,2029,11,cold_start,150.0,1.1,0.1
Classical_ESN,NARMA5_Chaotic,0.9993042476001084,2.0780350104692333,2.0794818149325036,0.1,1e-08,1,,0,2025,2025,11,cold_start,150.0,1.1,0.2
Classical_ESN,NARMA5_Chaotic,3.4046496790513663,8.29621989846042,2.4367323162516934,0.1,1e-08,2,,0,2025,2026,11,cold_start,150.0,1.1,0.2
Classical_ESN,NARMA5_Chaotic,4.673172682717093,10.089788235719995,2.159087395386715,0.1,1e-08,4,,0,2025,2030,11,cold_start,150.0,1.1,0.2
Classical_ESN,NARMA5_Chaotic,8.6746197349756,10.141853025834543,1.1691409347827821,0.1,1e-08,6,,0,2025,2026,11,cold_start,150.0,1.1,0.2
Classical_ESN,NARMA5_Chaotic,8.221463502000432,7.515636084738213,0.9141482027998447,0.1,1e-08,8,,0,2025,2029,11,cold_start,150.0,1.1,0.2
Classical_ESN,NARMA5_Chaotic,6.157382967088965,12.646597305042876,2.0538916245162233,0.1,1e-08,10,,0,2025,2033,11,cold_start,150.0,1.1,0.2
Classical_ESN,NARMA5_Chaotic,0.06955629735618439,0.6165481091006078,8.864015661204387,0.3,1e-08,1,,0,2025,2032,11,cold_start,150.0,1.1,0.2
Classical_ESN,NARMA5_Chaotic,0.6407099517998208,0.48688868003788605,0.7599205828942802,0.3,1e-08,2,,0,2025,2032,11,cold_start,150.0,1.1,0.2
Classical_ESN,NARMA5_Chaotic,0.5541627145798651,1.5091414244962418,2.7232821422141105,0.3,1e-08,4,,0,2025,2026,11,cold_start,150.0,1.1,0.2
Classical_ESN,NARMA5_Chaotic,0.5523807068658203,1.2563930956089038,2.2745057529934627,0.3,1e-08,6,,0,2025,2031,11,cold_start,150.0,1.1,0.2
Classical_ESN,NARMA5_Chaotic,0.5538552413506675,3.842570489293529,6.937860658179899,0.3,1e-08,8,,0,2025,2028,11,cold_start,150.0,1.1,0.2
Classical_ESN,NARMA5_Chaotic,0.4401466892244514,1.1296397867058428,2.56650751751943,0.3,1e-08,10,,0,2025,2030,11,cold_start,150.0,1.1,0.2
Classical_ESN,NARMA5_Chaotic,0.02050201215832488,0.048344475121598215,2.3580356283208936,0.5,1e-08,1,,0,2025,2032,11,cold_start,150.0,1.1,0.2
Classical_ESN,NARMA5_Chaotic,0.3471395453610452,0.48351249044300887,1.3928476225321087,0.5,1e-08,2,,0,2025,2027,11,cold_start,150.0,1.1,0.2
Classical_ESN,NARMA5_Chaotic,0.035477262184801114,1.1789232970661314,33.23039108613055,0.5,1e-08,4,,0,2025,2033,11,cold_start,150.0,1.1,0.2
Classical_ESN,NARMA5_Chaotic,0.13568592793490472,2.1758632904728503,16.03602763815508,0.5,1e-08,6,,0,2025,2030,11,cold_start,150.0,1.1,0.2
Classical_ESN,NARMA5_Chaotic,0.235499991976437,0.38444049632900706,1.6324437767601807,0.5,1e-08,8,,0,2025,2033,11,cold_start,150.0,1.1,0.2
Classical_ESN,NARMA5_Chaotic,0.28730162986954627,0.2648084147244815,0.9217087102663561,0.5,1e-08,10,,0,2025,2029,11,cold_start,150.0,1.1,0.2
Classical_ESN,NARMA5_Chaotic,0.014497253938096486,0.009947850306261614,0.6861885946634514,0.7,1e-08,1,,0,2025,2029,11,cold_start,150.0,1.1,0.2
Classical_ESN,NARMA5_Chaotic,0.09840575594609659,0.4820728853792581,4.898828129965503,0.7,1e-08,2,,0,2025,2035,11,cold_start,150.0,1.1,0.2
Classical_ESN,NARMA5_Chaotic,0.03091771651748921,0.4924038337472103,15.926267823455605,0.7,1e-08,4,,0,2025,2034,11,cold_start,150.0,1.1,0.2
Classical_ESN,NARMA5_Chaotic,0.08866119258169063,0.47701447258947094,5.38019463419646,0.7,1e-08,6,,0,2025,2028,11,cold_start,150.0,1.1,0.2
Classical_ESN,NARMA5_Chaotic,0.1492777914112181,0.26805794555042756,1.7956987641383553,0.7,1e-08,8,,0,2025,2031,11,cold_start,150.0,1.1,0.2
Classical_ESN,NARMA5_Chaotic,0.06601724122703578,0.1379120679067527,2.0890310673914394,0.7,1e-08,10,,0,2025,2031,11,cold_start,150.0,1.1,0.2
Classical_ESN,NARMA5_Chaotic,0.014087115558680825,0.0034439203897008376,0.24447307011538,0.9,1e-08,1,,0,2025,2026,11,cold_start,150.0,1.1,0.2
Classical_ESN,NARMA5_Chaotic,0.03560577415623155,0.038113511959078104,1.070430649586302,0.9,1e-08,2,,0,2025,2031,11,cold_start,150.0,1.1,0.2
Classical_ESN,NARMA5_Chaotic,0.016715619227806084,0.1273670578263874,7.619643406001673,0.9,1e-08,4,,0,2025,2025,11,cold_start,150.0,1.1,0.2
Classical_ESN,NARMA5_Chaotic,0.01879954256552749,0.048600490410094094,2.5851953706156805,0.9,1e-08,6,,0,2025,2026,11,cold_start,150.0,1.1,0.2
Classical_ESN,NARMA5_Chaotic,0.019383761792375664,0.04771920301644547,2.4618133222837666,0.9,1e-08,8,,0,2025,2027,11,cold_start,150.0,1.1,0.2
Classical_ESN,NARMA5_Chaotic,0.022118726257358043,0.008420866909587245,0.3807121084463871,0.9,1e-08,10,,0,2025,2029,11,cold_start,150.0,1.1,0.2
Classical_ESN,NARMA5_Chaotic,22.02155456568247,73.62430613649519,3.3432837775780113,0.1,1e-08,1,,0,2025,2030,11,cold_start,150.0,1.25,0.1
Classical_ESN,NARMA5_Chaotic,9.785826560536286,42.10275096047683,4.302421537927758,0.1,1e-08,2,,0,2025,2030,11,cold_start,150.0,1.25,0.1
Classical_ESN,NARMA5_Chaotic,9.362138652148792,22.574401563510186,2.411244097344032,0.1,1e-08,4,,0,2025,2034,11,cold_start,150.0,1.25,0.1
Classical_ESN,NARMA5_Chaotic,9.971202387442753,8.355814508770111,0.8379946754759503,0.1,1e-08,6,,0,2025,2026,11,cold_start,150.0,1.25,0.1
Classical_ESN,NARMA5_Chaotic,3.3799001795707677,7.7320494722617035,2.287656161858496,0.1,1e-08,8,,0,2025,2031,11,cold_start,150.0,1.25,0.1
Classical_ESN,NARMA5_Chaotic,2.1896844588826734,2.2734720258911087,1.0382646762955012,0.1,1e-08,10,,0,2025,2033,11,cold_start,150.0,1.25,0.1
Classical_ESN,NARMA5_Chaotic,0.2371842176906097,1.3914209561722362,5.866414594192131,0.3,1e-08,1,,0,2025,2029,11,cold_start,150.0,1.25,0.1
Classical_ESN,NARMA5_Chaotic,0.055167305240210934,3.0475726138717723,55.24236865661557,0.3,1e-08,2,,0,2025,2034,11,cold_start,150.0,1.25,0.1
Classical_ESN,NARMA5_Chaotic,0.8895216800705762,2.1921657232837264,2.464432033977852,0.3,1e-08,4,,0,2025,2028,11,cold_start,150.0,1.25,0.1
Classical_ESN,NARMA5_Chaotic,0.3785407717660651,1.7436361984120512,4.606204479050418,0.3,1e-08,6,,0,2025,2029,11,cold_start,150.0,1.25,0.1
Classical_ESN,NARMA5_Chaotic,0.06178084051291277,0.5701476426916701,9.228551084093844,0.3,1e-08,8,,0,2025,2035,11,cold_start,150.0,1.25,0.1
Classical_ESN,NARMA5_Chaotic,0.16749152687777405,0.4324236502696625,2.581764333578624,0.3,1e-08,10,,0,2025,2025,11,cold_start,150.0,1.25,0.1
Classical_ESN,NARMA5_Chaotic,0.03381175599321558,0.714514708622842,21.13213844220961,0.5,1e-08,1,,0,2025,2027,11,cold_start,150.0,1.25,0.1
Classical_ESN,NARMA5_Chaotic,0.027019420605167616,0.46222702049042297,17.107214371651605,0.5,1e-08,2,,0,2025,2034,11,cold_start,150.0,1.25,0.1
Classical_ESN,NARMA5_Chaotic,0.1304343481847439,0.8787786779193932,6.7373256366084915,0.5,1e-08,4,,0,2025,2026,11,cold_start,150.0,1.25,0.1
Classical_ESN,NARMA5_Chaotic,0.21325523395415003,1.3007260278043802,6.099386184744413,0.5,1e-08,6,,0,2025,2025,11,cold_start,150.0,1.25,0.1
Classical_ESN,NARMA5_Chaotic,0.019933080471760355,0.41650919829421035,20.89537534774358,0.5,1e-08,8,,0,2025,2028,11,cold_start,150.0,1.25,0.1
Classical_ESN,NARMA5_Chaotic,0.050747647431862566,0.24885145138938372,4.903704190889036,0.5,1e-08,10,,0,2025,2029,11,cold_start,150.0,1.25,0.1
Classical_ESN,NARMA5_Chaotic,0.02002791908724794,0.22797278855928524,11.382749628963637,0.7,1e-08,1,,0,2025,2034,11,cold_start,150.0,1.25,0.1
Classical_ESN,NARMA5_Chaotic,0.01747823973033808,0.07312590330516618,4.183825398517503,0.7,1e-08,2,,0,2025,2032,11,cold_start,150.0,1.25,0.1
Classical_ESN,NARMA5_Chaotic,0.020582687516198305,0.20068639177727332,9.750252080508718,0.7,1e-08,4,,0,2025,2027,11,cold_start,150.0,1.25,0.1
Classical_ESN,NARMA5_Chaotic,0.0670810003960949,0.26409180713462893,3.936909192994131,0.7,1e-08,6,,0,2025,2026,11,cold_start,150.0,1.25,0.1
Classical_ESN,NARMA5_Chaotic,0.015882970069016133,0.09451782946940661,5.95089136721275,0.7,1e-08,8,,0,2025,2026,11,cold_start,150.0,1.25,0.1
Classical_ESN,NARMA5_Chaotic,0.024263294897898514,0.11541963284469253,4.756964514934418,0.7,1e-08,10,,0,2025,2029,11,cold_start,150.0,1.25,0.1
Classical_ESN,NARMA5_Chaotic,0.01711580767021431,0.146404729605008,8.55377277110843,0.9,1e-08,1,,0,2025,2035,11,cold_start,150.0,1.25,0.1
Classical_ESN,NARMA5_Chaotic,0.015459398077638098,0.04555898924249117,2.947009257002826,0.9,1e-08,2,,0,2025,2030,11,cold_start,150.0,1.25,0.1
Classical_ESN,NARMA5_Chaotic,0.017431144860772487,0.0797668387110739,4.576110137813341,0.9,1e-08,4,,0,2025,2035,11,cold_start,150.0,1.25,0.1
Classical_ESN,NARMA5_Chaotic,0.019219312016581697,4.113023354778695,214.00471313594025,0.9,1e-08,6,,0,2025,2026,11,cold_start,150.0,1.25,0.1
Classical_ESN,NARMA5_Chaotic,0.015280992171853146,0.012228714977273247,0.8002566089784374,0.9,1e-08,8,,0,2025,2028,11,cold_start,150.0,1.25,0.1
Classical_ESN,NARMA5_Chaotic,0.01997135260924892,0.037115438995616055,1.85843391390664,0.9,1e-08,10,,0,2025,2034,11,cold_start,150.0,1.25,0.1
Classical_ESN,NARMA5_Chaotic,18.55718523164089,30.95841452133922,1.6682710300565216,0.1,1e-08,1,,0,2025,2026,11,cold_start,150.0,1.25,0.2
Classical_ESN,NARMA5_Chaotic,25.932793660492724,176.11340560796168,6.791146681441475,0.1,1e-08,2,,0,2025,2032,11,cold_start,150.0,1.25,0.2
Classical_ESN,NARMA5_Chaotic,3.7329761582496825,30.637952669433833,8.207379680613698,0.1,1e-08,4,,0,2025,2025,11,cold_start,150.0,1.25,0.2
Classical_ESN,NARMA5_Chaotic,7.014234548571098,41.57074586116053,5.926626144777138,0.1,1e-08,6,,0,2025,2031,11,cold_start,150.0,1.25,0.2
Classical_ESN,NARMA5_Chaotic,3.042797964986137,8.230899923842038,2.7050431933227412,0.1,1e-08,8,,0,2025,2035,11,cold_start,150.0,1.25,0.2
Classical_ESN,NARMA5_Chaotic,2.419849203843249,2.346916744968522,0.9698607422483624,0.1,1e-08,10,,0,2025,2026,11,cold_start,150.0,1.25,0.2
Classical_ESN,NARMA5_Chaotic,0.18831197233647526,2.0150677732041564,10.7006885871475,0.3,1e-08,1,,0,2025,2032,11,cold_start,150.0,1.25,0.2
Classical_ESN,NARMA5_Chaotic,0.6239565504167228,4.521050275736791,7.2457774066436365,0.3,1e-08,2,,0,2025,2031,11,cold_start,150.0,1.25,0.2
Classical_ESN,NARMA5_Chaotic,0.07039598142213942,16.782279684811925,238.39826288058435,0.3,1e-08,4,,0,2025,2034,11,cold_start,150.0,1.25,0.2
Classical_ESN,NARMA5_Chaotic,0.277810028160385,1.455366454980673,5.238711016365695,0.3,1e-08,6,,0,2025,2031,11,cold_start,150.0,1.25,0.2
Classical_ESN,NARMA5_Chaotic,0.3465760467093087,4.463884420893618,12.879956544249318,0.3,1e-08,8,,0,2025,2030,11,cold_start,150.0,1.25,0.2
Classical_ESN,NARMA5_Chaotic,0.16179628516392625,0.3138830162264034,1.9399890171049867,0.3,1e-08,10,,0,2025,2030,11,cold_start,150.0,1.25,0.2
Classical_ESN,NARMA5_Chaotic,0.09014221137290085,0.09365077226469927,1.0389225074286694,0.5,1e-08,1,,0,2025,2032,11,cold_start,150.0,1.25,0.2
Classical_ESN,NARMA5_Chaotic,0.1772899192058996,10.785431418271054,60.83499539387321,0.5,1e-08,2,,0,2025,2033,11,cold_start,150.0,1.25,0.2
Classical_ESN,NARMA5_Chaotic,0.03155664301816124,2.238593728079915,70.93890585229794,0.5,1e-08,4,,0,2025,2032,11,cold_start,150.0,1.25,0.2
Classical_ESN,NARMA5_Chaotic,0.07693982582953009,0.6786179325469425,8.820112668964267,0.5,1e-08,6,,0,2025,2031,11,cold_start,150.0,1.25,0.2
Classical_ESN,NARMA5_Chaotic,0.06452090377425841,0.34930535382479805,5.413832314670066,0.5,1e-08,8,,0,2025,2028,11,cold_start,150.0,1.25,0.2
Classical_ESN,NARMA5_Chaotic,0.05029414677155831,0.1784026112773954,3.5471843689429745,0.5,1e-08,10,,0,2025,2029,11,cold_start,150.0,1.25,0.2
Classical_ESN,NARMA5_Chaotic,0.01717313835134436,0.04792461431382837,2.790673046087508,0.7,1e-08,1,,0,2025,2033,11,cold_start,150.0,1.25,0.2
Classical_ESN,NARMA5_Chaotic,0.024592378508407495,2.0334073605589,82.68445282198836,0.7,1e-08,2,,0,2025,2031,11,cold_start,150.0,1.25,0.2
Classical_ESN,NARMA5_Chaotic,0.020824348103786007,0.5288902968712115,25.397688044556634,0.7,1e-08,4,,0,2025,2034,11,cold_start,150.0,1.25,0.2
Classical_ESN,NARMA5_Chaotic,0.043188400223673026,0.3581158099351822,8.291944320245666,0.7,1e-08,6,,0,2025,2030,11,cold_start,150.0,1.25,0.2
Classical_ESN,NARMA5_Chaotic,0.04244040963799167,0.2604194620325998,6.136120368628071,0.7,1e-08,8,,0,2025,2031,11,cold_start,150.0,1.25,0.2
Classical_ESN,NARMA5_Chaotic,0.02380949910612839,0.03517489912519846,1.4773472960691012,0.7,1e-08,10,,0,2025,2029,11,cold_start,150.0,1.25,0.2
Classical_ESN,NARMA5_Chaotic,0.017261411710189144,0.018735283686215493,1.0853853671282485,0.9,1e-08,1,,0,2025,2030,11,cold_start,150.0,1.25,0.2
Classical_ESN,NARMA5_Chaotic,0.019738673417167795,0.3050120760034873,15.452511400193782,0.9,1e-08,2,,0,2025,2033,11,cold_start,150.0,1.25,0.2
Classical_ESN,NARMA5_Chaotic,0.014567170614923323,0.14595990658868618,10.0197842427381,0.9,1e-08,4,,0,2025,2025,11,cold_start,150.0,1.25,0.2
Classical_ESN,NARMA5_Chaotic,0.015320832148124753,0.05367142398995966,3.503166373148273,0.9,1e-08,6,,0,2025,2026,11,cold_start,150.0,1.25,0.2
Classical_ESN,NARMA5_Chaotic,0.016645694621909065,0.017958647808233315,1.0788764431972782,0.9,1e-08,8,,0,2025,2035,11,cold_start,150.0,1.25,0.2
Classical_ESN,NARMA5_Chaotic,0.015187098909381965,0.004933740199751156,0.32486390120915687,0.9,1e-08,10,,0,2025,2025,11,cold_start,150.0,1.25,0.2
